{
    "a_galaxy_workflow": "true",
    "annotation": "",
    "format-version": "0.1",
    "name": "Bioinformatics Data Handling Assignment 2022 corrected",
    "steps": {
        "0": {
            "annotation": "",
            "content_id": null,
            "errors": null,
            "id": 0,
            "input_connections": {},
            "inputs": [
                {
                    "description": "",
                    "name": "annotation.bed"
                }
            ],
            "label": "annotation.bed",
            "name": "Input dataset",
            "outputs": [],
            "position": {
                "left": 10,
                "top": 10
            },
            "tool_id": null,
            "tool_state": "{\"optional\": false, \"tag\": null}",
            "tool_version": null,
            "type": "data_input",
            "uuid": "3d3bdbf0-898c-41c0-a1ef-269997c38dde",
            "when": null,
            "workflow_outputs": []
        },
        "1": {
            "annotation": "",
            "content_id": null,
            "errors": null,
            "id": 1,
            "input_connections": {},
            "inputs": [
                {
                    "description": "",
                    "name": "NGS0001.R1.fastq (3).qz"
                }
            ],
            "label": "NGS0001.R1.fastq (3).qz",
            "name": "Input dataset",
            "outputs": [],
            "position": {
                "left": 10,
                "top": 130
            },
            "tool_id": null,
            "tool_state": "{\"optional\": false, \"tag\": null}",
            "tool_version": null,
            "type": "data_input",
            "uuid": "b0f87896-1b95-47f1-9c78-93bbcdefefe5",
            "when": null,
            "workflow_outputs": []
        },
        "2": {
            "annotation": "",
            "content_id": null,
            "errors": null,
            "id": 2,
            "input_connections": {},
            "inputs": [
                {
                    "description": "",
                    "name": "NGS0001.R2.fastq.qz"
                }
            ],
            "label": "NGS0001.R2.fastq.qz",
            "name": "Input dataset",
            "outputs": [],
            "position": {
                "left": 10,
                "top": 250
            },
            "tool_id": null,
            "tool_state": "{\"optional\": false, \"tag\": null}",
            "tool_version": null,
            "type": "data_input",
            "uuid": "35e5c2fe-62cf-4ad9-ac91-9f7299904451",
            "when": null,
            "workflow_outputs": []
        },
        "3": {
            "annotation": "",
            "content_id": "toolshed.g2.bx.psu.edu/repos/devteam/fastqc/fastqc/0.73+galaxy0",
            "errors": null,
            "id": 3,
            "input_connections": {
                "input_file": {
                    "id": 1,
                    "output_name": "output"
                }
            },
            "inputs": [],
            "label": null,
            "name": "FastQC",
            "outputs": [
                {
                    "name": "html_file",
                    "type": "html"
                },
                {
                    "name": "text_file",
                    "type": "txt"
                }
            ],
            "position": {
                "left": 230,
                "top": 10
            },
            "post_job_actions": {},
            "tool_id": "toolshed.g2.bx.psu.edu/repos/devteam/fastqc/fastqc/0.73+galaxy0",
            "tool_shed_repository": {
                "changeset_revision": "3d0c7bdf12f5",
                "name": "fastqc",
                "owner": "devteam",
                "tool_shed": "toolshed.g2.bx.psu.edu"
            },
            "tool_state": "{\"__input_ext\": \"fastqsanger\", \"adapters\": null, \"chromInfo\": \"/cvmfs/data.galaxyproject.org/managed/len/ucsc/hg19.len\", \"contaminants\": null, \"input_file\": null, \"kmers\": \"7\", \"limits\": null, \"min_length\": null, \"nogroup\": false, \"__page__\": null, \"__rerun_remap_job_id__\": null}",
            "tool_version": "0.73+galaxy0",
            "type": "tool",
            "uuid": "4a86d943-bbd2-4f51-beb6-94c22d145e4b",
            "when": null,
            "workflow_outputs": []
        },
        "4": {
            "annotation": "",
            "content_id": "toolshed.g2.bx.psu.edu/repos/devteam/fastqc/fastqc/0.73+galaxy0",
            "errors": null,
            "id": 4,
            "input_connections": {
                "input_file": {
                    "id": 2,
                    "output_name": "output"
                }
            },
            "inputs": [],
            "label": null,
            "name": "FastQC",
            "outputs": [
                {
                    "name": "html_file",
                    "type": "html"
                },
                {
                    "name": "text_file",
                    "type": "txt"
                }
            ],
            "position": {
                "left": 230,
                "top": 130
            },
            "post_job_actions": {},
            "tool_id": "toolshed.g2.bx.psu.edu/repos/devteam/fastqc/fastqc/0.73+galaxy0",
            "tool_shed_repository": {
                "changeset_revision": "3d0c7bdf12f5",
                "name": "fastqc",
                "owner": "devteam",
                "tool_shed": "toolshed.g2.bx.psu.edu"
            },
            "tool_state": "{\"__input_ext\": \"fastqsanger\", \"adapters\": null, \"chromInfo\": \"/cvmfs/data.galaxyproject.org/managed/len/ucsc/hg19.len\", \"contaminants\": null, \"input_file\": null, \"kmers\": \"7\", \"limits\": null, \"min_length\": null, \"nogroup\": false, \"__page__\": null, \"__rerun_remap_job_id__\": null}",
            "tool_version": "0.73+galaxy0",
            "type": "tool",
            "uuid": "fdd1ca48-0d25-4e21-96c0-66eb0177bbbc",
            "when": null,
            "workflow_outputs": []
        },
        "5": {
            "annotation": "",
            "content_id": "toolshed.g2.bx.psu.edu/repos/pjbriggs/trimmomatic/trimmomatic/0.38.0",
            "errors": null,
            "id": 5,
            "input_connections": {
                "readtype|fastq_r1_in": {
                    "id": 1,
                    "output_name": "output"
                },
                "readtype|fastq_r2_in": {
                    "id": 2,
                    "output_name": "output"
                }
            },
            "inputs": [],
            "label": null,
            "name": "Trimmomatic",
            "outputs": [
                {
                    "name": "fastq_out_r1_paired",
                    "type": "input"
                },
                {
                    "name": "fastq_out_r2_paired",
                    "type": "input"
                },
                {
                    "name": "fastq_out_r1_unpaired",
                    "type": "input"
                },
                {
                    "name": "fastq_out_r2_unpaired",
                    "type": "input"
                }
            ],
            "position": {
                "left": 230,
                "top": 250
            },
            "post_job_actions": {},
            "tool_id": "toolshed.g2.bx.psu.edu/repos/pjbriggs/trimmomatic/trimmomatic/0.38.0",
            "tool_shed_repository": {
                "changeset_revision": "898b67846b47",
                "name": "trimmomatic",
                "owner": "pjbriggs",
                "tool_shed": "toolshed.g2.bx.psu.edu"
            },
            "tool_state": "{\"__input_ext\": \"fastqsanger\", \"chromInfo\": \"/cvmfs/data.galaxyproject.org/managed/len/ucsc/hg19.len\", \"illuminaclip\": {\"do_illuminaclip\": true, \"__current_case__\": 0, \"adapter_type\": {\"standard_or_custom\": \"standard\", \"__current_case__\": 0, \"adapter_fasta\": \"NexteraPE-PE.fa\"}, \"seed_mismatches\": \"2\", \"palindrome_clip_threshold\": \"30\", \"simple_clip_threshold\": \"10\", \"min_adapter_len\": \"8\", \"keep_both_reads\": true}, \"operations\": [{\"__index__\": 0, \"operation\": {\"name\": \"SLIDINGWINDOW\", \"__current_case__\": 0, \"window_size\": \"4\", \"required_quality\": \"20\"}}, {\"__index__\": 1, \"operation\": {\"name\": \"MINLEN\", \"__current_case__\": 1, \"minlen\": \"50\"}}], \"output_err\": false, \"output_logs\": false, \"readtype\": {\"single_or_paired\": \"pair_of_files\", \"__current_case__\": 1, \"fastq_r1_in\": null, \"fastq_r2_in\": null}, \"__page__\": null, \"__rerun_remap_job_id__\": null}",
            "tool_version": "0.38.0",
            "type": "tool",
            "uuid": "0302523c-c1bb-41f0-bd3e-775353a377d3",
            "when": null,
            "workflow_outputs": []
        },
        "6": {
            "annotation": "",
            "content_id": "toolshed.g2.bx.psu.edu/repos/devteam/fastqc/fastqc/0.73+galaxy0",
            "errors": null,
            "id": 6,
            "input_connections": {
                "input_file": {
                    "id": 5,
                    "output_name": "fastq_out_r1_paired"
                }
            },
            "inputs": [],
            "label": null,
            "name": "FastQC",
            "outputs": [
                {
                    "name": "html_file",
                    "type": "html"
                },
                {
                    "name": "text_file",
                    "type": "txt"
                }
            ],
            "position": {
                "left": 450,
                "top": 10
            },
            "post_job_actions": {},
            "tool_id": "toolshed.g2.bx.psu.edu/repos/devteam/fastqc/fastqc/0.73+galaxy0",
            "tool_shed_repository": {
                "changeset_revision": "3d0c7bdf12f5",
                "name": "fastqc",
                "owner": "devteam",
                "tool_shed": "toolshed.g2.bx.psu.edu"
            },
            "tool_state": "{\"__input_ext\": \"fastqsanger\", \"adapters\": null, \"chromInfo\": \"/cvmfs/data.galaxyproject.org/managed/len/ucsc/hg19.len\", \"contaminants\": null, \"input_file\": null, \"kmers\": \"7\", \"limits\": null, \"min_length\": null, \"nogroup\": false, \"__page__\": null, \"__rerun_remap_job_id__\": null}",
            "tool_version": "0.73+galaxy0",
            "type": "tool",
            "uuid": "b7266ac2-d76e-469d-ad1b-dc14e3dbdfc2",
            "when": null,
            "workflow_outputs": []
        },
        "7": {
            "annotation": "",
            "content_id": "toolshed.g2.bx.psu.edu/repos/devteam/fastqc/fastqc/0.73+galaxy0",
            "errors": null,
            "id": 7,
            "input_connections": {
                "input_file": {
                    "id": 5,
                    "output_name": "fastq_out_r2_paired"
                }
            },
            "inputs": [],
            "label": null,
            "name": "FastQC",
            "outputs": [
                {
                    "name": "html_file",
                    "type": "html"
                },
                {
                    "name": "text_file",
                    "type": "txt"
                }
            ],
            "position": {
                "left": 450,
                "top": 130
            },
            "post_job_actions": {},
            "tool_id": "toolshed.g2.bx.psu.edu/repos/devteam/fastqc/fastqc/0.73+galaxy0",
            "tool_shed_repository": {
                "changeset_revision": "3d0c7bdf12f5",
                "name": "fastqc",
                "owner": "devteam",
                "tool_shed": "toolshed.g2.bx.psu.edu"
            },
            "tool_state": "{\"__input_ext\": \"fastqsanger\", \"adapters\": null, \"chromInfo\": \"/cvmfs/data.galaxyproject.org/managed/len/ucsc/hg19.len\", \"contaminants\": null, \"input_file\": null, \"kmers\": \"7\", \"limits\": null, \"min_length\": null, \"nogroup\": false, \"__page__\": null, \"__rerun_remap_job_id__\": null}",
            "tool_version": "0.73+galaxy0",
            "type": "tool",
            "uuid": "adff9888-ee13-41ab-b4bf-fe1102405f03",
            "when": null,
            "workflow_outputs": []
        },
        "8": {
            "annotation": "",
            "content_id": "toolshed.g2.bx.psu.edu/repos/devteam/bwa/bwa_mem/0.7.17.2",
            "errors": null,
            "id": 8,
            "input_connections": {
                "fastq_input|fastq_input1": {
                    "id": 5,
                    "output_name": "fastq_out_r1_paired"
                },
                "fastq_input|fastq_input2": {
                    "id": 5,
                    "output_name": "fastq_out_r2_paired"
                }
            },
            "inputs": [],
            "label": null,
            "name": "Map with BWA-MEM",
            "outputs": [
                {
                    "name": "bam_output",
                    "type": "bam"
                }
            ],
            "position": {
                "left": 450,
                "top": 250
            },
            "post_job_actions": {},
            "tool_id": "toolshed.g2.bx.psu.edu/repos/devteam/bwa/bwa_mem/0.7.17.2",
            "tool_shed_repository": {
                "changeset_revision": "64f11cf59c6e",
                "name": "bwa",
                "owner": "devteam",
                "tool_shed": "toolshed.g2.bx.psu.edu"
            },
            "tool_state": "{\"__input_ext\": \"fastqsanger\", \"analysis_type\": {\"analysis_type_selector\": \"illumina\", \"__current_case__\": 0}, \"chromInfo\": \"/cvmfs/data.galaxyproject.org/managed/len/ucsc/hg19.len\", \"fastq_input\": {\"fastq_input_selector\": \"paired\", \"__current_case__\": 0, \"fastq_input1\": null, \"fastq_input2\": null, \"iset_stats\": \"250,50\"}, \"output_sort\": \"coordinate\", \"reference_source\": {\"reference_source_selector\": \"cached\", \"__current_case__\": 0, \"ref_file\": \"hg19\"}, \"rg\": {\"rg_selector\": \"set\", \"__current_case__\": 1, \"read_group_id_conditional\": {\"do_auto_name\": false, \"__current_case__\": 1, \"ID\": \"11V6WR1.111.D1375ACXX.1.WES01\"}, \"read_group_sm_conditional\": {\"do_auto_name\": false, \"__current_case__\": 1, \"SM\": \"WES01\"}, \"PL\": \"ILLUMINA\", \"read_group_lb_conditional\": {\"do_auto_name\": false, \"__current_case__\": 1, \"LB\": \"nextera-wes01-blood\"}, \"CN\": \"\", \"DS\": \"\", \"DT\": \"2022-12-20\", \"FO\": \"\", \"KS\": \"\", \"PG\": \"\", \"PI\": null, \"PU\": \"11V6WR1\"}, \"__page__\": null, \"__rerun_remap_job_id__\": null}",
            "tool_version": "0.7.17.2",
            "type": "tool",
            "uuid": "26799b24-58fa-46db-937a-071624cc6b21",
            "when": null,
            "workflow_outputs": []
        },
        "9": {
            "annotation": "",
            "content_id": "toolshed.g2.bx.psu.edu/repos/devteam/bwa/bwa_mem/0.7.17.2",
            "errors": null,
            "id": 9,
            "input_connections": {
                "fastq_input|fastq_input1": {
                    "id": 5,
                    "output_name": "fastq_out_r1_paired"
                },
                "fastq_input|fastq_input2": {
                    "id": 5,
                    "output_name": "fastq_out_r2_paired"
                }
            },
            "inputs": [],
            "label": null,
            "name": "Map with BWA-MEM",
            "outputs": [
                {
                    "name": "bam_output",
                    "type": "bam"
                }
            ],
            "position": {
                "left": 450,
                "top": 370
            },
            "post_job_actions": {},
            "tool_id": "toolshed.g2.bx.psu.edu/repos/devteam/bwa/bwa_mem/0.7.17.2",
            "tool_shed_repository": {
                "changeset_revision": "64f11cf59c6e",
                "name": "bwa",
                "owner": "devteam",
                "tool_shed": "toolshed.g2.bx.psu.edu"
            },
            "tool_state": "{\"__input_ext\": \"fastqsanger\", \"analysis_type\": {\"analysis_type_selector\": \"illumina\", \"__current_case__\": 0}, \"chromInfo\": \"/cvmfs/data.galaxyproject.org/managed/len/ucsc/hg19.len\", \"fastq_input\": {\"fastq_input_selector\": \"paired\", \"__current_case__\": 0, \"fastq_input1\": null, \"fastq_input2\": null, \"iset_stats\": \"250,50\"}, \"output_sort\": \"coordinate\", \"reference_source\": {\"reference_source_selector\": \"cached\", \"__current_case__\": 0, \"ref_file\": \"hg19\"}, \"rg\": {\"rg_selector\": \"set\", \"__current_case__\": 1, \"read_group_id_conditional\": {\"do_auto_name\": false, \"__current_case__\": 1, \"ID\": \"11V6WR1.111.D1375ACXX.1.NGS0001\"}, \"read_group_sm_conditional\": {\"do_auto_name\": false, \"__current_case__\": 1, \"SM\": \"NGS0001\"}, \"PL\": \"ILLUMINA\", \"read_group_lb_conditional\": {\"do_auto_name\": false, \"__current_case__\": 1, \"LB\": \"nextera-NGS0001-blood\"}, \"CN\": \"\", \"DS\": \"\", \"DT\": \"2022-12-20\", \"FO\": \"\", \"KS\": \"\", \"PG\": \"\", \"PI\": null, \"PU\": \"11V6WR1\"}, \"__page__\": null, \"__rerun_remap_job_id__\": null}",
            "tool_version": "0.7.17.2",
            "type": "tool",
            "uuid": "7414ce5d-1030-49dd-a949-4e417e4e6417",
            "when": null,
            "workflow_outputs": []
        },
        "10": {
            "annotation": "",
            "content_id": "toolshed.g2.bx.psu.edu/repos/devteam/picard/picard_MarkDuplicatesWithMateCigar/2.18.2.2",
            "errors": null,
            "id": 10,
            "input_connections": {
                "inputFile": {
                    "id": 8,
                    "output_name": "bam_output"
                }
            },
            "inputs": [],
            "label": null,
            "name": "MarkDuplicatesWithMateCigar",
            "outputs": [
                {
                    "name": "metrics_file",
                    "type": "txt"
                },
                {
                    "name": "outFile",
                    "type": "bam"
                }
            ],
            "position": {
                "left": 670,
                "top": 10
            },
            "post_job_actions": {},
            "tool_id": "toolshed.g2.bx.psu.edu/repos/devteam/picard/picard_MarkDuplicatesWithMateCigar/2.18.2.2",
            "tool_shed_repository": {
                "changeset_revision": "b502c227b5e6",
                "name": "picard",
                "owner": "devteam",
                "tool_shed": "toolshed.g2.bx.psu.edu"
            },
            "tool_state": "{\"__input_ext\": \"bam\", \"assume_sorted\": true, \"chromInfo\": \"/cvmfs/data.galaxyproject.org/managed/len/ucsc/hg19.len\", \"comment\": \"\", \"duplicate_scoring_strategy\": \"TOTAL_MAPPED_REFERENCE_LENGTH\", \"inputFile\": null, \"minimum_distance\": \"-1\", \"optical_duplicate_pixel_distance\": \"100\", \"read_name_regex\": \"[a-zA-Z0-9]+:[0-9]:([0-9]+):([0-9]+):([0-9]+).*.\", \"remove_duplicates\": false, \"skip_pairs_with_no_mate_cigar\": true, \"validation_stringency\": \"LENIENT\", \"__page__\": null, \"__rerun_remap_job_id__\": null}",
            "tool_version": "2.18.2.2",
            "type": "tool",
            "uuid": "21ca2bdc-ae47-4261-80fb-782a7062a93d",
            "when": null,
            "workflow_outputs": []
        },
        "11": {
            "annotation": "",
            "content_id": "toolshed.g2.bx.psu.edu/repos/devteam/picard/picard_MarkDuplicatesWithMateCigar/1.136.0",
            "errors": null,
            "id": 11,
            "input_connections": {
                "inputFile": {
                    "id": 9,
                    "output_name": "bam_output"
                }
            },
            "inputs": [],
            "label": null,
            "name": "MarkDuplicatesWithMateCigar",
            "outputs": [
                {
                    "name": "metrics_file",
                    "type": "txt"
                },
                {
                    "name": "outFile",
                    "type": "bam"
                }
            ],
            "position": {
                "left": 670,
                "top": 130
            },
            "post_job_actions": {},
            "tool_id": "toolshed.g2.bx.psu.edu/repos/devteam/picard/picard_MarkDuplicatesWithMateCigar/1.136.0",
            "tool_shed_repository": {
                "changeset_revision": "efc56ee1ade4",
                "name": "picard",
                "owner": "devteam",
                "tool_shed": "toolshed.g2.bx.psu.edu"
            },
            "tool_state": "{\"__input_ext\": \"bam\", \"assume_sorted\": true, \"chromInfo\": \"/cvmfs/data.galaxyproject.org/managed/len/ucsc/hg19.len\", \"comment\": \"\", \"duplicate_scoring_strategy\": \"TOTAL_MAPPED_REFERENCE_LENGTH\", \"inputFile\": null, \"minimum_distance\": \"-1\", \"optical_duplicate_pixel_distance\": \"100\", \"read_name_regex\": \"[a-zA-Z0-9]+:[0-9]:([0-9]+):([0-9]+):([0-9]+).*.\", \"remove_duplicates\": false, \"skip_pairs_with_no_mate_cigar\": true, \"validation_stringency\": \"LENIENT\", \"__page__\": null, \"__rerun_remap_job_id__\": null}",
            "tool_version": "1.136.0",
            "type": "tool",
            "uuid": "6a9f2ddb-7334-4d92-a875-ed6ca4334692",
            "when": null,
            "workflow_outputs": []
        },
        "12": {
            "annotation": "",
            "content_id": "toolshed.g2.bx.psu.edu/repos/devteam/samtool_filter2/samtool_filter2/1.8+galaxy1",
            "errors": null,
            "id": 12,
            "input_connections": {
                "input1": {
                    "id": 10,
                    "output_name": "outFile"
                }
            },
            "inputs": [],
            "label": null,
            "name": "Filter SAM or BAM, output SAM or BAM",
            "outputs": [
                {
                    "name": "output1",
                    "type": "sam"
                }
            ],
            "position": {
                "left": 890,
                "top": 10
            },
            "post_job_actions": {},
            "tool_id": "toolshed.g2.bx.psu.edu/repos/devteam/samtool_filter2/samtool_filter2/1.8+galaxy1",
            "tool_shed_repository": {
                "changeset_revision": "649a225999a5",
                "name": "samtool_filter2",
                "owner": "devteam",
                "tool_shed": "toolshed.g2.bx.psu.edu"
            },
            "tool_state": "{\"__input_ext\": \"bam\", \"bed_file\": null, \"chromInfo\": \"/cvmfs/data.galaxyproject.org/managed/len/ucsc/hg19.len\", \"flag\": {\"filter\": \"yes\", \"__current_case__\": 1, \"reqBits\": null, \"skipBits\": [\"0x0004\", \"0x0100\", \"0x0200\", \"0x0400\"]}, \"header\": \"-h\", \"input1\": null, \"library\": \"\", \"mapq\": \"20\", \"outputtype\": \"bam\", \"possibly_select_inverse\": false, \"read_group\": \"\", \"regions\": \"\", \"__page__\": null, \"__rerun_remap_job_id__\": null}",
            "tool_version": "1.8+galaxy1",
            "type": "tool",
            "uuid": "c5f57d1b-a40b-422c-9621-11598799e3a9",
            "when": null,
            "workflow_outputs": []
        },
        "13": {
            "annotation": "",
            "content_id": "toolshed.g2.bx.psu.edu/repos/devteam/samtools_flagstat/samtools_flagstat/2.0.4",
            "errors": null,
            "id": 13,
            "input_connections": {
                "input1": {
                    "id": 10,
                    "output_name": "outFile"
                }
            },
            "inputs": [],
            "label": null,
            "name": "Samtools flagstat",
            "outputs": [
                {
                    "name": "output1",
                    "type": "txt"
                }
            ],
            "position": {
                "left": 890,
                "top": 130
            },
            "post_job_actions": {},
            "tool_id": "toolshed.g2.bx.psu.edu/repos/devteam/samtools_flagstat/samtools_flagstat/2.0.4",
            "tool_shed_repository": {
                "changeset_revision": "fe34990e5ce7",
                "name": "samtools_flagstat",
                "owner": "devteam",
                "tool_shed": "toolshed.g2.bx.psu.edu"
            },
            "tool_state": "{\"__input_ext\": \"input\", \"chromInfo\": \"/cvmfs/data.galaxyproject.org/managed/len/ucsc/hg19.len\", \"input1\": null, \"output_fmt\": \"txt\", \"__page__\": null, \"__rerun_remap_job_id__\": null}",
            "tool_version": "2.0.4",
            "type": "tool",
            "uuid": "1c1bbcb2-27a3-43b2-9483-6457aea97530",
            "when": null,
            "workflow_outputs": []
        },
        "14": {
            "annotation": "",
            "content_id": "toolshed.g2.bx.psu.edu/repos/devteam/samtool_filter2/samtool_filter2/1.8+galaxy1",
            "errors": null,
            "id": 14,
            "input_connections": {
                "input1": {
                    "id": 11,
                    "output_name": "outFile"
                }
            },
            "inputs": [],
            "label": null,
            "name": "Filter SAM or BAM, output SAM or BAM",
            "outputs": [
                {
                    "name": "output1",
                    "type": "sam"
                }
            ],
            "position": {
                "left": 890,
                "top": 250
            },
            "post_job_actions": {},
            "tool_id": "toolshed.g2.bx.psu.edu/repos/devteam/samtool_filter2/samtool_filter2/1.8+galaxy1",
            "tool_shed_repository": {
                "changeset_revision": "649a225999a5",
                "name": "samtool_filter2",
                "owner": "devteam",
                "tool_shed": "toolshed.g2.bx.psu.edu"
            },
            "tool_state": "{\"__input_ext\": \"bam\", \"bed_file\": null, \"chromInfo\": \"/cvmfs/data.galaxyproject.org/managed/len/ucsc/hg19.len\", \"flag\": {\"filter\": \"yes\", \"__current_case__\": 1, \"reqBits\": null, \"skipBits\": [\"0x0004\", \"0x0100\", \"0x0200\", \"0x0400\"]}, \"header\": \"-h\", \"input1\": null, \"library\": \"\", \"mapq\": \"20\", \"outputtype\": \"bam\", \"possibly_select_inverse\": false, \"read_group\": \"\", \"regions\": \"\", \"__page__\": null, \"__rerun_remap_job_id__\": null}",
            "tool_version": "1.8+galaxy1",
            "type": "tool",
            "uuid": "e52a2b64-81a3-4fad-ba74-0dcdc6519fb5",
            "when": null,
            "workflow_outputs": []
        },
        "15": {
            "annotation": "",
            "content_id": "toolshed.g2.bx.psu.edu/repos/devteam/samtools_flagstat/samtools_flagstat/2.0.4",
            "errors": null,
            "id": 15,
            "input_connections": {
                "input1": {
                    "id": 11,
                    "output_name": "outFile"
                }
            },
            "inputs": [],
            "label": null,
            "name": "Samtools flagstat",
            "outputs": [
                {
                    "name": "output1",
                    "type": "txt"
                }
            ],
            "position": {
                "left": 890,
                "top": 370
            },
            "post_job_actions": {},
            "tool_id": "toolshed.g2.bx.psu.edu/repos/devteam/samtools_flagstat/samtools_flagstat/2.0.4",
            "tool_shed_repository": {
                "changeset_revision": "fe34990e5ce7",
                "name": "samtools_flagstat",
                "owner": "devteam",
                "tool_shed": "toolshed.g2.bx.psu.edu"
            },
            "tool_state": "{\"__input_ext\": \"input\", \"chromInfo\": \"/cvmfs/data.galaxyproject.org/managed/len/ucsc/hg19.len\", \"input1\": null, \"output_fmt\": \"txt\", \"__page__\": null, \"__rerun_remap_job_id__\": null}",
            "tool_version": "2.0.4",
            "type": "tool",
            "uuid": "8a48f070-4619-46ac-8889-a96ef7b311cb",
            "when": null,
            "workflow_outputs": []
        },
        "16": {
            "annotation": "",
            "content_id": "toolshed.g2.bx.psu.edu/repos/devteam/samtools_flagstat/samtools_flagstat/2.0.4",
            "errors": null,
            "id": 16,
            "input_connections": {
                "input1": {
                    "id": 12,
                    "output_name": "output1"
                }
            },
            "inputs": [],
            "label": null,
            "name": "Samtools flagstat",
            "outputs": [
                {
                    "name": "output1",
                    "type": "txt"
                }
            ],
            "position": {
                "left": 1110,
                "top": 10
            },
            "post_job_actions": {},
            "tool_id": "toolshed.g2.bx.psu.edu/repos/devteam/samtools_flagstat/samtools_flagstat/2.0.4",
            "tool_shed_repository": {
                "changeset_revision": "fe34990e5ce7",
                "name": "samtools_flagstat",
                "owner": "devteam",
                "tool_shed": "toolshed.g2.bx.psu.edu"
            },
            "tool_state": "{\"__input_ext\": \"input\", \"chromInfo\": \"/cvmfs/data.galaxyproject.org/managed/len/ucsc/hg19.len\", \"input1\": null, \"output_fmt\": \"txt\", \"__page__\": null, \"__rerun_remap_job_id__\": null}",
            "tool_version": "2.0.4",
            "type": "tool",
            "uuid": "3a238f80-1637-49b7-aec6-e8673e678972",
            "when": null,
            "workflow_outputs": []
        },
        "17": {
            "annotation": "",
            "content_id": "toolshed.g2.bx.psu.edu/repos/devteam/bam_to_sam/bam_to_sam/2.0.2",
            "errors": null,
            "id": 17,
            "input_connections": {
                "input1": {
                    "id": 12,
                    "output_name": "output1"
                }
            },
            "inputs": [],
            "label": null,
            "name": "BAM-to-SAM",
            "outputs": [
                {
                    "name": "output1",
                    "type": "sam"
                }
            ],
            "position": {
                "left": 1110,
                "top": 130
            },
            "post_job_actions": {},
            "tool_id": "toolshed.g2.bx.psu.edu/repos/devteam/bam_to_sam/bam_to_sam/2.0.2",
            "tool_shed_repository": {
                "changeset_revision": "10184eaa85fc",
                "name": "bam_to_sam",
                "owner": "devteam",
                "tool_shed": "toolshed.g2.bx.psu.edu"
            },
            "tool_state": "{\"__input_ext\": \"input\", \"chromInfo\": \"/cvmfs/data.galaxyproject.org/managed/len/ucsc/hg19.len\", \"header\": \"-h\", \"input1\": null, \"__page__\": null, \"__rerun_remap_job_id__\": null}",
            "tool_version": "2.0.2",
            "type": "tool",
            "uuid": "2d3be899-663c-4d59-bfa4-5623060c8a4d",
            "when": null,
            "workflow_outputs": []
        },
        "18": {
            "annotation": "",
            "content_id": "toolshed.g2.bx.psu.edu/repos/devteam/samtools_idxstats/samtools_idxstats/2.0.4",
            "errors": null,
            "id": 18,
            "input_connections": {
                "input": {
                    "id": 12,
                    "output_name": "output1"
                }
            },
            "inputs": [],
            "label": null,
            "name": "Samtools idxstats",
            "outputs": [
                {
                    "name": "output",
                    "type": "tabular"
                }
            ],
            "position": {
                "left": 1110,
                "top": 250
            },
            "post_job_actions": {},
            "tool_id": "toolshed.g2.bx.psu.edu/repos/devteam/samtools_idxstats/samtools_idxstats/2.0.4",
            "tool_shed_repository": {
                "changeset_revision": "7def34e6cf4d",
                "name": "samtools_idxstats",
                "owner": "devteam",
                "tool_shed": "toolshed.g2.bx.psu.edu"
            },
            "tool_state": "{\"__input_ext\": \"input\", \"chromInfo\": \"/cvmfs/data.galaxyproject.org/managed/len/ucsc/hg19.len\", \"input\": null, \"__page__\": null, \"__rerun_remap_job_id__\": null}",
            "tool_version": "2.0.4",
            "type": "tool",
            "uuid": "542f62a9-13a8-45be-a560-64db3fb3dc68",
            "when": null,
            "workflow_outputs": []
        },
        "19": {
            "annotation": "",
            "content_id": "toolshed.g2.bx.psu.edu/repos/devteam/picard/picard_CollectInsertSizeMetrics/2.18.2.1",
            "errors": null,
            "id": 19,
            "input_connections": {
                "inputFile": {
                    "id": 12,
                    "output_name": "output1"
                }
            },
            "inputs": [],
            "label": null,
            "name": "CollectInsertSizeMetrics",
            "outputs": [
                {
                    "name": "outFile",
                    "type": "tabular"
                },
                {
                    "name": "histFile",
                    "type": "pdf"
                }
            ],
            "position": {
                "left": 1110,
                "top": 370
            },
            "post_job_actions": {},
            "tool_id": "toolshed.g2.bx.psu.edu/repos/devteam/picard/picard_CollectInsertSizeMetrics/2.18.2.1",
            "tool_shed_repository": {
                "changeset_revision": "a1f0b3f4b781",
                "name": "picard",
                "owner": "devteam",
                "tool_shed": "toolshed.g2.bx.psu.edu"
            },
            "tool_state": "{\"__input_ext\": \"bam\", \"assume_sorted\": true, \"chromInfo\": \"/cvmfs/data.galaxyproject.org/managed/len/ucsc/hg19.len\", \"deviations\": \"10.0\", \"hist_width\": null, \"inputFile\": null, \"metric_accumulation_level\": [\"ALL_READS\"], \"min_pct\": \"0.05\", \"reference_source\": {\"reference_source_selector\": \"cached\", \"__current_case__\": 0, \"ref_file\": \"hg19\"}, \"validation_stringency\": \"LENIENT\", \"__page__\": null, \"__rerun_remap_job_id__\": null}",
            "tool_version": "2.18.2.1",
            "type": "tool",
            "uuid": "c220e30b-78fa-4f44-8c29-d2e352428c1b",
            "when": null,
            "workflow_outputs": []
        },
        "20": {
            "annotation": "",
            "content_id": "toolshed.g2.bx.psu.edu/repos/devteam/samtools_flagstat/samtools_flagstat/2.0.4",
            "errors": null,
            "id": 20,
            "input_connections": {
                "input1": {
                    "id": 14,
                    "output_name": "output1"
                }
            },
            "inputs": [],
            "label": null,
            "name": "Samtools flagstat",
            "outputs": [
                {
                    "name": "output1",
                    "type": "txt"
                }
            ],
            "position": {
                "left": 1110,
                "top": 490
            },
            "post_job_actions": {},
            "tool_id": "toolshed.g2.bx.psu.edu/repos/devteam/samtools_flagstat/samtools_flagstat/2.0.4",
            "tool_shed_repository": {
                "changeset_revision": "fe34990e5ce7",
                "name": "samtools_flagstat",
                "owner": "devteam",
                "tool_shed": "toolshed.g2.bx.psu.edu"
            },
            "tool_state": "{\"__input_ext\": \"input\", \"chromInfo\": \"/cvmfs/data.galaxyproject.org/managed/len/ucsc/hg19.len\", \"input1\": null, \"output_fmt\": \"txt\", \"__page__\": null, \"__rerun_remap_job_id__\": null}",
            "tool_version": "2.0.4",
            "type": "tool",
            "uuid": "6c59dde9-2694-4ac1-bd1c-4840b55eee2e",
            "when": null,
            "workflow_outputs": []
        },
        "21": {
            "annotation": "",
            "content_id": "toolshed.g2.bx.psu.edu/repos/devteam/bam_to_sam/bam_to_sam/2.0.2",
            "errors": null,
            "id": 21,
            "input_connections": {
                "input1": {
                    "id": 14,
                    "output_name": "output1"
                }
            },
            "inputs": [],
            "label": null,
            "name": "BAM-to-SAM",
            "outputs": [
                {
                    "name": "output1",
                    "type": "sam"
                }
            ],
            "position": {
                "left": 1110,
                "top": 610
            },
            "post_job_actions": {},
            "tool_id": "toolshed.g2.bx.psu.edu/repos/devteam/bam_to_sam/bam_to_sam/2.0.2",
            "tool_shed_repository": {
                "changeset_revision": "10184eaa85fc",
                "name": "bam_to_sam",
                "owner": "devteam",
                "tool_shed": "toolshed.g2.bx.psu.edu"
            },
            "tool_state": "{\"__input_ext\": \"input\", \"chromInfo\": \"/cvmfs/data.galaxyproject.org/managed/len/ucsc/hg19.len\", \"header\": \"-h\", \"input1\": null, \"__page__\": null, \"__rerun_remap_job_id__\": null}",
            "tool_version": "2.0.2",
            "type": "tool",
            "uuid": "2ded9f92-181e-4244-b8f7-614534d49fb0",
            "when": null,
            "workflow_outputs": []
        },
        "22": {
            "annotation": "",
            "content_id": "toolshed.g2.bx.psu.edu/repos/devteam/samtools_idxstats/samtools_idxstats/2.0.4",
            "errors": null,
            "id": 22,
            "input_connections": {
                "input": {
                    "id": 14,
                    "output_name": "output1"
                }
            },
            "inputs": [],
            "label": null,
            "name": "Samtools idxstats",
            "outputs": [
                {
                    "name": "output",
                    "type": "tabular"
                }
            ],
            "position": {
                "left": 1110,
                "top": 730
            },
            "post_job_actions": {},
            "tool_id": "toolshed.g2.bx.psu.edu/repos/devteam/samtools_idxstats/samtools_idxstats/2.0.4",
            "tool_shed_repository": {
                "changeset_revision": "7def34e6cf4d",
                "name": "samtools_idxstats",
                "owner": "devteam",
                "tool_shed": "toolshed.g2.bx.psu.edu"
            },
            "tool_state": "{\"__input_ext\": \"input\", \"chromInfo\": \"/cvmfs/data.galaxyproject.org/managed/len/ucsc/hg19.len\", \"input\": null, \"__page__\": null, \"__rerun_remap_job_id__\": null}",
            "tool_version": "2.0.4",
            "type": "tool",
            "uuid": "7aa867f8-748d-4cef-8ed0-da6b1992e794",
            "when": null,
            "workflow_outputs": []
        },
        "23": {
            "annotation": "",
            "content_id": "toolshed.g2.bx.psu.edu/repos/devteam/picard/picard_CollectInsertSizeMetrics/2.18.2.1",
            "errors": null,
            "id": 23,
            "input_connections": {
                "inputFile": {
                    "id": 14,
                    "output_name": "output1"
                }
            },
            "inputs": [],
            "label": null,
            "name": "CollectInsertSizeMetrics",
            "outputs": [
                {
                    "name": "outFile",
                    "type": "tabular"
                },
                {
                    "name": "histFile",
                    "type": "pdf"
                }
            ],
            "position": {
                "left": 1110,
                "top": 850
            },
            "post_job_actions": {},
            "tool_id": "toolshed.g2.bx.psu.edu/repos/devteam/picard/picard_CollectInsertSizeMetrics/2.18.2.1",
            "tool_shed_repository": {
                "changeset_revision": "a1f0b3f4b781",
                "name": "picard",
                "owner": "devteam",
                "tool_shed": "toolshed.g2.bx.psu.edu"
            },
            "tool_state": "{\"__input_ext\": \"bam\", \"assume_sorted\": true, \"chromInfo\": \"/cvmfs/data.galaxyproject.org/managed/len/ucsc/hg19.len\", \"deviations\": \"10.0\", \"hist_width\": null, \"inputFile\": null, \"metric_accumulation_level\": [\"ALL_READS\"], \"min_pct\": \"0.05\", \"reference_source\": {\"reference_source_selector\": \"cached\", \"__current_case__\": 0, \"ref_file\": \"hg19\"}, \"validation_stringency\": \"LENIENT\", \"__page__\": null, \"__rerun_remap_job_id__\": null}",
            "tool_version": "2.18.2.1",
            "type": "tool",
            "uuid": "fadfd6d0-9c71-4810-9a1a-da715d5328bf",
            "when": null,
            "workflow_outputs": []
        },
        "24": {
            "annotation": "",
            "content_id": "toolshed.g2.bx.psu.edu/repos/iuc/bedtools/bedtools_coveragebed/2.22.1",
            "errors": null,
            "id": 24,
            "input_connections": {
                "inputA": {
                    "id": 14,
                    "output_name": "output1"
                },
                "inputB": {
                    "id": 0,
                    "output_name": "output"
                }
            },
            "inputs": [],
            "label": null,
            "name": "Compute both the depth and breadth of coverage",
            "outputs": [
                {
                    "name": "output",
                    "type": "bed"
                }
            ],
            "position": {
                "left": 1110,
                "top": 970
            },
            "post_job_actions": {},
            "tool_id": "toolshed.g2.bx.psu.edu/repos/iuc/bedtools/bedtools_coveragebed/2.22.1",
            "tool_shed_repository": {
                "changeset_revision": "2cd7e321d259",
                "name": "bedtools",
                "owner": "iuc",
                "tool_shed": "toolshed.g2.bx.psu.edu"
            },
            "tool_state": "{\"__input_ext\": \"bam\", \"chromInfo\": \"/cvmfs/data.galaxyproject.org/managed/len/ucsc/hg19.len\", \"d\": true, \"hist\": false, \"inputA\": null, \"inputB\": null, \"split\": false, \"strandedness\": false, \"__page__\": null, \"__rerun_remap_job_id__\": null}",
            "tool_version": "2.22.1",
            "type": "tool",
            "uuid": "ca3ed572-0142-4be9-8f99-46ea4ef1cca7",
            "when": null,
            "workflow_outputs": []
        },
        "25": {
            "annotation": "",
            "content_id": "toolshed.g2.bx.psu.edu/repos/devteam/freebayes/freebayes/1.3.6+galaxy0",
            "errors": null,
            "id": 25,
            "input_connections": {
                "reference_source|batchmode|input_bams": {
                    "id": 14,
                    "output_name": "output1"
                }
            },
            "inputs": [],
            "label": null,
            "name": "FreeBayes",
            "outputs": [
                {
                    "name": "output_vcf",
                    "type": "vcf"
                }
            ],
            "position": {
                "left": 1110,
                "top": 1090
            },
            "post_job_actions": {},
            "tool_id": "toolshed.g2.bx.psu.edu/repos/devteam/freebayes/freebayes/1.3.6+galaxy0",
            "tool_shed_repository": {
                "changeset_revision": "a5937157062f",
                "name": "freebayes",
                "owner": "devteam",
                "tool_shed": "toolshed.g2.bx.psu.edu"
            },
            "tool_state": "{\"__input_ext\": \"bam\", \"chromInfo\": \"/cvmfs/data.galaxyproject.org/managed/len/ucsc/hg19.len\", \"coverage_options\": {\"coverage_options_selector\": \"do_not_set\", \"__current_case__\": 1}, \"options_type\": {\"options_type_selector\": \"simple\", \"__current_case__\": 1}, \"reference_source\": {\"reference_source_selector\": \"cached\", \"__current_case__\": 0, \"batchmode\": {\"processmode\": \"individual\", \"__current_case__\": 0, \"input_bams\": null}, \"ref_file\": \"hg19\"}, \"target_limit_type\": {\"target_limit_type_selector\": \"do_not_limit\", \"__current_case__\": 0}, \"__page__\": null, \"__rerun_remap_job_id__\": null}",
            "tool_version": "1.3.6+galaxy0",
            "type": "tool",
            "uuid": "070ac20c-5ed9-4519-8356-499b408828c3",
            "when": null,
            "workflow_outputs": []
        },
        "26": {
            "annotation": "",
            "content_id": "toolshed.g2.bx.psu.edu/repos/bgruening/text_processing/tp_sort_header_tool/1.1.1",
            "errors": null,
            "id": 26,
            "input_connections": {
                "infile": {
                    "id": 24,
                    "output_name": "output"
                }
            },
            "inputs": [],
            "label": null,
            "name": "Sort",
            "outputs": [
                {
                    "name": "outfile",
                    "type": "input"
                }
            ],
            "position": {
                "left": 1330,
                "top": 10
            },
            "post_job_actions": {},
            "tool_id": "toolshed.g2.bx.psu.edu/repos/bgruening/text_processing/tp_sort_header_tool/1.1.1",
            "tool_shed_repository": {
                "changeset_revision": "ddf54b12c295",
                "name": "text_processing",
                "owner": "bgruening",
                "tool_shed": "toolshed.g2.bx.psu.edu"
            },
            "tool_state": "{\"__input_ext\": \"bed\", \"chromInfo\": \"/cvmfs/data.galaxyproject.org/managed/len/ucsc/hg19.len\", \"header\": \"0\", \"ignore_case\": false, \"infile\": null, \"sortkeys\": [{\"__index__\": 0, \"column\": \"1\", \"order\": \"\", \"style\": \"n\"}, {\"__index__\": 1, \"column\": \"2\", \"order\": \"\", \"style\": \"n\"}, {\"__index__\": 2, \"column\": \"5\", \"order\": \"\", \"style\": \"n\"}], \"unique\": false, \"__page__\": null, \"__rerun_remap_job_id__\": null}",
            "tool_version": "1.1.1",
            "type": "tool",
            "uuid": "81655e48-56bd-45bc-84b1-4d3204d8f50c",
            "when": null,
            "workflow_outputs": []
        },
        "27": {
            "annotation": "",
            "content_id": "toolshed.g2.bx.psu.edu/repos/devteam/vcffilter/vcffilter2/1.0.0_rc3+galaxy3",
            "errors": null,
            "id": 27,
            "input_connections": {
                "input1": {
                    "id": 25,
                    "output_name": "output_vcf"
                }
            },
            "inputs": [],
            "label": null,
            "name": "VCFfilter:",
            "outputs": [
                {
                    "name": "out_file1",
                    "type": "vcf"
                }
            ],
            "position": {
                "left": 1330,
                "top": 130
            },
            "post_job_actions": {},
            "tool_id": "toolshed.g2.bx.psu.edu/repos/devteam/vcffilter/vcffilter2/1.0.0_rc3+galaxy3",
            "tool_shed_repository": {
                "changeset_revision": "fa24bf0598f4",
                "name": "vcffilter",
                "owner": "devteam",
                "tool_shed": "toolshed.g2.bx.psu.edu"
            },
            "tool_state": "{\"__input_ext\": \"vcf\", \"allele_tag\": false, \"append_filter\": false, \"chromInfo\": \"/cvmfs/data.galaxyproject.org/managed/len/ucsc/hg19.len\", \"filter_repeat\": [{\"__index__\": 0, \"filter_type\": \"-f\", \"filter_value\": \"DP > 10\"}], \"filter_sites\": false, \"input1\": null, \"invert\": false, \"or\": false, \"region\": \"\", \"tag_fail\": false, \"tag_pass\": false, \"__page__\": null, \"__rerun_remap_job_id__\": null}",
            "tool_version": "1.0.0_rc3+galaxy3",
            "type": "tool",
            "uuid": "fba1949b-14c1-440e-aec5-a2398b52f1ac",
            "when": null,
            "workflow_outputs": []
        },
        "28": {
            "annotation": "",
            "content_id": "Summary_Statistics1",
            "errors": null,
            "id": 28,
            "input_connections": {
                "input": {
                    "id": 26,
                    "output_name": "outfile"
                }
            },
            "inputs": [],
            "label": null,
            "name": "Summary Statistics",
            "outputs": [
                {
                    "name": "out_file1",
                    "type": "tabular"
                }
            ],
            "position": {
                "left": 1550,
                "top": 10
            },
            "post_job_actions": {},
            "tool_id": "Summary_Statistics1",
            "tool_state": "{\"__input_ext\": \"bed\", \"chromInfo\": \"/cvmfs/data.galaxyproject.org/managed/len/ucsc/hg19.len\", \"cond\": \"c6\", \"input\": null, \"__page__\": null, \"__rerun_remap_job_id__\": null}",
            "tool_version": "1.1.2",
            "type": "tool",
            "uuid": "b16d5932-7f12-4979-be08-5828625d17d6",
            "when": null,
            "workflow_outputs": []
        }
    },
    "tags": [],
    "uuid": "e2f861ca-9477-44f5-8014-6fff0c1607ab",
    "version": 0
}