{
    "a_galaxy_workflow": "true",
    "annotation": "",
    "format-version": "0.1",
    "name": "NrD Workflow: 3 rounds",
    "steps": {
        "0": {
            "annotation": "",
            "content_id": null,
            "errors": null,
            "id": 0,
            "input_connections": {},
            "inputs": [
                {
                    "description": "",
                    "name": "\"Input Dataset\""
                }
            ],
            "label": "\"Input Dataset\"",
            "name": "Input dataset",
            "outputs": [],
            "position": {
                "bottom": 72.59375,
                "height": 61,
                "left": -33.078125,
                "right": 166.921875,
                "top": 11.59375,
                "width": 200,
                "x": -33.078125,
                "y": 11.59375
            },
            "tool_id": null,
            "tool_state": "{\"optional\": false, \"tag\": null}",
            "tool_version": null,
            "type": "data_input",
            "uuid": "f8385740-7b98-4bca-8d75-d9822f3ec8fb",
            "when": null,
            "workflow_outputs": []
        },
        "1": {
            "annotation": "",
            "content_id": null,
            "errors": null,
            "id": 1,
            "input_connections": {},
            "inputs": [
                {
                    "description": "",
                    "name": "\"Input Dataset\""
                }
            ],
            "label": "\"Input Dataset\"",
            "name": "Input dataset",
            "outputs": [],
            "position": {
                "bottom": 69.671875,
                "height": 61,
                "left": -70.046875,
                "right": 129.953125,
                "top": 8.671875,
                "width": 200,
                "x": -70.046875,
                "y": 8.671875
            },
            "tool_id": null,
            "tool_state": "{\"optional\": false, \"tag\": null}",
            "tool_version": null,
            "type": "data_input",
            "uuid": "b80b3ead-d77a-4178-8ac2-0182a33df921",
            "when": null,
            "workflow_outputs": []
        },
        "2": {
            "annotation": "",
            "content_id": null,
            "errors": null,
            "id": 2,
            "input_connections": {},
            "inputs": [
                {
                    "description": "",
                    "name": "\"Input Dataset\""
                }
            ],
            "label": "\"Input Dataset\"",
            "name": "Input dataset",
            "outputs": [],
            "position": {
                "bottom": 65.65625,
                "height": 61,
                "left": -115.046875,
                "right": 84.953125,
                "top": 4.65625,
                "width": 200,
                "x": -115.046875,
                "y": 4.65625
            },
            "tool_id": null,
            "tool_state": "{\"optional\": false, \"tag\": null}",
            "tool_version": null,
            "type": "data_input",
            "uuid": "66900c6e-a57d-41cd-a812-7267b9b36216",
            "when": null,
            "workflow_outputs": []
        },
        "3": {
            "annotation": "",
            "content_id": "toolshed.g2.bx.psu.edu/repos/devteam/fasta_to_tabular/fasta2tab/1.1.0",
            "errors": null,
            "id": 3,
            "input_connections": {
                "input": {
                    "id": 0,
                    "output_name": "output"
                }
            },
            "inputs": [],
            "label": null,
            "name": "FASTA-to-Tabular",
            "outputs": [
                {
                    "name": "output",
                    "type": "tabular"
                }
            ],
            "position": {
                "bottom": 868.953125,
                "height": 92,
                "left": 341.109375,
                "right": 541.109375,
                "top": 776.953125,
                "width": 200,
                "x": 341.109375,
                "y": 776.953125
            },
            "post_job_actions": {
                "HideDatasetActionoutput": {
                    "action_arguments": {},
                    "action_type": "HideDatasetAction",
                    "output_name": "output"
                }
            },
            "tool_id": "toolshed.g2.bx.psu.edu/repos/devteam/fasta_to_tabular/fasta2tab/1.1.0",
            "tool_shed_repository": {
                "changeset_revision": "7e801ab2b70e",
                "name": "fasta_to_tabular",
                "owner": "devteam",
                "tool_shed": "toolshed.g2.bx.psu.edu"
            },
            "tool_state": "{\"descr_columns\": \"1\", \"input\": {\"__class__\": \"ConnectedValue\"}, \"keep_first\": \"0\", \"__page__\": null, \"__rerun_remap_job_id__\": null}",
            "tool_version": "1.1.0",
            "type": "tool",
            "uuid": "a486e82b-9db1-40e9-82e5-5c681258464b",
            "when": null,
            "workflow_outputs": []
        },
        "4": {
            "annotation": "",
            "content_id": "toolshed.g2.bx.psu.edu/repos/devteam/fasta_to_tabular/fasta2tab/1.1.0",
            "errors": null,
            "id": 4,
            "input_connections": {
                "input": {
                    "id": 1,
                    "output_name": "output"
                }
            },
            "inputs": [],
            "label": null,
            "name": "FASTA-to-Tabular",
            "outputs": [
                {
                    "name": "output",
                    "type": "tabular"
                }
            ],
            "position": {
                "bottom": 770.828125,
                "height": 92,
                "left": 341.859375,
                "right": 541.859375,
                "top": 678.828125,
                "width": 200,
                "x": 341.859375,
                "y": 678.828125
            },
            "post_job_actions": {
                "HideDatasetActionoutput": {
                    "action_arguments": {},
                    "action_type": "HideDatasetAction",
                    "output_name": "output"
                }
            },
            "tool_id": "toolshed.g2.bx.psu.edu/repos/devteam/fasta_to_tabular/fasta2tab/1.1.0",
            "tool_shed_repository": {
                "changeset_revision": "7e801ab2b70e",
                "name": "fasta_to_tabular",
                "owner": "devteam",
                "tool_shed": "toolshed.g2.bx.psu.edu"
            },
            "tool_state": "{\"descr_columns\": \"1\", \"input\": {\"__class__\": \"ConnectedValue\"}, \"keep_first\": \"0\", \"__page__\": null, \"__rerun_remap_job_id__\": null}",
            "tool_version": "1.1.0",
            "type": "tool",
            "uuid": "b456dde1-9273-425b-90fd-7dabbc15067a",
            "when": null,
            "workflow_outputs": []
        },
        "5": {
            "annotation": "",
            "content_id": "cat1",
            "errors": null,
            "id": 5,
            "input_connections": {
                "input1": {
                    "id": 2,
                    "output_name": "output"
                },
                "queries_0|input2": {
                    "id": 1,
                    "output_name": "output"
                },
                "queries_1|input2": {
                    "id": 0,
                    "output_name": "output"
                }
            },
            "inputs": [],
            "label": null,
            "name": "Concatenate datasets",
            "outputs": [
                {
                    "name": "out_file1",
                    "type": "input"
                }
            ],
            "position": {
                "bottom": 244.4375,
                "height": 172,
                "left": 332.203125,
                "right": 532.203125,
                "top": 72.4375,
                "width": 200,
                "x": 332.203125,
                "y": 72.4375
            },
            "post_job_actions": {
                "HideDatasetActionout_file1": {
                    "action_arguments": {},
                    "action_type": "HideDatasetAction",
                    "output_name": "out_file1"
                }
            },
            "tool_id": "cat1",
            "tool_state": "{\"input1\": {\"__class__\": \"ConnectedValue\"}, \"queries\": [{\"__index__\": 0, \"input2\": {\"__class__\": \"ConnectedValue\"}}, {\"__index__\": 1, \"input2\": {\"__class__\": \"ConnectedValue\"}}], \"__page__\": null, \"__rerun_remap_job_id__\": null}",
            "tool_version": "1.0.0",
            "type": "tool",
            "uuid": "833eb0c3-9a6d-49f9-bbc6-bd441fc61d2f",
            "when": null,
            "workflow_outputs": []
        },
        "6": {
            "annotation": "",
            "content_id": "toolshed.g2.bx.psu.edu/repos/devteam/fasta_to_tabular/fasta2tab/1.1.0",
            "errors": null,
            "id": 6,
            "input_connections": {
                "input": {
                    "id": 2,
                    "output_name": "output"
                }
            },
            "inputs": [],
            "label": null,
            "name": "FASTA-to-Tabular",
            "outputs": [
                {
                    "name": "output",
                    "type": "tabular"
                }
            ],
            "position": {
                "bottom": 671.703125,
                "height": 92,
                "left": 339.984375,
                "right": 539.984375,
                "top": 579.703125,
                "width": 200,
                "x": 339.984375,
                "y": 579.703125
            },
            "post_job_actions": {
                "HideDatasetActionoutput": {
                    "action_arguments": {},
                    "action_type": "HideDatasetAction",
                    "output_name": "output"
                }
            },
            "tool_id": "toolshed.g2.bx.psu.edu/repos/devteam/fasta_to_tabular/fasta2tab/1.1.0",
            "tool_shed_repository": {
                "changeset_revision": "7e801ab2b70e",
                "name": "fasta_to_tabular",
                "owner": "devteam",
                "tool_shed": "toolshed.g2.bx.psu.edu"
            },
            "tool_state": "{\"descr_columns\": \"1\", \"input\": {\"__class__\": \"ConnectedValue\"}, \"keep_first\": \"0\", \"__page__\": null, \"__rerun_remap_job_id__\": null}",
            "tool_version": "1.1.0",
            "type": "tool",
            "uuid": "815c5bda-9b22-4c53-92a7-f6b24529bbcf",
            "when": null,
            "workflow_outputs": []
        },
        "7": {
            "annotation": "",
            "content_id": "Convert characters1",
            "errors": null,
            "id": 7,
            "input_connections": {
                "input": {
                    "id": 3,
                    "output_name": "output"
                }
            },
            "inputs": [],
            "label": null,
            "name": "Convert",
            "outputs": [
                {
                    "name": "out_file1",
                    "type": "tabular"
                }
            ],
            "position": {
                "bottom": 878.75,
                "height": 92,
                "left": 544.578125,
                "right": 744.578125,
                "top": 786.75,
                "width": 200,
                "x": 544.578125,
                "y": 786.75
            },
            "post_job_actions": {
                "HideDatasetActionout_file1": {
                    "action_arguments": {},
                    "action_type": "HideDatasetAction",
                    "output_name": "out_file1"
                }
            },
            "tool_id": "Convert characters1",
            "tool_state": "{\"condense\": true, \"convert_from\": \"D\", \"input\": {\"__class__\": \"ConnectedValue\"}, \"strip\": true, \"__page__\": null, \"__rerun_remap_job_id__\": null}",
            "tool_version": "1.0.0",
            "type": "tool",
            "uuid": "fb14d589-2ae4-47ab-b46f-ffb405a3a9b0",
            "when": null,
            "workflow_outputs": []
        },
        "8": {
            "annotation": "",
            "content_id": "Convert characters1",
            "errors": null,
            "id": 8,
            "input_connections": {
                "input": {
                    "id": 4,
                    "output_name": "output"
                }
            },
            "inputs": [],
            "label": null,
            "name": "Convert",
            "outputs": [
                {
                    "name": "out_file1",
                    "type": "tabular"
                }
            ],
            "position": {
                "bottom": 774.75,
                "height": 92,
                "left": 543.578125,
                "right": 743.578125,
                "top": 682.75,
                "width": 200,
                "x": 543.578125,
                "y": 682.75
            },
            "post_job_actions": {
                "HideDatasetActionout_file1": {
                    "action_arguments": {},
                    "action_type": "HideDatasetAction",
                    "output_name": "out_file1"
                }
            },
            "tool_id": "Convert characters1",
            "tool_state": "{\"condense\": true, \"convert_from\": \"D\", \"input\": {\"__class__\": \"ConnectedValue\"}, \"strip\": true, \"__page__\": null, \"__rerun_remap_job_id__\": null}",
            "tool_version": "1.0.0",
            "type": "tool",
            "uuid": "a5ab25f7-bc3f-44d5-b8df-57bab6557afb",
            "when": null,
            "workflow_outputs": []
        },
        "9": {
            "annotation": "",
            "content_id": "toolshed.g2.bx.psu.edu/repos/devteam/fastx_renamer/cshl_fastx_renamer/0.0.11",
            "errors": null,
            "id": 9,
            "input_connections": {
                "input": {
                    "id": 5,
                    "output_name": "out_file1"
                }
            },
            "inputs": [],
            "label": null,
            "name": "Rename sequences",
            "outputs": [
                {
                    "name": "output",
                    "type": "input"
                }
            ],
            "position": {
                "bottom": 172.1875,
                "height": 112,
                "left": 519.3125,
                "right": 719.3125,
                "top": 60.1875,
                "width": 200,
                "x": 519.3125,
                "y": 60.1875
            },
            "post_job_actions": {
                "HideDatasetActionoutput": {
                    "action_arguments": {},
                    "action_type": "HideDatasetAction",
                    "output_name": "output"
                }
            },
            "tool_id": "toolshed.g2.bx.psu.edu/repos/devteam/fastx_renamer/cshl_fastx_renamer/0.0.11",
            "tool_shed_repository": {
                "changeset_revision": "02f8a17a4ebd",
                "name": "fastx_renamer",
                "owner": "devteam",
                "tool_shed": "toolshed.g2.bx.psu.edu"
            },
            "tool_state": "{\"TYPE\": \"SEQ\", \"input\": {\"__class__\": \"ConnectedValue\"}, \"__page__\": null, \"__rerun_remap_job_id__\": null}",
            "tool_version": "0.0.11",
            "type": "tool",
            "uuid": "6ce82499-19b1-443d-ade3-81e1665e7121",
            "when": null,
            "workflow_outputs": []
        },
        "10": {
            "annotation": "",
            "content_id": "Convert characters1",
            "errors": null,
            "id": 10,
            "input_connections": {
                "input": {
                    "id": 6,
                    "output_name": "output"
                }
            },
            "inputs": [],
            "label": null,
            "name": "Convert",
            "outputs": [
                {
                    "name": "out_file1",
                    "type": "tabular"
                }
            ],
            "position": {
                "bottom": 675.796875,
                "height": 92,
                "left": 543.578125,
                "right": 743.578125,
                "top": 583.796875,
                "width": 200,
                "x": 543.578125,
                "y": 583.796875
            },
            "post_job_actions": {
                "HideDatasetActionout_file1": {
                    "action_arguments": {},
                    "action_type": "HideDatasetAction",
                    "output_name": "out_file1"
                }
            },
            "tool_id": "Convert characters1",
            "tool_state": "{\"condense\": true, \"convert_from\": \"D\", \"input\": {\"__class__\": \"ConnectedValue\"}, \"strip\": true, \"__page__\": null, \"__rerun_remap_job_id__\": null}",
            "tool_version": "1.0.0",
            "type": "tool",
            "uuid": "1d43f4d6-6947-4050-80d2-04466597b397",
            "when": null,
            "workflow_outputs": []
        },
        "11": {
            "annotation": "",
            "content_id": "Paste1",
            "errors": null,
            "id": 11,
            "input_connections": {
                "input1": {
                    "id": 7,
                    "output_name": "out_file1"
                },
                "input2": {
                    "id": 7,
                    "output_name": "out_file1"
                }
            },
            "inputs": [],
            "label": null,
            "name": "Paste",
            "outputs": [
                {
                    "name": "out_file1",
                    "type": "input"
                }
            ],
            "position": {
                "bottom": 908.265625,
                "height": 122,
                "left": 741.15625,
                "right": 941.15625,
                "top": 786.265625,
                "width": 200,
                "x": 741.15625,
                "y": 786.265625
            },
            "post_job_actions": {
                "HideDatasetActionout_file1": {
                    "action_arguments": {},
                    "action_type": "HideDatasetAction",
                    "output_name": "out_file1"
                }
            },
            "tool_id": "Paste1",
            "tool_state": "{\"delimiter\": \"T\", \"input1\": {\"__class__\": \"ConnectedValue\"}, \"input2\": {\"__class__\": \"ConnectedValue\"}, \"__page__\": null, \"__rerun_remap_job_id__\": null}",
            "tool_version": "1.0.0",
            "type": "tool",
            "uuid": "f91b8277-9dda-41f6-9a62-36b1bc694614",
            "when": null,
            "workflow_outputs": []
        },
        "12": {
            "annotation": "",
            "content_id": "Paste1",
            "errors": null,
            "id": 12,
            "input_connections": {
                "input1": {
                    "id": 8,
                    "output_name": "out_file1"
                },
                "input2": {
                    "id": 8,
                    "output_name": "out_file1"
                }
            },
            "inputs": [],
            "label": null,
            "name": "Paste",
            "outputs": [
                {
                    "name": "out_file1",
                    "type": "input"
                }
            ],
            "position": {
                "bottom": 808.265625,
                "height": 122,
                "left": 739.171875,
                "right": 939.171875,
                "top": 686.265625,
                "width": 200,
                "x": 739.171875,
                "y": 686.265625
            },
            "post_job_actions": {
                "HideDatasetActionout_file1": {
                    "action_arguments": {},
                    "action_type": "HideDatasetAction",
                    "output_name": "out_file1"
                }
            },
            "tool_id": "Paste1",
            "tool_state": "{\"delimiter\": \"T\", \"input1\": {\"__class__\": \"ConnectedValue\"}, \"input2\": {\"__class__\": \"ConnectedValue\"}, \"__page__\": null, \"__rerun_remap_job_id__\": null}",
            "tool_version": "1.0.0",
            "type": "tool",
            "uuid": "081f531e-0e47-4bdd-b1da-f167af1c10e3",
            "when": null,
            "workflow_outputs": []
        },
        "13": {
            "annotation": "",
            "content_id": "toolshed.g2.bx.psu.edu/repos/devteam/fastx_collapser/cshl_fastx_collapser/1.0.0",
            "errors": null,
            "id": 13,
            "input_connections": {
                "input": {
                    "id": 9,
                    "output_name": "output"
                }
            },
            "inputs": [],
            "label": null,
            "name": "Collapse",
            "outputs": [
                {
                    "name": "output",
                    "type": "fasta"
                }
            ],
            "position": {
                "bottom": 298.1875,
                "height": 92,
                "left": 527.3125,
                "right": 727.3125,
                "top": 206.1875,
                "width": 200,
                "x": 527.3125,
                "y": 206.1875
            },
            "post_job_actions": {
                "HideDatasetActionoutput": {
                    "action_arguments": {},
                    "action_type": "HideDatasetAction",
                    "output_name": "output"
                }
            },
            "tool_id": "toolshed.g2.bx.psu.edu/repos/devteam/fastx_collapser/cshl_fastx_collapser/1.0.0",
            "tool_shed_repository": {
                "changeset_revision": "13c2d9e8c6d5",
                "name": "fastx_collapser",
                "owner": "devteam",
                "tool_shed": "toolshed.g2.bx.psu.edu"
            },
            "tool_state": "{\"input\": {\"__class__\": \"ConnectedValue\"}, \"__page__\": null, \"__rerun_remap_job_id__\": null}",
            "tool_version": "1.0.0",
            "type": "tool",
            "uuid": "911f4690-2a69-48b4-a0d3-cd90669ea5f2",
            "when": null,
            "workflow_outputs": []
        },
        "14": {
            "annotation": "",
            "content_id": "Paste1",
            "errors": null,
            "id": 14,
            "input_connections": {
                "input1": {
                    "id": 10,
                    "output_name": "out_file1"
                },
                "input2": {
                    "id": 10,
                    "output_name": "out_file1"
                }
            },
            "inputs": [],
            "label": null,
            "name": "Paste",
            "outputs": [
                {
                    "name": "out_file1",
                    "type": "input"
                }
            ],
            "position": {
                "bottom": 708.265625,
                "height": 122,
                "left": 737.203125,
                "right": 937.203125,
                "top": 586.265625,
                "width": 200,
                "x": 737.203125,
                "y": 586.265625
            },
            "post_job_actions": {
                "HideDatasetActionout_file1": {
                    "action_arguments": {},
                    "action_type": "HideDatasetAction",
                    "output_name": "out_file1"
                }
            },
            "tool_id": "Paste1",
            "tool_state": "{\"delimiter\": \"T\", \"input1\": {\"__class__\": \"ConnectedValue\"}, \"input2\": {\"__class__\": \"ConnectedValue\"}, \"__page__\": null, \"__rerun_remap_job_id__\": null}",
            "tool_version": "1.0.0",
            "type": "tool",
            "uuid": "0b2b44e2-3c94-4fd6-b185-ad6226dca458",
            "when": null,
            "workflow_outputs": []
        },
        "15": {
            "annotation": "",
            "content_id": "Cut1",
            "errors": null,
            "id": 15,
            "input_connections": {
                "input": {
                    "id": 11,
                    "output_name": "out_file1"
                }
            },
            "inputs": [],
            "label": null,
            "name": "Cut",
            "outputs": [
                {
                    "name": "out_file1",
                    "type": "tabular"
                }
            ],
            "position": {
                "bottom": 887.171875,
                "height": 92,
                "left": 937.03125,
                "right": 1137.03125,
                "top": 795.171875,
                "width": 200,
                "x": 937.03125,
                "y": 795.171875
            },
            "post_job_actions": {
                "HideDatasetActionout_file1": {
                    "action_arguments": {},
                    "action_type": "HideDatasetAction",
                    "output_name": "out_file1"
                }
            },
            "tool_id": "Cut1",
            "tool_state": "{\"columnList\": \"c3,c5\", \"delimiter\": \"T\", \"input\": {\"__class__\": \"ConnectedValue\"}, \"__page__\": null, \"__rerun_remap_job_id__\": null}",
            "tool_version": "1.0.2",
            "type": "tool",
            "uuid": "54eea1d2-f393-4423-bea6-ffa4b8839a18",
            "when": null,
            "workflow_outputs": []
        },
        "16": {
            "annotation": "",
            "content_id": "Cut1",
            "errors": null,
            "id": 16,
            "input_connections": {
                "input": {
                    "id": 12,
                    "output_name": "out_file1"
                }
            },
            "inputs": [],
            "label": null,
            "name": "Cut",
            "outputs": [
                {
                    "name": "out_file1",
                    "type": "tabular"
                }
            ],
            "position": {
                "bottom": 784.34375,
                "height": 92,
                "left": 935.53125,
                "right": 1135.53125,
                "top": 692.34375,
                "width": 200,
                "x": 935.53125,
                "y": 692.34375
            },
            "post_job_actions": {
                "HideDatasetActionout_file1": {
                    "action_arguments": {},
                    "action_type": "HideDatasetAction",
                    "output_name": "out_file1"
                }
            },
            "tool_id": "Cut1",
            "tool_state": "{\"columnList\": \"c3,c5\", \"delimiter\": \"T\", \"input\": {\"__class__\": \"ConnectedValue\"}, \"__page__\": null, \"__rerun_remap_job_id__\": null}",
            "tool_version": "1.0.2",
            "type": "tool",
            "uuid": "98addc4a-9f14-4c2b-a9c3-6c601ac92418",
            "when": null,
            "workflow_outputs": []
        },
        "17": {
            "annotation": "",
            "content_id": "toolshed.g2.bx.psu.edu/repos/devteam/fasta_to_tabular/fasta2tab/1.1.0",
            "errors": null,
            "id": 17,
            "input_connections": {
                "input": {
                    "id": 13,
                    "output_name": "output"
                }
            },
            "inputs": [],
            "label": null,
            "name": "FASTA-to-Tabular",
            "outputs": [
                {
                    "name": "output",
                    "type": "tabular"
                }
            ],
            "position": {
                "bottom": 153.28125,
                "height": 92,
                "left": 732.03125,
                "right": 932.03125,
                "top": 61.28125,
                "width": 200,
                "x": 732.03125,
                "y": 61.28125
            },
            "post_job_actions": {
                "HideDatasetActionoutput": {
                    "action_arguments": {},
                    "action_type": "HideDatasetAction",
                    "output_name": "output"
                }
            },
            "tool_id": "toolshed.g2.bx.psu.edu/repos/devteam/fasta_to_tabular/fasta2tab/1.1.0",
            "tool_shed_repository": {
                "changeset_revision": "7e801ab2b70e",
                "name": "fasta_to_tabular",
                "owner": "devteam",
                "tool_shed": "toolshed.g2.bx.psu.edu"
            },
            "tool_state": "{\"descr_columns\": \"1\", \"input\": {\"__class__\": \"ConnectedValue\"}, \"keep_first\": \"0\", \"__page__\": null, \"__rerun_remap_job_id__\": null}",
            "tool_version": "1.1.0",
            "type": "tool",
            "uuid": "bd8c913c-1a18-43b4-9d19-177d9141bedb",
            "when": null,
            "workflow_outputs": []
        },
        "18": {
            "annotation": "",
            "content_id": "Cut1",
            "errors": null,
            "id": 18,
            "input_connections": {
                "input": {
                    "id": 14,
                    "output_name": "out_file1"
                }
            },
            "inputs": [],
            "label": null,
            "name": "Cut",
            "outputs": [
                {
                    "name": "out_file1",
                    "type": "tabular"
                }
            ],
            "position": {
                "bottom": 684.5625,
                "height": 92,
                "left": 934.734375,
                "right": 1134.734375,
                "top": 592.5625,
                "width": 200,
                "x": 934.734375,
                "y": 592.5625
            },
            "post_job_actions": {
                "HideDatasetActionout_file1": {
                    "action_arguments": {},
                    "action_type": "HideDatasetAction",
                    "output_name": "out_file1"
                }
            },
            "tool_id": "Cut1",
            "tool_state": "{\"columnList\": \"c3,c5\", \"delimiter\": \"T\", \"input\": {\"__class__\": \"ConnectedValue\"}, \"__page__\": null, \"__rerun_remap_job_id__\": null}",
            "tool_version": "1.0.2",
            "type": "tool",
            "uuid": "d0cc1494-b753-491e-b33c-e0846c3b3a73",
            "when": null,
            "workflow_outputs": []
        },
        "19": {
            "annotation": "",
            "content_id": "Convert characters1",
            "errors": null,
            "id": 19,
            "input_connections": {
                "input": {
                    "id": 17,
                    "output_name": "output"
                }
            },
            "inputs": [],
            "label": null,
            "name": "Convert",
            "outputs": [
                {
                    "name": "out_file1",
                    "type": "tabular"
                }
            ],
            "position": {
                "bottom": 297.328125,
                "height": 92,
                "left": 734.03125,
                "right": 934.03125,
                "top": 205.328125,
                "width": 200,
                "x": 734.03125,
                "y": 205.328125
            },
            "post_job_actions": {
                "HideDatasetActionout_file1": {
                    "action_arguments": {},
                    "action_type": "HideDatasetAction",
                    "output_name": "out_file1"
                }
            },
            "tool_id": "Convert characters1",
            "tool_state": "{\"condense\": true, \"convert_from\": \"D\", \"input\": {\"__class__\": \"ConnectedValue\"}, \"strip\": true, \"__page__\": null, \"__rerun_remap_job_id__\": null}",
            "tool_version": "1.0.0",
            "type": "tool",
            "uuid": "811106f6-ff47-4af1-9830-cb6ee53bbf26",
            "when": null,
            "workflow_outputs": []
        },
        "20": {
            "annotation": "",
            "content_id": "Paste1",
            "errors": null,
            "id": 20,
            "input_connections": {
                "input1": {
                    "id": 19,
                    "output_name": "out_file1"
                },
                "input2": {
                    "id": 19,
                    "output_name": "out_file1"
                }
            },
            "inputs": [],
            "label": null,
            "name": "Paste",
            "outputs": [
                {
                    "name": "out_file1",
                    "type": "input"
                }
            ],
            "position": {
                "bottom": 306.796875,
                "height": 122,
                "left": 948.375,
                "right": 1148.375,
                "top": 184.796875,
                "width": 200,
                "x": 948.375,
                "y": 184.796875
            },
            "post_job_actions": {
                "HideDatasetActionout_file1": {
                    "action_arguments": {},
                    "action_type": "HideDatasetAction",
                    "output_name": "out_file1"
                }
            },
            "tool_id": "Paste1",
            "tool_state": "{\"delimiter\": \"T\", \"input1\": {\"__class__\": \"ConnectedValue\"}, \"input2\": {\"__class__\": \"ConnectedValue\"}, \"__page__\": null, \"__rerun_remap_job_id__\": null}",
            "tool_version": "1.0.0",
            "type": "tool",
            "uuid": "55976754-16e5-4e60-a437-91ad2644c955",
            "when": null,
            "workflow_outputs": []
        },
        "21": {
            "annotation": "",
            "content_id": "Cut1",
            "errors": null,
            "id": 21,
            "input_connections": {
                "input": {
                    "id": 20,
                    "output_name": "out_file1"
                }
            },
            "inputs": [],
            "label": null,
            "name": "Cut",
            "outputs": [
                {
                    "name": "out_file1",
                    "type": "tabular"
                }
            ],
            "position": {
                "bottom": 305.765625,
                "height": 92,
                "left": 1136.359375,
                "right": 1336.359375,
                "top": 213.765625,
                "width": 200,
                "x": 1136.359375,
                "y": 213.765625
            },
            "post_job_actions": {
                "HideDatasetActionout_file1": {
                    "action_arguments": {},
                    "action_type": "HideDatasetAction",
                    "output_name": "out_file1"
                }
            },
            "tool_id": "Cut1",
            "tool_state": "{\"columnList\": \"c3,c5\", \"delimiter\": \"T\", \"input\": {\"__class__\": \"ConnectedValue\"}, \"__page__\": null, \"__rerun_remap_job_id__\": null}",
            "tool_version": "1.0.2",
            "type": "tool",
            "uuid": "6d8de1e1-7c01-4c30-a062-761e3cc9ac36",
            "when": null,
            "workflow_outputs": []
        },
        "22": {
            "annotation": "",
            "content_id": "join1",
            "errors": null,
            "id": 22,
            "input_connections": {
                "input1": {
                    "id": 21,
                    "output_name": "out_file1"
                },
                "input2": {
                    "id": 18,
                    "output_name": "out_file1"
                }
            },
            "inputs": [
                {
                    "description": "runtime parameter for tool Join two Datasets",
                    "name": "input1"
                },
                {
                    "description": "runtime parameter for tool Join two Datasets",
                    "name": "input2"
                }
            ],
            "label": null,
            "name": "Join two Datasets",
            "outputs": [
                {
                    "name": "out_file1",
                    "type": "tabular"
                }
            ],
            "position": {
                "bottom": 698.5,
                "height": 122,
                "left": 1163,
                "right": 1363,
                "top": 576.5,
                "width": 200,
                "x": 1163,
                "y": 576.5
            },
            "post_job_actions": {
                "HideDatasetActionout_file1": {
                    "action_arguments": {},
                    "action_type": "HideDatasetAction",
                    "output_name": "out_file1"
                }
            },
            "tool_id": "join1",
            "tool_state": "{\"field1\": \"1\", \"field2\": \"1\", \"fill_empty_columns\": {\"fill_empty_columns_switch\": \"fill_empty\", \"__current_case__\": 1, \"fill_columns_by\": \"fill_unjoined_only\", \"do_fill_empty_columns\": {\"column_fill_type\": \"single_fill_value\", \"__current_case__\": 0, \"fill_value\": \"0\"}}, \"header\": \"\", \"input1\": {\"__class__\": \"RuntimeValue\"}, \"input2\": {\"__class__\": \"RuntimeValue\"}, \"partial\": \"-p\", \"unmatched\": \"-u\", \"__page__\": null, \"__rerun_remap_job_id__\": null}",
            "tool_version": "2.1.3",
            "type": "tool",
            "uuid": "9ab32023-c831-4263-abc1-68515faa2cf8",
            "when": null,
            "workflow_outputs": []
        },
        "23": {
            "annotation": "",
            "content_id": "Cut1",
            "errors": null,
            "id": 23,
            "input_connections": {
                "input": {
                    "id": 22,
                    "output_name": "out_file1"
                }
            },
            "inputs": [],
            "label": null,
            "name": "Cut",
            "outputs": [
                {
                    "name": "out_file1",
                    "type": "tabular"
                }
            ],
            "position": {
                "bottom": 663.46875,
                "height": 92,
                "left": 1421.140625,
                "right": 1621.140625,
                "top": 571.46875,
                "width": 200,
                "x": 1421.140625,
                "y": 571.46875
            },
            "post_job_actions": {
                "HideDatasetActionout_file1": {
                    "action_arguments": {},
                    "action_type": "HideDatasetAction",
                    "output_name": "out_file1"
                }
            },
            "tool_id": "Cut1",
            "tool_state": "{\"columnList\": \"c1,c2,c4\", \"delimiter\": \"T\", \"input\": {\"__class__\": \"ConnectedValue\"}, \"__page__\": null, \"__rerun_remap_job_id__\": null}",
            "tool_version": "1.0.2",
            "type": "tool",
            "uuid": "b73e86a3-e699-4a00-b9eb-c27bad90f46b",
            "when": null,
            "workflow_outputs": []
        },
        "24": {
            "annotation": "",
            "content_id": "join1",
            "errors": null,
            "id": 24,
            "input_connections": {
                "input1": {
                    "id": 23,
                    "output_name": "out_file1"
                },
                "input2": {
                    "id": 16,
                    "output_name": "out_file1"
                }
            },
            "inputs": [
                {
                    "description": "runtime parameter for tool Join two Datasets",
                    "name": "input1"
                },
                {
                    "description": "runtime parameter for tool Join two Datasets",
                    "name": "input2"
                }
            ],
            "label": null,
            "name": "Join two Datasets",
            "outputs": [
                {
                    "name": "out_file1",
                    "type": "tabular"
                }
            ],
            "position": {
                "bottom": 801.5,
                "height": 122,
                "left": 1168,
                "right": 1368,
                "top": 679.5,
                "width": 200,
                "x": 1168,
                "y": 679.5
            },
            "post_job_actions": {
                "HideDatasetActionout_file1": {
                    "action_arguments": {},
                    "action_type": "HideDatasetAction",
                    "output_name": "out_file1"
                }
            },
            "tool_id": "join1",
            "tool_state": "{\"field1\": \"1\", \"field2\": \"1\", \"fill_empty_columns\": {\"fill_empty_columns_switch\": \"fill_empty\", \"__current_case__\": 1, \"fill_columns_by\": \"fill_unjoined_only\", \"do_fill_empty_columns\": {\"column_fill_type\": \"single_fill_value\", \"__current_case__\": 0, \"fill_value\": \"0\"}}, \"header\": \"\", \"input1\": {\"__class__\": \"RuntimeValue\"}, \"input2\": {\"__class__\": \"RuntimeValue\"}, \"partial\": \"-p\", \"unmatched\": \"-u\", \"__page__\": null, \"__rerun_remap_job_id__\": null}",
            "tool_version": "2.1.3",
            "type": "tool",
            "uuid": "1829b4a5-7b34-42a9-80cc-fc6f1454bece",
            "when": null,
            "workflow_outputs": []
        },
        "25": {
            "annotation": "",
            "content_id": "Cut1",
            "errors": null,
            "id": 25,
            "input_connections": {
                "input": {
                    "id": 24,
                    "output_name": "out_file1"
                }
            },
            "inputs": [],
            "label": null,
            "name": "Cut",
            "outputs": [
                {
                    "name": "out_file1",
                    "type": "tabular"
                }
            ],
            "position": {
                "bottom": 786.46875,
                "height": 92,
                "left": 1423.171875,
                "right": 1623.171875,
                "top": 694.46875,
                "width": 200,
                "x": 1423.171875,
                "y": 694.46875
            },
            "post_job_actions": {
                "HideDatasetActionout_file1": {
                    "action_arguments": {},
                    "action_type": "HideDatasetAction",
                    "output_name": "out_file1"
                }
            },
            "tool_id": "Cut1",
            "tool_state": "{\"columnList\": \"c1,c2,c3,c5\", \"delimiter\": \"T\", \"input\": {\"__class__\": \"ConnectedValue\"}, \"__page__\": null, \"__rerun_remap_job_id__\": null}",
            "tool_version": "1.0.2",
            "type": "tool",
            "uuid": "9d69d58f-22af-40f9-b2c7-160d1db85666",
            "when": null,
            "workflow_outputs": []
        },
        "26": {
            "annotation": "",
            "content_id": "join1",
            "errors": null,
            "id": 26,
            "input_connections": {
                "input1": {
                    "id": 25,
                    "output_name": "out_file1"
                },
                "input2": {
                    "id": 15,
                    "output_name": "out_file1"
                }
            },
            "inputs": [
                {
                    "description": "runtime parameter for tool Join two Datasets",
                    "name": "input1"
                },
                {
                    "description": "runtime parameter for tool Join two Datasets",
                    "name": "input2"
                }
            ],
            "label": null,
            "name": "Join two Datasets",
            "outputs": [
                {
                    "name": "out_file1",
                    "type": "tabular"
                }
            ],
            "position": {
                "bottom": 914.5,
                "height": 122,
                "left": 1176,
                "right": 1376,
                "top": 792.5,
                "width": 200,
                "x": 1176,
                "y": 792.5
            },
            "post_job_actions": {
                "HideDatasetActionout_file1": {
                    "action_arguments": {},
                    "action_type": "HideDatasetAction",
                    "output_name": "out_file1"
                }
            },
            "tool_id": "join1",
            "tool_state": "{\"field1\": \"1\", \"field2\": \"1\", \"fill_empty_columns\": {\"fill_empty_columns_switch\": \"fill_empty\", \"__current_case__\": 1, \"fill_columns_by\": \"fill_unjoined_only\", \"do_fill_empty_columns\": {\"column_fill_type\": \"single_fill_value\", \"__current_case__\": 0, \"fill_value\": \"0\"}}, \"header\": \"\", \"input1\": {\"__class__\": \"RuntimeValue\"}, \"input2\": {\"__class__\": \"RuntimeValue\"}, \"partial\": \"-p\", \"unmatched\": \"-u\", \"__page__\": null, \"__rerun_remap_job_id__\": null}",
            "tool_version": "2.1.3",
            "type": "tool",
            "uuid": "59e3be03-2317-4370-a394-484460eceb6f",
            "when": null,
            "workflow_outputs": []
        },
        "27": {
            "annotation": "",
            "content_id": "Cut1",
            "errors": null,
            "id": 27,
            "input_connections": {
                "input": {
                    "id": 26,
                    "output_name": "out_file1"
                }
            },
            "inputs": [],
            "label": null,
            "name": "Cut",
            "outputs": [
                {
                    "name": "out_file1",
                    "type": "tabular"
                }
            ],
            "position": {
                "bottom": 1007.46875,
                "height": 92,
                "left": 1442.15625,
                "right": 1642.15625,
                "top": 915.46875,
                "width": 200,
                "x": 1442.15625,
                "y": 915.46875
            },
            "post_job_actions": {
                "RenameDatasetActionout_file1": {
                    "action_arguments": {
                        "newname": "NrD"
                    },
                    "action_type": "RenameDatasetAction",
                    "output_name": "out_file1"
                }
            },
            "tool_id": "Cut1",
            "tool_state": "{\"columnList\": \"c1,c2,c3,c4,c6\", \"delimiter\": \"T\", \"input\": {\"__class__\": \"ConnectedValue\"}, \"__page__\": null, \"__rerun_remap_job_id__\": null}",
            "tool_version": "1.0.2",
            "type": "tool",
            "uuid": "8f29a6af-902b-4299-80cd-51058c5ac9e9",
            "when": null,
            "workflow_outputs": [
                {
                    "label": null,
                    "output_name": "out_file1",
                    "uuid": "6c63ca09-c4a8-4421-8722-e3332a72f9ed"
                }
            ]
        }
    },
    "tags": [
        "aptamer",
        "SELEX"
    ],
    "uuid": "b33b230b-6655-44fb-8b29-90e167cb99b8",
    "version": 4
}