{
    "a_galaxy_workflow": "true",
    "annotation": "",
    "format-version": "0.1",
    "name": "ahmedbasudan-chr17project",
    "steps": {
        "0": {
            "annotation": "",
            "content_id": null,
            "errors": null,
            "id": 0,
            "input_connections": {},
            "inputs": [
                {
                    "description": "",
                    "name": "Cancer or disease-causing genes"
                }
            ],
            "label": null,
            "name": "Input dataset",
            "outputs": [],
            "position": {
                "left": 206,
                "top": 206
            },
            "tool_id": null,
            "tool_state": "{\"optional\": false, \"tag\": null}",
            "tool_version": null,
            "type": "data_input",
            "uuid": "None",
            "when": null,
            "workflow_outputs": []
        },
        "1": {
            "annotation": "",
            "content_id": null,
            "errors": null,
            "id": 1,
            "input_connections": {},
            "inputs": [
                {
                    "description": "",
                    "name": "Polymorphic allelic loci"
                }
            ],
            "label": null,
            "name": "Input dataset",
            "outputs": [],
            "position": {
                "left": 212,
                "top": 332
            },
            "tool_id": null,
            "tool_state": "{\"optional\": false, \"tag\": null}",
            "tool_version": null,
            "type": "data_input",
            "uuid": "None",
            "when": null,
            "workflow_outputs": []
        },
        "2": {
            "annotation": "",
            "content_id": null,
            "errors": null,
            "id": 2,
            "input_connections": {},
            "inputs": [
                {
                    "description": "",
                    "name": "somatic mutations"
                }
            ],
            "label": null,
            "name": "Input dataset",
            "outputs": [],
            "position": {
                "left": 200,
                "top": 440
            },
            "tool_id": null,
            "tool_state": "{\"optional\": false, \"tag\": null}",
            "tool_version": null,
            "type": "data_input",
            "uuid": "None",
            "when": null,
            "workflow_outputs": []
        },
        "3": {
            "annotation": "",
            "content_id": null,
            "errors": null,
            "id": 3,
            "input_connections": {},
            "inputs": [
                {
                    "description": "",
                    "name": "CAG repeats"
                }
            ],
            "label": null,
            "name": "Input dataset",
            "outputs": [],
            "position": {
                "left": 200,
                "top": 560
            },
            "tool_id": null,
            "tool_state": "{\"optional\": false, \"tag\": null}",
            "tool_version": null,
            "type": "data_input",
            "uuid": "None",
            "when": null,
            "workflow_outputs": []
        },
        "4": {
            "annotation": "",
            "content_id": "gops_intersect_1",
            "errors": null,
            "id": 4,
            "input_connections": {
                "input1": {
                    "id": 1,
                    "output_name": "output"
                },
                "input2": {
                    "id": 0,
                    "output_name": "output"
                }
            },
            "inputs": [],
            "label": null,
            "name": "Intersect",
            "outputs": [
                {
                    "name": "output",
                    "type": "input"
                }
            ],
            "position": {
                "left": 420,
                "top": 200
            },
            "post_job_actions": {},
            "tool_id": "gops_intersect_1",
            "tool_shed_repository": {
                "changeset_revision": "8ddabc73af92",
                "name": "intersect",
                "owner": "devteam",
                "tool_shed": "toolshed.g2.bx.psu.edu"
            },
            "tool_state": "{\"chromInfo\": \"/galaxy/home/g2main/galaxy_main/tool-data/shared/ucsc/chrom/hg19.len\", \"input1\": null, \"input2\": null, \"min\": \"1\", \"returntype\": \"\", \"__page__\": null, \"__rerun_remap_job_id__\": null}",
            "tool_version": "1.0.0",
            "type": "tool",
            "uuid": "None",
            "when": null,
            "workflow_outputs": []
        },
        "5": {
            "annotation": "",
            "content_id": "gops_intersect_1",
            "errors": null,
            "id": 5,
            "input_connections": {
                "input1": {
                    "id": 2,
                    "output_name": "output"
                },
                "input2": {
                    "id": 0,
                    "output_name": "output"
                }
            },
            "inputs": [],
            "label": null,
            "name": "Intersect",
            "outputs": [
                {
                    "name": "output",
                    "type": "input"
                }
            ],
            "position": {
                "left": 420,
                "top": 320
            },
            "post_job_actions": {},
            "tool_id": "gops_intersect_1",
            "tool_shed_repository": {
                "changeset_revision": "8ddabc73af92",
                "name": "intersect",
                "owner": "devteam",
                "tool_shed": "toolshed.g2.bx.psu.edu"
            },
            "tool_state": "{\"chromInfo\": \"/galaxy/home/g2main/galaxy_main/tool-data/shared/ucsc/chrom/hg19.len\", \"input1\": null, \"input2\": null, \"min\": \"1\", \"returntype\": \"\", \"__page__\": null, \"__rerun_remap_job_id__\": null}",
            "tool_version": "1.0.0",
            "type": "tool",
            "uuid": "None",
            "when": null,
            "workflow_outputs": []
        },
        "6": {
            "annotation": "",
            "content_id": "gops_intersect_1",
            "errors": null,
            "id": 6,
            "input_connections": {
                "input1": {
                    "id": 3,
                    "output_name": "output"
                },
                "input2": {
                    "id": 0,
                    "output_name": "output"
                }
            },
            "inputs": [],
            "label": null,
            "name": "Intersect",
            "outputs": [
                {
                    "name": "output",
                    "type": "input"
                }
            ],
            "position": {
                "left": 420,
                "top": 440
            },
            "post_job_actions": {},
            "tool_id": "gops_intersect_1",
            "tool_shed_repository": {
                "changeset_revision": "8ddabc73af92",
                "name": "intersect",
                "owner": "devteam",
                "tool_shed": "toolshed.g2.bx.psu.edu"
            },
            "tool_state": "{\"chromInfo\": \"/galaxy/home/g2main/galaxy_main/tool-data/shared/ucsc/chrom/hg19.len\", \"input1\": null, \"input2\": null, \"min\": \"1\", \"returntype\": \"\", \"__page__\": null, \"__rerun_remap_job_id__\": null}",
            "tool_version": "1.0.0",
            "type": "tool",
            "uuid": "None",
            "when": null,
            "workflow_outputs": []
        },
        "7": {
            "annotation": "",
            "content_id": "join1",
            "errors": null,
            "id": 7,
            "input_connections": {
                "input1": {
                    "id": 4,
                    "output_name": "output"
                },
                "input2": {
                    "id": 0,
                    "output_name": "output"
                }
            },
            "inputs": [],
            "label": null,
            "name": "Join two Datasets",
            "outputs": [
                {
                    "name": "out_file1",
                    "type": "tabular"
                }
            ],
            "position": {
                "left": 652,
                "top": 212
            },
            "post_job_actions": {
                "RenameDatasetActionout_file1": {
                    "action_arguments": {
                        "newname": "Polymorphic allelic loci within cancer genes"
                    },
                    "action_type": "RenameDatasetAction",
                    "output_name": "out_file1"
                }
            },
            "tool_id": "join1",
            "tool_state": "{\"chromInfo\": \"/galaxy/home/g2main/galaxy_main/tool-data/shared/ucsc/chrom/hg19.len\", \"field1\": \"1\", \"field2\": \"1\", \"fill_empty_columns\": {\"fill_empty_columns_switch\": \"no_fill\", \"__current_case__\": 0}, \"input1\": null, \"input2\": null, \"partial\": \"\", \"unmatched\": \"\", \"__page__\": null, \"__rerun_remap_job_id__\": null}",
            "tool_version": "2.0.2",
            "type": "tool",
            "uuid": "None",
            "when": null,
            "workflow_outputs": []
        },
        "8": {
            "annotation": "",
            "content_id": "join1",
            "errors": null,
            "id": 8,
            "input_connections": {
                "input1": {
                    "id": 5,
                    "output_name": "output"
                },
                "input2": {
                    "id": 0,
                    "output_name": "output"
                }
            },
            "inputs": [],
            "label": null,
            "name": "Join two Datasets",
            "outputs": [
                {
                    "name": "out_file1",
                    "type": "tabular"
                }
            ],
            "position": {
                "left": 640,
                "top": 320
            },
            "post_job_actions": {
                "RenameDatasetActionout_file1": {
                    "action_arguments": {
                        "newname": "somatic mutations within cancer genes"
                    },
                    "action_type": "RenameDatasetAction",
                    "output_name": "out_file1"
                }
            },
            "tool_id": "join1",
            "tool_state": "{\"chromInfo\": \"/galaxy/home/g2main/galaxy_main/tool-data/shared/ucsc/chrom/hg19.len\", \"field1\": \"1\", \"field2\": \"1\", \"fill_empty_columns\": {\"fill_empty_columns_switch\": \"no_fill\", \"__current_case__\": 0}, \"input1\": null, \"input2\": null, \"partial\": \"\", \"unmatched\": \"\", \"__page__\": null, \"__rerun_remap_job_id__\": null}",
            "tool_version": "2.0.2",
            "type": "tool",
            "uuid": "None",
            "when": null,
            "workflow_outputs": []
        },
        "9": {
            "annotation": "",
            "content_id": "join1",
            "errors": null,
            "id": 9,
            "input_connections": {
                "input1": {
                    "id": 6,
                    "output_name": "output"
                },
                "input2": {
                    "id": 0,
                    "output_name": "output"
                }
            },
            "inputs": [],
            "label": null,
            "name": "Join two Datasets",
            "outputs": [
                {
                    "name": "out_file1",
                    "type": "tabular"
                }
            ],
            "position": {
                "left": 640,
                "top": 440
            },
            "post_job_actions": {
                "RenameDatasetActionout_file1": {
                    "action_arguments": {
                        "newname": "CAG repeats within cancer genes"
                    },
                    "action_type": "RenameDatasetAction",
                    "output_name": "out_file1"
                }
            },
            "tool_id": "join1",
            "tool_state": "{\"chromInfo\": \"/galaxy/home/g2main/galaxy_main/tool-data/shared/ucsc/chrom/hg19.len\", \"field1\": \"1\", \"field2\": \"1\", \"fill_empty_columns\": {\"fill_empty_columns_switch\": \"no_fill\", \"__current_case__\": 0}, \"input1\": null, \"input2\": null, \"partial\": \"\", \"unmatched\": \"\", \"__page__\": null, \"__rerun_remap_job_id__\": null}",
            "tool_version": "2.0.2",
            "type": "tool",
            "uuid": "None",
            "when": null,
            "workflow_outputs": []
        }
    },
    "tags": [],
    "version": 2
}