{
    "a_galaxy_workflow": "true",
    "annotation": "",
    "format-version": "0.1",
    "name": "Trim seq 18S ",
    "steps": {
        "0": {
            "annotation": "",
            "content_id": null,
            "errors": null,
            "id": 0,
            "input_connections": {},
            "inputs": [
                {
                    "description": "",
                    "name": "FASTQ forward reads"
                }
            ],
            "label": "FASTQ forward reads",
            "name": "Input dataset",
            "outputs": [],
            "position": {
                "left": 10.848240576753739,
                "top": 372.93648342616393
            },
            "tool_id": null,
            "tool_state": "{\"optional\": false, \"format\": [\"fastq\"], \"tag\": null}",
            "tool_version": null,
            "type": "data_input",
            "uuid": "3b1b6e91-545e-47d5-a49a-5873b83bfdf0",
            "when": null,
            "workflow_outputs": []
        },
        "1": {
            "annotation": "",
            "content_id": null,
            "errors": null,
            "id": 1,
            "input_connections": {},
            "inputs": [
                {
                    "description": "",
                    "name": "FASTQ reverse reads"
                }
            ],
            "label": "FASTQ reverse reads",
            "name": "Input dataset",
            "outputs": [],
            "position": {
                "left": 10.553197846567656,
                "top": 469.4546874942217
            },
            "tool_id": null,
            "tool_state": "{\"optional\": false, \"format\": [\"fastq\"], \"tag\": null}",
            "tool_version": null,
            "type": "data_input",
            "uuid": "40afde4d-a234-4294-b9ce-16326e51a9e1",
            "when": null,
            "workflow_outputs": []
        },
        "2": {
            "annotation": "",
            "content_id": "toolshed.g2.bx.psu.edu/repos/devteam/fastqc/fastqc/0.74+galaxy0",
            "errors": null,
            "id": 2,
            "input_connections": {
                "input_file": {
                    "id": 0,
                    "output_name": "output"
                }
            },
            "inputs": [
                {
                    "description": "runtime parameter for tool FastQC",
                    "name": "adapters"
                },
                {
                    "description": "runtime parameter for tool FastQC",
                    "name": "contaminants"
                },
                {
                    "description": "runtime parameter for tool FastQC",
                    "name": "limits"
                }
            ],
            "label": null,
            "name": "FastQC",
            "outputs": [
                {
                    "name": "html_file",
                    "type": "html"
                },
                {
                    "name": "text_file",
                    "type": "txt"
                }
            ],
            "position": {
                "left": 0,
                "top": 0.1627229320207988
            },
            "post_job_actions": {},
            "tool_id": "toolshed.g2.bx.psu.edu/repos/devteam/fastqc/fastqc/0.74+galaxy0",
            "tool_shed_repository": {
                "changeset_revision": "5ec9f6bceaee",
                "name": "fastqc",
                "owner": "devteam",
                "tool_shed": "toolshed.g2.bx.psu.edu"
            },
            "tool_state": "{\"adapters\": {\"__class__\": \"RuntimeValue\"}, \"contaminants\": {\"__class__\": \"RuntimeValue\"}, \"input_file\": {\"__class__\": \"ConnectedValue\"}, \"kmers\": \"7\", \"limits\": {\"__class__\": \"RuntimeValue\"}, \"min_length\": null, \"nogroup\": false, \"__page__\": null, \"__rerun_remap_job_id__\": null}",
            "tool_version": "0.74+galaxy0",
            "type": "tool",
            "uuid": "dce7c625-dc06-43c7-bc1d-209fff8e39d1",
            "when": null,
            "workflow_outputs": []
        },
        "3": {
            "annotation": "",
            "content_id": "toolshed.g2.bx.psu.edu/repos/iuc/sickle/sickle/1.33.2",
            "errors": null,
            "id": 3,
            "input_connections": {
                "readtype|input_paired1": {
                    "id": 0,
                    "output_name": "output"
                },
                "readtype|input_paired2": {
                    "id": 1,
                    "output_name": "output"
                }
            },
            "inputs": [
                {
                    "description": "runtime parameter for tool Sickle",
                    "name": "readtype"
                },
                {
                    "description": "runtime parameter for tool Sickle",
                    "name": "readtype"
                }
            ],
            "label": "Sicle Trim",
            "name": "Sickle",
            "outputs": [
                {
                    "name": "output_paired1",
                    "type": "input"
                },
                {
                    "name": "output_paired2",
                    "type": "input"
                },
                {
                    "name": "output_paired_single",
                    "type": "input"
                }
            ],
            "position": {
                "left": 381.75,
                "top": 376.13330078125
            },
            "post_job_actions": {},
            "tool_id": "toolshed.g2.bx.psu.edu/repos/iuc/sickle/sickle/1.33.2",
            "tool_shed_repository": {
                "changeset_revision": "6756c87dc2d4",
                "name": "sickle",
                "owner": "iuc",
                "tool_shed": "toolshed.g2.bx.psu.edu"
            },
            "tool_state": "{\"length_threshold\": \"20\", \"no_five_prime\": false, \"qual_threshold\": \"15\", \"readtype\": {\"single_or_paired\": \"pe_sep\", \"__current_case__\": 2, \"input_paired1\": {\"__class__\": \"RuntimeValue\"}, \"input_paired2\": {\"__class__\": \"RuntimeValue\"}}, \"trunc_n\": false, \"__page__\": null, \"__rerun_remap_job_id__\": null}",
            "tool_version": "1.33.2",
            "type": "tool",
            "uuid": "3f25fbfa-4d28-44f3-ab9f-375528e14213",
            "when": null,
            "workflow_outputs": []
        },
        "4": {
            "annotation": "",
            "content_id": "toolshed.g2.bx.psu.edu/repos/devteam/fastqc/fastqc/0.74+galaxy0",
            "errors": null,
            "id": 4,
            "input_connections": {
                "input_file": {
                    "id": 1,
                    "output_name": "output"
                }
            },
            "inputs": [
                {
                    "description": "runtime parameter for tool FastQC",
                    "name": "adapters"
                },
                {
                    "description": "runtime parameter for tool FastQC",
                    "name": "contaminants"
                },
                {
                    "description": "runtime parameter for tool FastQC",
                    "name": "limits"
                }
            ],
            "label": null,
            "name": "FastQC",
            "outputs": [
                {
                    "name": "html_file",
                    "type": "html"
                },
                {
                    "name": "text_file",
                    "type": "txt"
                }
            ],
            "position": {
                "left": 8.414942103194448,
                "top": 687.3731491766405
            },
            "post_job_actions": {},
            "tool_id": "toolshed.g2.bx.psu.edu/repos/devteam/fastqc/fastqc/0.74+galaxy0",
            "tool_shed_repository": {
                "changeset_revision": "5ec9f6bceaee",
                "name": "fastqc",
                "owner": "devteam",
                "tool_shed": "toolshed.g2.bx.psu.edu"
            },
            "tool_state": "{\"adapters\": {\"__class__\": \"RuntimeValue\"}, \"contaminants\": {\"__class__\": \"RuntimeValue\"}, \"input_file\": {\"__class__\": \"ConnectedValue\"}, \"kmers\": \"7\", \"limits\": {\"__class__\": \"RuntimeValue\"}, \"min_length\": null, \"nogroup\": false, \"__page__\": null, \"__rerun_remap_job_id__\": null}",
            "tool_version": "0.74+galaxy0",
            "type": "tool",
            "uuid": "54374d84-d801-4fdf-a4ad-74710487b951",
            "when": null,
            "workflow_outputs": []
        },
        "5": {
            "annotation": "",
            "content_id": "toolshed.g2.bx.psu.edu/repos/devteam/fastqc/fastqc/0.74+galaxy0",
            "errors": null,
            "id": 5,
            "input_connections": {
                "input_file": {
                    "id": 3,
                    "output_name": "output_paired1"
                }
            },
            "inputs": [
                {
                    "description": "runtime parameter for tool FastQC",
                    "name": "adapters"
                },
                {
                    "description": "runtime parameter for tool FastQC",
                    "name": "contaminants"
                },
                {
                    "description": "runtime parameter for tool FastQC",
                    "name": "limits"
                }
            ],
            "label": null,
            "name": "FastQC",
            "outputs": [
                {
                    "name": "html_file",
                    "type": "html"
                },
                {
                    "name": "text_file",
                    "type": "txt"
                }
            ],
            "position": {
                "left": 369.18866550863197,
                "top": 0
            },
            "post_job_actions": {},
            "tool_id": "toolshed.g2.bx.psu.edu/repos/devteam/fastqc/fastqc/0.74+galaxy0",
            "tool_shed_repository": {
                "changeset_revision": "5ec9f6bceaee",
                "name": "fastqc",
                "owner": "devteam",
                "tool_shed": "toolshed.g2.bx.psu.edu"
            },
            "tool_state": "{\"adapters\": {\"__class__\": \"RuntimeValue\"}, \"contaminants\": {\"__class__\": \"RuntimeValue\"}, \"input_file\": {\"__class__\": \"ConnectedValue\"}, \"kmers\": \"7\", \"limits\": {\"__class__\": \"RuntimeValue\"}, \"min_length\": null, \"nogroup\": false, \"__page__\": null, \"__rerun_remap_job_id__\": null}",
            "tool_version": "0.74+galaxy0",
            "type": "tool",
            "uuid": "6b3a06ae-0d2a-40bc-845c-4778fae35b1b",
            "when": null,
            "workflow_outputs": []
        },
        "6": {
            "annotation": "",
            "content_id": "toolshed.g2.bx.psu.edu/repos/devteam/fastqc/fastqc/0.74+galaxy0",
            "errors": null,
            "id": 6,
            "input_connections": {
                "input_file": {
                    "id": 3,
                    "output_name": "output_paired2"
                }
            },
            "inputs": [
                {
                    "description": "runtime parameter for tool FastQC",
                    "name": "adapters"
                },
                {
                    "description": "runtime parameter for tool FastQC",
                    "name": "contaminants"
                },
                {
                    "description": "runtime parameter for tool FastQC",
                    "name": "limits"
                }
            ],
            "label": null,
            "name": "FastQC",
            "outputs": [
                {
                    "name": "html_file",
                    "type": "html"
                },
                {
                    "name": "text_file",
                    "type": "txt"
                }
            ],
            "position": {
                "left": 369.9539330694249,
                "top": 689.8355820675032
            },
            "post_job_actions": {},
            "tool_id": "toolshed.g2.bx.psu.edu/repos/devteam/fastqc/fastqc/0.74+galaxy0",
            "tool_shed_repository": {
                "changeset_revision": "5ec9f6bceaee",
                "name": "fastqc",
                "owner": "devteam",
                "tool_shed": "toolshed.g2.bx.psu.edu"
            },
            "tool_state": "{\"adapters\": {\"__class__\": \"RuntimeValue\"}, \"contaminants\": {\"__class__\": \"RuntimeValue\"}, \"input_file\": {\"__class__\": \"ConnectedValue\"}, \"kmers\": \"7\", \"limits\": {\"__class__\": \"RuntimeValue\"}, \"min_length\": null, \"nogroup\": false, \"__page__\": null, \"__rerun_remap_job_id__\": null}",
            "tool_version": "0.74+galaxy0",
            "type": "tool",
            "uuid": "e5bd03be-6a67-43cc-b9fd-2d3515e139b2",
            "when": null,
            "workflow_outputs": []
        },
        "7": {
            "annotation": "",
            "content_id": "toolshed.g2.bx.psu.edu/repos/devteam/fastqc/fastqc/0.74+galaxy0",
            "errors": null,
            "id": 7,
            "input_connections": {
                "input_file": {
                    "id": 3,
                    "output_name": "output_paired_single"
                }
            },
            "inputs": [
                {
                    "description": "runtime parameter for tool FastQC",
                    "name": "adapters"
                },
                {
                    "description": "runtime parameter for tool FastQC",
                    "name": "contaminants"
                },
                {
                    "description": "runtime parameter for tool FastQC",
                    "name": "limits"
                }
            ],
            "label": null,
            "name": "FastQC",
            "outputs": [
                {
                    "name": "html_file",
                    "type": "html"
                },
                {
                    "name": "text_file",
                    "type": "txt"
                }
            ],
            "position": {
                "left": 776.6576700000005,
                "top": 397.1333312988281
            },
            "post_job_actions": {},
            "tool_id": "toolshed.g2.bx.psu.edu/repos/devteam/fastqc/fastqc/0.74+galaxy0",
            "tool_shed_repository": {
                "changeset_revision": "5ec9f6bceaee",
                "name": "fastqc",
                "owner": "devteam",
                "tool_shed": "toolshed.g2.bx.psu.edu"
            },
            "tool_state": "{\"adapters\": {\"__class__\": \"RuntimeValue\"}, \"contaminants\": {\"__class__\": \"RuntimeValue\"}, \"input_file\": {\"__class__\": \"ConnectedValue\"}, \"kmers\": \"7\", \"limits\": {\"__class__\": \"RuntimeValue\"}, \"min_length\": null, \"nogroup\": false, \"__page__\": null, \"__rerun_remap_job_id__\": null}",
            "tool_version": "0.74+galaxy0",
            "type": "tool",
            "uuid": "7cfaab63-9927-4715-beb1-5a83e5a11605",
            "when": null,
            "workflow_outputs": []
        }
    },
    "tags": [],
    "uuid": "386246b9-fbd2-40b3-b3ef-7f226697cf12",
    "version": 22
}