{
    "a_galaxy_workflow": "true",
    "annotation": "",
    "format-version": "0.1",
    "name": "sars-cov-2-genome",
    "steps": {
        "0": {
            "annotation": "",
            "content_id": null,
            "errors": null,
            "id": 0,
            "input_connections": {},
            "inputs": [
                {
                    "description": "",
                    "name": "Reverse reads"
                }
            ],
            "label": "Reverse reads",
            "name": "Input dataset",
            "outputs": [],
            "position": {
                "left": 0,
                "top": 120
            },
            "tool_id": null,
            "tool_state": "{\"optional\": false, \"tag\": null}",
            "tool_version": null,
            "type": "data_input",
            "uuid": "95d9240f-89d4-40b4-9741-6599d77d15f3",
            "when": null,
            "workflow_outputs": []
        },
        "1": {
            "annotation": "",
            "content_id": null,
            "errors": null,
            "id": 1,
            "input_connections": {},
            "inputs": [
                {
                    "description": "",
                    "name": "Forward reads"
                }
            ],
            "label": "Forward reads",
            "name": "Input dataset",
            "outputs": [],
            "position": {
                "left": 0,
                "top": 240.11087036132812
            },
            "tool_id": null,
            "tool_state": "{\"optional\": false, \"tag\": null}",
            "tool_version": null,
            "type": "data_input",
            "uuid": "2ad44daf-f3bc-4745-b3a7-4d427b8ad6f4",
            "when": null,
            "workflow_outputs": []
        },
        "2": {
            "annotation": "",
            "content_id": null,
            "errors": null,
            "id": 2,
            "input_connections": {},
            "inputs": [
                {
                    "description": "",
                    "name": "Reference"
                }
            ],
            "label": "Reference",
            "name": "Input dataset",
            "outputs": [],
            "position": {
                "left": 0,
                "top": 360
            },
            "tool_id": null,
            "tool_state": "{\"optional\": false, \"tag\": null}",
            "tool_version": null,
            "type": "data_input",
            "uuid": "81a526ff-301b-4b20-a730-5d4c3da3ac0e",
            "when": null,
            "workflow_outputs": []
        },
        "3": {
            "annotation": "",
            "content_id": "toolshed.g2.bx.psu.edu/repos/devteam/fastqc/fastqc/0.73+galaxy0",
            "errors": null,
            "id": 3,
            "input_connections": {
                "input_file": {
                    "id": 1,
                    "output_name": "output"
                }
            },
            "inputs": [],
            "label": null,
            "name": "FastQC",
            "outputs": [
                {
                    "name": "html_file",
                    "type": "html"
                },
                {
                    "name": "text_file",
                    "type": "txt"
                }
            ],
            "position": {
                "left": 220,
                "top": 0
            },
            "post_job_actions": {},
            "tool_id": "toolshed.g2.bx.psu.edu/repos/devteam/fastqc/fastqc/0.73+galaxy0",
            "tool_shed_repository": {
                "changeset_revision": "3d0c7bdf12f5",
                "name": "fastqc",
                "owner": "devteam",
                "tool_shed": "toolshed.g2.bx.psu.edu"
            },
            "tool_state": "{\"__input_ext\": \"fastqsanger\", \"adapters\": null, \"chromInfo\": \"/cvmfs/data.galaxyproject.org/managed/len/ucsc/?.len\", \"contaminants\": null, \"input_file\": {\"__class__\": \"ConnectedValue\"}, \"kmers\": \"7\", \"limits\": null, \"min_length\": null, \"nogroup\": false, \"__page__\": null, \"__rerun_remap_job_id__\": null}",
            "tool_version": "0.73+galaxy0",
            "type": "tool",
            "uuid": "4685e01f-1165-4842-8771-15d954a16568",
            "when": null,
            "workflow_outputs": []
        },
        "4": {
            "annotation": "",
            "content_id": "toolshed.g2.bx.psu.edu/repos/devteam/bwa/bwa_mem/0.7.17.2",
            "errors": null,
            "id": 4,
            "input_connections": {
                "fastq_input|fastq_input1": {
                    "id": 1,
                    "output_name": "output"
                },
                "fastq_input|fastq_input2": {
                    "id": 0,
                    "output_name": "output"
                },
                "reference_source|ref_file": {
                    "id": 2,
                    "output_name": "output"
                }
            },
            "inputs": [],
            "label": null,
            "name": "Map with BWA-MEM",
            "outputs": [
                {
                    "name": "bam_output",
                    "type": "bam"
                }
            ],
            "position": {
                "left": 220,
                "top": 120
            },
            "post_job_actions": {},
            "tool_id": "toolshed.g2.bx.psu.edu/repos/devteam/bwa/bwa_mem/0.7.17.2",
            "tool_shed_repository": {
                "changeset_revision": "64f11cf59c6e",
                "name": "bwa",
                "owner": "devteam",
                "tool_shed": "toolshed.g2.bx.psu.edu"
            },
            "tool_state": "{\"__input_ext\": \"fasta\", \"__job_resource\": {\"__job_resource__select\": \"no\", \"__current_case__\": 0}, \"analysis_type\": {\"analysis_type_selector\": \"illumina\", \"__current_case__\": 0}, \"chromInfo\": \"/cvmfs/data.galaxyproject.org/managed/len/ucsc/?.len\", \"fastq_input\": {\"fastq_input_selector\": \"paired\", \"__current_case__\": 0, \"fastq_input1\": {\"__class__\": \"ConnectedValue\"}, \"fastq_input2\": {\"__class__\": \"ConnectedValue\"}, \"iset_stats\": null}, \"output_sort\": \"coordinate\", \"reference_source\": {\"reference_source_selector\": \"history\", \"__current_case__\": 1, \"ref_file\": {\"__class__\": \"ConnectedValue\"}, \"index_a\": \"auto\"}, \"rg\": {\"rg_selector\": \"do_not_set\", \"__current_case__\": 3}, \"__page__\": null, \"__rerun_remap_job_id__\": null}",
            "tool_version": "0.7.17.2",
            "type": "tool",
            "uuid": "680c269d-e38b-40f4-9623-09d1f3373b70",
            "when": null,
            "workflow_outputs": []
        },
        "5": {
            "annotation": "",
            "content_id": "toolshed.g2.bx.psu.edu/repos/iuc/jbrowse/jbrowse/1.16.11+galaxy1",
            "errors": null,
            "id": 5,
            "input_connections": {
                "reference_genome|genome": {
                    "id": 2,
                    "output_name": "output"
                },
                "track_groups_0|data_tracks_0|data_format|annotation": {
                    "id": 4,
                    "output_name": "bam_output"
                }
            },
            "inputs": [],
            "label": null,
            "name": "JBrowse",
            "outputs": [
                {
                    "name": "output",
                    "type": "html"
                }
            ],
            "position": {
                "left": 440,
                "top": 0
            },
            "post_job_actions": {},
            "tool_id": "toolshed.g2.bx.psu.edu/repos/iuc/jbrowse/jbrowse/1.16.11+galaxy1",
            "tool_shed_repository": {
                "changeset_revision": "a6e57ff585c0",
                "name": "jbrowse",
                "owner": "iuc",
                "tool_shed": "toolshed.g2.bx.psu.edu"
            },
            "tool_state": "{\"__input_ext\": \"fasta\", \"action\": {\"action_select\": \"create\", \"__current_case__\": 0}, \"chromInfo\": \"/cvmfs/data.galaxyproject.org/managed/len/ucsc/?.len\", \"gencode\": \"1\", \"jbgen\": {\"defaultLocation\": \"\", \"trackPadding\": \"20\", \"shareLink\": true, \"aboutDescription\": \"\", \"show_tracklist\": true, \"show_nav\": true, \"show_overview\": true, \"show_menu\": true, \"hideGenomeOptions\": false}, \"plugins\": {\"BlastView\": true, \"ComboTrackSelector\": false, \"GCContent\": false}, \"reference_genome\": {\"genome_type_select\": \"history\", \"__current_case__\": 1, \"genome\": {\"__class__\": \"ConnectedValue\"}}, \"standalone\": \"minimal\", \"track_groups\": [{\"__index__\": 0, \"category\": \"Default\", \"data_tracks\": [{\"__index__\": 0, \"data_format\": {\"data_format_select\": \"pileup\", \"__current_case__\": 3, \"annotation\": {\"__class__\": \"ConnectedValue\"}, \"auto_snp\": true, \"chunkSizeLimit\": \"50000000\", \"jb_custom_config\": {\"option\": []}, \"track_visibility\": \"default_off\", \"override_apollo_plugins\": \"False\", \"override_apollo_drag\": \"False\"}}]}], \"uglyTestingHack\": \"\", \"__page__\": null, \"__rerun_remap_job_id__\": null}",
            "tool_version": "1.16.11+galaxy1",
            "type": "tool",
            "uuid": "d98e30ce-a0cd-492b-aa86-5232eda37486",
            "when": null,
            "workflow_outputs": []
        }
    },
    "tags": [],
    "uuid": "571dd9d3-ee73-41bd-9533-2dedfc2f1e3e",
    "version": 3
}