{
    "a_galaxy_workflow": "true",
    "annotation": "",
    "format-version": "0.1",
    "name": "Fuzznuc.UCSC.Fixithere",
    "steps": {
        "0": {
            "annotation": "",
            "content_id": null,
            "errors": null,
            "id": 0,
            "input_connections": {},
            "inputs": [
                {
                    "description": "",
                    "name": "UCSC BED of GENEs"
                }
            ],
            "label": null,
            "name": "Input dataset",
            "outputs": [],
            "position": {
                "left": 244,
                "top": 274
            },
            "tool_id": null,
            "tool_state": "{\"optional\": false, \"tag\": null}",
            "tool_version": null,
            "type": "data_input",
            "uuid": "None",
            "when": null,
            "workflow_outputs": []
        },
        "1": {
            "annotation": "",
            "content_id": "Extract genomic DNA 1",
            "errors": null,
            "id": 1,
            "input_connections": {
                "input": {
                    "id": 0,
                    "output_name": "output"
                }
            },
            "inputs": [],
            "label": null,
            "name": "Extract Genomic DNA",
            "outputs": [
                {
                    "name": "output",
                    "type": "input"
                }
            ],
            "position": {
                "left": 229,
                "top": 399
            },
            "post_job_actions": {
                "HideDatasetActionout_file1": {
                    "action_arguments": {},
                    "action_type": "HideDatasetAction",
                    "output_name": "out_file1"
                }
            },
            "tool_id": "Extract genomic DNA 1",
            "tool_shed_repository": {
                "changeset_revision": "5cc8e93ee98f",
                "name": "extract_genomic_dna",
                "owner": "iuc",
                "tool_shed": "toolshed.g2.bx.psu.edu"
            },
            "tool_state": "{\"chromInfo\": \"/galaxy/home/g2main/galaxy_main/tool-data/shared/ucsc/chrom/hg19.len\", \"input\": null, \"interpret_features\": \"yes\", \"out_format\": \"fasta\", \"seq_source\": {\"index_source\": \"cached\", \"__current_case__\": 0}, \"__page__\": null, \"__rerun_remap_job_id__\": null}",
            "tool_version": "2.2.1",
            "type": "tool",
            "uuid": "None",
            "when": null,
            "workflow_outputs": []
        },
        "2": {
            "annotation": "",
            "content_id": "EMBOSS: fuzznuc37",
            "errors": null,
            "id": 2,
            "input_connections": {
                "input1": {
                    "id": 1,
                    "output_name": "out_file1"
                }
            },
            "inputs": [
                {
                    "description": "runtime parameter for tool fuzznuc",
                    "name": "mismatch"
                },
                {
                    "description": "runtime parameter for tool fuzznuc",
                    "name": "pattern"
                }
            ],
            "label": null,
            "name": "fuzznuc",
            "outputs": [
                {
                    "name": "out_file1",
                    "type": "fuzznuc"
                }
            ],
            "position": {
                "left": 248,
                "top": 543
            },
            "post_job_actions": {
                "HideDatasetActionout_file1": {
                    "action_arguments": {},
                    "action_type": "HideDatasetAction",
                    "output_name": "out_file1"
                }
            },
            "tool_id": "EMBOSS: fuzznuc37",
            "tool_shed_repository": {
                "changeset_revision": "ce22ceec214a",
                "name": "emboss_5",
                "owner": "devteam",
                "tool_shed": "toolshed.g2.bx.psu.edu"
            },
            "tool_state": "{\"chromInfo\": \"/galaxy/home/g2main/galaxy_main/tool-data/shared/ucsc/chrom/hg19.len\", \"complement\": \"yes\", \"input1\": null, \"mismatch\": {\"__class__\": \"RuntimeValue\"}, \"out_format1\": \"gff\", \"pattern\": {\"__class__\": \"RuntimeValue\"}, \"__page__\": null, \"__rerun_remap_job_id__\": null}",
            "tool_version": "5.0.1",
            "type": "tool",
            "uuid": "None",
            "when": null,
            "workflow_outputs": []
        },
        "3": {
            "annotation": "",
            "content_id": "gff2bed1",
            "errors": null,
            "id": 3,
            "input_connections": {
                "input": {
                    "id": 2,
                    "output_name": "out_file1"
                }
            },
            "inputs": [],
            "label": null,
            "name": "GFF-to-BED",
            "outputs": [
                {
                    "name": "out_file1",
                    "type": "bed"
                }
            ],
            "position": {
                "left": 241,
                "top": 681
            },
            "post_job_actions": {
                "HideDatasetActionout_file1": {
                    "action_arguments": {},
                    "action_type": "HideDatasetAction",
                    "output_name": "out_file1"
                }
            },
            "tool_id": "gff2bed1",
            "tool_state": "{\"chromInfo\": \"/galaxy/home/g2main/galaxy_main/tool-data/shared/ucsc/chrom/hg19.len\", \"input\": null, \"__page__\": null, \"__rerun_remap_job_id__\": null}",
            "tool_version": "1.0.1",
            "type": "tool",
            "uuid": "None",
            "when": null,
            "workflow_outputs": []
        },
        "4": {
            "annotation": "",
            "content_id": "Convert characters1",
            "errors": null,
            "id": 4,
            "input_connections": {
                "input": {
                    "id": 3,
                    "output_name": "out_file1"
                }
            },
            "inputs": [],
            "label": null,
            "name": "Convert",
            "outputs": [
                {
                    "name": "out_file1",
                    "type": "tabular"
                }
            ],
            "position": {
                "left": 237,
                "top": 810
            },
            "post_job_actions": {
                "HideDatasetActionout_file1": {
                    "action_arguments": {},
                    "action_type": "HideDatasetAction",
                    "output_name": "out_file1"
                }
            },
            "tool_id": "Convert characters1",
            "tool_state": "{\"chromInfo\": \"/galaxy/home/g2main/galaxy_main/tool-data/shared/ucsc/chrom/hg19.len\", \"convert_from\": \"U\", \"input\": null, \"__page__\": null, \"__rerun_remap_job_id__\": null}",
            "tool_version": "1.0.0",
            "type": "tool",
            "uuid": "None",
            "when": null,
            "workflow_outputs": []
        },
        "5": {
            "annotation": "",
            "content_id": "Add_a_column1",
            "errors": null,
            "id": 5,
            "input_connections": {
                "input": {
                    "id": 4,
                    "output_name": "out_file1"
                }
            },
            "inputs": [],
            "label": null,
            "name": "Compute",
            "outputs": [
                {
                    "name": "out_file1",
                    "type": "input"
                }
            ],
            "position": {
                "left": 589,
                "top": 254
            },
            "post_job_actions": {
                "HideDatasetActionout_file1": {
                    "action_arguments": {},
                    "action_type": "HideDatasetAction",
                    "output_name": "out_file1"
                }
            },
            "tool_id": "Add_a_column1",
            "tool_shed_repository": {
                "changeset_revision": "6595517c2dd8",
                "name": "column_maker",
                "owner": "devteam",
                "tool_shed": "toolshed.g2.bx.psu.edu"
            },
            "tool_state": "{\"chromInfo\": \"/galaxy/home/g2main/galaxy_main/tool-data/shared/ucsc/chrom/hg19.len\", \"cond\": \"c3+c6 if (c5==\\\"+\\\" and c11==\\\"+\\\" ) else (c3+c7-1 if (c5==\\\"+\\\" and c11==\\\"-\\\" ) else (c4-c7 if (c5==\\\"-\\\" and c11==\\\"+\\\" ) else c4-c6-1))\", \"input\": null, \"round\": \"yes\", \"__page__\": null, \"__rerun_remap_job_id__\": null}",
            "tool_version": "1.1.0",
            "type": "tool",
            "uuid": "None",
            "when": null,
            "workflow_outputs": []
        },
        "6": {
            "annotation": "",
            "content_id": "Add_a_column1",
            "errors": null,
            "id": 6,
            "input_connections": {
                "input": {
                    "id": 5,
                    "output_name": "out_file1"
                }
            },
            "inputs": [],
            "label": null,
            "name": "Compute",
            "outputs": [
                {
                    "name": "out_file1",
                    "type": "input"
                }
            ],
            "position": {
                "left": 596,
                "top": 367
            },
            "post_job_actions": {
                "HideDatasetActionout_file1": {
                    "action_arguments": {},
                    "action_type": "HideDatasetAction",
                    "output_name": "out_file1"
                }
            },
            "tool_id": "Add_a_column1",
            "tool_shed_repository": {
                "changeset_revision": "6595517c2dd8",
                "name": "column_maker",
                "owner": "devteam",
                "tool_shed": "toolshed.g2.bx.psu.edu"
            },
            "tool_state": "{\"chromInfo\": \"/galaxy/home/g2main/galaxy_main/tool-data/shared/ucsc/chrom/hg19.len\", \"cond\": \"c3+c7 if (c5==\\\"+\\\" and c11==\\\"+\\\" ) else c3+c6+1 if (c5==\\\"+\\\" and c11==\\\"-\\\" ) else c4-c6 if (c5==\\\"-\\\" and c11==\\\"+\\\") else c4-c7+1 \", \"input\": null, \"round\": \"yes\", \"__page__\": null, \"__rerun_remap_job_id__\": null}",
            "tool_version": "1.1.0",
            "type": "tool",
            "uuid": "None",
            "when": null,
            "workflow_outputs": []
        },
        "7": {
            "annotation": "",
            "content_id": "addValue",
            "errors": null,
            "id": 7,
            "input_connections": {
                "input": {
                    "id": 6,
                    "output_name": "out_file1"
                }
            },
            "inputs": [],
            "label": null,
            "name": "Add column",
            "outputs": [
                {
                    "name": "out_file1",
                    "type": "input"
                }
            ],
            "position": {
                "left": 608,
                "top": 477
            },
            "post_job_actions": {
                "HideDatasetActionout_file1": {
                    "action_arguments": {},
                    "action_type": "HideDatasetAction",
                    "output_name": "out_file1"
                }
            },
            "tool_id": "addValue",
            "tool_state": "{\"chromInfo\": \"/galaxy/home/g2main/galaxy_main/tool-data/shared/ucsc/chrom/hg19.len\", \"exp\": \"1000\", \"input\": null, \"iterate\": \"no\", \"__page__\": null, \"__rerun_remap_job_id__\": null}",
            "tool_version": "1.0.0",
            "type": "tool",
            "uuid": "None",
            "when": null,
            "workflow_outputs": []
        },
        "8": {
            "annotation": "",
            "content_id": "Add_a_column1",
            "errors": null,
            "id": 8,
            "input_connections": {
                "input": {
                    "id": 7,
                    "output_name": "out_file1"
                }
            },
            "inputs": [],
            "label": null,
            "name": "Compute",
            "outputs": [
                {
                    "name": "out_file1",
                    "type": "input"
                }
            ],
            "position": {
                "left": 611,
                "top": 616
            },
            "post_job_actions": {
                "HideDatasetActionout_file1": {
                    "action_arguments": {},
                    "action_type": "HideDatasetAction",
                    "output_name": "out_file1"
                }
            },
            "tool_id": "Add_a_column1",
            "tool_shed_repository": {
                "changeset_revision": "6595517c2dd8",
                "name": "column_maker",
                "owner": "devteam",
                "tool_shed": "toolshed.g2.bx.psu.edu"
            },
            "tool_state": "{\"cond\": \"\\\"+\\\" if (c5==\\\"+\\\" and c11==\\\"+\\\" ) else \\\"-\\\" if (c5==\\\"+\\\" and c11==\\\"-\\\") else \\\"-\\\" if (c5==\\\"-\\\" and c11==\\\"+\\\") else \\\"+\\\"\", \"input\": null, \"round\": \"no\", \"__page__\": null, \"__rerun_remap_job_id__\": null}",
            "tool_version": "1.1.0",
            "type": "tool",
            "uuid": "None",
            "when": null,
            "workflow_outputs": []
        },
        "9": {
            "annotation": "",
            "content_id": "addValue",
            "errors": null,
            "id": 9,
            "input_connections": {
                "input": {
                    "id": 8,
                    "output_name": "out_file1"
                }
            },
            "inputs": [],
            "label": null,
            "name": "Add column",
            "outputs": [
                {
                    "name": "out_file1",
                    "type": "input"
                }
            ],
            "position": {
                "left": 606,
                "top": 720
            },
            "post_job_actions": {
                "HideDatasetActionout_file1": {
                    "action_arguments": {},
                    "action_type": "HideDatasetAction",
                    "output_name": "out_file1"
                }
            },
            "tool_id": "addValue",
            "tool_state": "{\"chromInfo\": \"/galaxy/home/g2main/galaxy_main/tool-data/shared/ucsc/chrom/hg19.len\", \"exp\": \"1\", \"input\": null, \"iterate\": \"yes\", \"__page__\": null, \"__rerun_remap_job_id__\": null}",
            "tool_version": "1.0.0",
            "type": "tool",
            "uuid": "None",
            "when": null,
            "workflow_outputs": []
        },
        "10": {
            "annotation": "",
            "content_id": "Add_a_column1",
            "errors": null,
            "id": 10,
            "input_connections": {
                "input": {
                    "id": 9,
                    "output_name": "out_file1"
                }
            },
            "inputs": [],
            "label": null,
            "name": "Compute",
            "outputs": [
                {
                    "name": "out_file1",
                    "type": "input"
                }
            ],
            "position": {
                "left": 609,
                "top": 824
            },
            "post_job_actions": {
                "HideDatasetActionout_file1": {
                    "action_arguments": {},
                    "action_type": "HideDatasetAction",
                    "output_name": "out_file1"
                }
            },
            "tool_id": "Add_a_column1",
            "tool_shed_repository": {
                "changeset_revision": "6595517c2dd8",
                "name": "column_maker",
                "owner": "devteam",
                "tool_shed": "toolshed.g2.bx.psu.edu"
            },
            "tool_state": "{\"cond\": \"\\\"FUZZNUC(\\\"+c15+\\\")_\\\"+str(int(c16))\", \"input\": null, \"round\": \"no\", \"__page__\": null, \"__rerun_remap_job_id__\": null}",
            "tool_version": "1.1.0",
            "type": "tool",
            "uuid": "None",
            "when": null,
            "workflow_outputs": []
        },
        "11": {
            "annotation": "",
            "content_id": "Cut1",
            "errors": null,
            "id": 11,
            "input_connections": {
                "input": {
                    "id": 10,
                    "output_name": "out_file1"
                }
            },
            "inputs": [],
            "label": null,
            "name": "Cut",
            "outputs": [
                {
                    "name": "out_file1",
                    "type": "tabular"
                }
            ],
            "position": {
                "left": 906,
                "top": 497
            },
            "post_job_actions": {
                "ChangeDatatypeActionout_file1": {
                    "action_arguments": {
                        "newtype": "bed"
                    },
                    "action_type": "ChangeDatatypeAction",
                    "output_name": "out_file1"
                },
                "EmailActionout_file1": {
                    "action_arguments": {
                        "host": "main.g2.bx.psu.edu"
                    },
                    "action_type": "EmailAction",
                    "output_name": "out_file1"
                }
            },
            "tool_id": "Cut1",
            "tool_state": "{\"chromInfo\": \"/galaxy/home/g2main/galaxy_main/tool-data/shared/ucsc/chrom/hg19.len\", \"columnList\": \"c2,c12,c13,c17,c14,c15\", \"delimiter\": \"T\", \"input\": null, \"__page__\": null, \"__rerun_remap_job_id__\": null}",
            "tool_version": "1.0.1",
            "type": "tool",
            "uuid": "None",
            "when": null,
            "workflow_outputs": [
                {
                    "label": null,
                    "output_name": "out_file1",
                    "uuid": null
                }
            ]
        }
    },
    "tags": [
        "fuzznuc",
        "UCSC",
        "BED"
    ],
    "version": 7
}