{
    "a_galaxy_workflow": "true",
    "annotation": "",
    "format-version": "0.1",
    "name": "'Galaxy 101 (2017)'",
    "steps": {
        "0": {
            "annotation": "",
            "content_id": null,
            "errors": null,
            "id": 0,
            "input_connections": {},
            "inputs": [
                {
                    "description": "",
                    "name": "Exons"
                }
            ],
            "label": null,
            "name": "Input dataset",
            "outputs": [],
            "position": {
                "left": 200,
                "top": 205.59375
            },
            "tool_id": null,
            "tool_state": "{\"optional\": false, \"tag\": null}",
            "tool_version": null,
            "type": "data_input",
            "uuid": "aaf516a9-386f-4095-a8e0-ce139aa6256e",
            "when": null,
            "workflow_outputs": []
        },
        "1": {
            "annotation": "",
            "content_id": null,
            "errors": null,
            "id": 1,
            "input_connections": {},
            "inputs": [
                {
                    "description": "",
                    "name": "features"
                }
            ],
            "label": null,
            "name": "Input dataset",
            "outputs": [],
            "position": {
                "left": 200,
                "top": 325.59375
            },
            "tool_id": null,
            "tool_state": "{\"optional\": false, \"tag\": null}",
            "tool_version": null,
            "type": "data_input",
            "uuid": "147d3153-91bf-40ac-b597-25e0d78ebd5e",
            "when": null,
            "workflow_outputs": []
        },
        "2": {
            "annotation": "",
            "content_id": "toolshed.g2.bx.psu.edu/repos/devteam/join/gops_join_1/1.0.0",
            "errors": null,
            "id": 2,
            "input_connections": {
                "input1": {
                    "id": 0,
                    "output_name": "output"
                },
                "input2": {
                    "id": 1,
                    "output_name": "output"
                }
            },
            "inputs": [
                {
                    "description": "runtime parameter for tool Join",
                    "name": "input1"
                },
                {
                    "description": "runtime parameter for tool Join",
                    "name": "input2"
                }
            ],
            "label": null,
            "name": "Join",
            "outputs": [
                {
                    "name": "output",
                    "type": "interval"
                }
            ],
            "position": {
                "left": 420,
                "top": 205.59375
            },
            "post_job_actions": {},
            "tool_id": "toolshed.g2.bx.psu.edu/repos/devteam/join/gops_join_1/1.0.0",
            "tool_shed_repository": {
                "changeset_revision": "718d04143c31",
                "name": "join",
                "owner": "devteam",
                "tool_shed": "toolshed.g2.bx.psu.edu"
            },
            "tool_state": "{\"chromInfo\": \"/galaxy-repl/localdata/chrom/hg38.len\", \"fill\": \"none\", \"input1\": {\"__class__\": \"RuntimeValue\"}, \"input2\": {\"__class__\": \"RuntimeValue\"}, \"min\": \"1\", \"__page__\": null, \"__rerun_remap_job_id__\": null}",
            "tool_version": "1.0.0",
            "type": "tool",
            "uuid": "63d594df-df41-4b14-8a1e-2a4da2027164",
            "when": null,
            "workflow_outputs": [
                {
                    "label": null,
                    "output_name": "output",
                    "uuid": "984248e5-a646-478a-bdb7-acbae276b82f"
                }
            ]
        },
        "3": {
            "annotation": "",
            "content_id": "Grouping1",
            "errors": null,
            "id": 3,
            "input_connections": {
                "input1": {
                    "id": 2,
                    "output_name": "output"
                }
            },
            "inputs": [
                {
                    "description": "runtime parameter for tool Group",
                    "name": "input1"
                }
            ],
            "label": null,
            "name": "Group",
            "outputs": [
                {
                    "name": "out_file1",
                    "type": "tabular"
                }
            ],
            "position": {
                "left": 640,
                "top": 205.59375
            },
            "post_job_actions": {
                "HideDatasetActionout_file1": {
                    "action_arguments": {},
                    "action_type": "HideDatasetAction",
                    "output_name": "out_file1"
                }
            },
            "tool_id": "Grouping1",
            "tool_state": "{\"chromInfo\": \"/galaxy-repl/localdata/chrom/hg38.len\", \"groupcol\": \"4\", \"ignorecase\": false, \"ignorelines\": null, \"input1\": {\"__class__\": \"RuntimeValue\"}, \"operations\": [{\"__index__\": 0, \"optype\": \"length\", \"opcol\": \"4\", \"opround\": \"no\"}], \"__page__\": null, \"__rerun_remap_job_id__\": null}",
            "tool_version": "2.1.1",
            "type": "tool",
            "uuid": "a9ae3c9d-4fee-44bb-b3e0-ee6840b87667",
            "when": null,
            "workflow_outputs": []
        },
        "4": {
            "annotation": "",
            "content_id": "sort1",
            "errors": null,
            "id": 4,
            "input_connections": {
                "input": {
                    "id": 3,
                    "output_name": "out_file1"
                }
            },
            "inputs": [
                {
                    "description": "runtime parameter for tool Sort",
                    "name": "input"
                }
            ],
            "label": null,
            "name": "Sort",
            "outputs": [
                {
                    "name": "out_file1",
                    "type": "input"
                }
            ],
            "position": {
                "left": 860,
                "top": 205.59375
            },
            "post_job_actions": {
                "HideDatasetActionout_file1": {
                    "action_arguments": {},
                    "action_type": "HideDatasetAction",
                    "output_name": "out_file1"
                }
            },
            "tool_id": "sort1",
            "tool_state": "{\"chromInfo\": \"/galaxy-repl/localdata/chrom/hg38.len\", \"column\": \"2\", \"column_set\": [], \"input\": {\"__class__\": \"RuntimeValue\"}, \"order\": \"DESC\", \"style\": \"num\", \"__page__\": null, \"__rerun_remap_job_id__\": null}",
            "tool_version": "1.0.3",
            "type": "tool",
            "uuid": "f2be0a54-e10e-4c2d-85d2-3da7f8628848",
            "when": null,
            "workflow_outputs": []
        },
        "5": {
            "annotation": "",
            "content_id": "Show beginning1",
            "errors": null,
            "id": 5,
            "input_connections": {
                "input": {
                    "id": 4,
                    "output_name": "out_file1"
                }
            },
            "inputs": [
                {
                    "description": "runtime parameter for tool Select first",
                    "name": "input"
                }
            ],
            "label": null,
            "name": "Select first",
            "outputs": [
                {
                    "name": "out_file1",
                    "type": "input"
                }
            ],
            "position": {
                "left": 1080,
                "top": 205.59375
            },
            "post_job_actions": {
                "HideDatasetActionout_file1": {
                    "action_arguments": {},
                    "action_type": "HideDatasetAction",
                    "output_name": "out_file1"
                }
            },
            "tool_id": "Show beginning1",
            "tool_state": "{\"chromInfo\": \"/galaxy-repl/localdata/chrom/hg38.len\", \"input\": {\"__class__\": \"RuntimeValue\"}, \"lineNum\": \"5\", \"__page__\": null, \"__rerun_remap_job_id__\": null}",
            "tool_version": "1.0.0",
            "type": "tool",
            "uuid": "1c8d0f28-96cb-42e0-80a5-787b624e7541",
            "when": null,
            "workflow_outputs": []
        },
        "6": {
            "annotation": "",
            "content_id": "comp1",
            "errors": null,
            "id": 6,
            "input_connections": {
                "input1": {
                    "id": 0,
                    "output_name": "output"
                },
                "input2": {
                    "id": 5,
                    "output_name": "out_file1"
                }
            },
            "inputs": [
                {
                    "description": "runtime parameter for tool Compare two Datasets",
                    "name": "field1"
                },
                {
                    "description": "runtime parameter for tool Compare two Datasets",
                    "name": "field2"
                },
                {
                    "description": "runtime parameter for tool Compare two Datasets",
                    "name": "input1"
                },
                {
                    "description": "runtime parameter for tool Compare two Datasets",
                    "name": "input2"
                }
            ],
            "label": null,
            "name": "Compare two Datasets",
            "outputs": [
                {
                    "name": "out_file1",
                    "type": "input"
                }
            ],
            "position": {
                "left": 1300,
                "top": 204.59375
            },
            "post_job_actions": {
                "HideDatasetActionout_file1": {
                    "action_arguments": {},
                    "action_type": "HideDatasetAction",
                    "output_name": "out_file1"
                },
                "RenameDatasetActionout_file1": {
                    "action_arguments": {
                        "newname": "top 5 Exons"
                    },
                    "action_type": "RenameDatasetAction",
                    "output_name": "out_file1"
                }
            },
            "tool_id": "comp1",
            "tool_state": "{\"field1\": {\"__class__\": \"RuntimeValue\"}, \"field2\": {\"__class__\": \"RuntimeValue\"}, \"input1\": {\"__class__\": \"RuntimeValue\"}, \"input2\": {\"__class__\": \"RuntimeValue\"}, \"mode\": \"N\", \"__page__\": null, \"__rerun_remap_job_id__\": null}",
            "tool_version": "1.0.2",
            "type": "tool",
            "uuid": "49134cf3-92fd-4ee9-820e-9dff06bb3721",
            "when": null,
            "workflow_outputs": []
        }
    },
    "tags": [],
    "uuid": "21beec9c-6e0e-414a-88a6-4714dabc3ae0",
    "version": 1
}