{
    "a_galaxy_workflow": "true",
    "annotation": "",
    "creator": [
        {
            "class": "Person",
            "identifier": "",
            "name": "Guerler"
        }
    ],
    "format-version": "0.1",
    "license": "MIT",
    "name": "Inter-genome interaction prediction",
    "steps": {
        "0": {
            "annotation": "",
            "content_id": null,
            "errors": null,
            "id": 0,
            "input_connections": {},
            "inputs": [
                {
                    "description": "",
                    "name": "Query FASTA"
                }
            ],
            "label": "Query FASTA",
            "name": "Input dataset",
            "outputs": [],
            "position": {
                "left": 0.0,
                "top": 16.015625
            },
            "tool_id": null,
            "tool_state": "{\"optional\": false, \"tag\": null}",
            "tool_version": null,
            "type": "data_input",
            "uuid": "c95afc0d-b16c-4052-b4dc-df59a4ad13f1",
            "when": null,
            "workflow_outputs": []
        },
        "1": {
            "annotation": "",
            "content_id": null,
            "errors": null,
            "id": 1,
            "input_connections": {},
            "inputs": [
                {
                    "description": "",
                    "name": "Target FASTA"
                }
            ],
            "label": "Target FASTA",
            "name": "Input dataset",
            "outputs": [],
            "position": {
                "left": 0.0,
                "top": 325.07809311596316
            },
            "tool_id": null,
            "tool_state": "{\"optional\": false, \"tag\": null}",
            "tool_version": null,
            "type": "data_input",
            "uuid": "836c0699-ea09-4946-bf10-024aa8bdb6a4",
            "when": null,
            "workflow_outputs": []
        },
        "2": {
            "annotation": "",
            "content_id": null,
            "errors": null,
            "id": 2,
            "input_connections": {},
            "inputs": [
                {
                    "description": "",
                    "name": "Cross reference"
                }
            ],
            "label": "Cross reference",
            "name": "Input dataset",
            "outputs": [],
            "position": {
                "left": 844.0625091097247,
                "top": 695.0468831987523
            },
            "tool_id": null,
            "tool_state": "{\"optional\": false, \"tag\": null}",
            "tool_version": null,
            "type": "data_input",
            "uuid": "4e5a8e5a-b307-44ab-a819-9c387c97a642",
            "when": null,
            "workflow_outputs": []
        },
        "3": {
            "annotation": "",
            "content_id": "toolshed.g2.bx.psu.edu/repos/rnateam/splitfasta/rbc_splitfasta/0.4.0",
            "errors": null,
            "id": 3,
            "input_connections": {
                "inputFile": {
                    "id": 0,
                    "output_name": "output"
                }
            },
            "inputs": [],
            "label": null,
            "name": "Split Fasta",
            "outputs": [
                {
                    "name": "splitted_fasta",
                    "type": "input"
                }
            ],
            "position": {
                "left": 278.0000145755597,
                "top": 0.0
            },
            "post_job_actions": {
                "HideDatasetActionsplitted_fasta": {
                    "action_arguments": {},
                    "action_type": "HideDatasetAction",
                    "output_name": "splitted_fasta"
                }
            },
            "tool_id": "toolshed.g2.bx.psu.edu/repos/rnateam/splitfasta/rbc_splitfasta/0.4.0",
            "tool_shed_repository": {
                "changeset_revision": "733ca84b21ee",
                "name": "splitfasta",
                "owner": "rnateam",
                "tool_shed": "toolshed.g2.bx.psu.edu"
            },
            "tool_state": "{\"inputFile\": {\"__class__\": \"ConnectedValue\"}, \"splitmode\": {\"splitmode_select\": \"each\", \"__current_case__\": 1}, \"__page__\": null, \"__rerun_remap_job_id__\": null}",
            "tool_version": "0.4.0",
            "type": "tool",
            "uuid": "f9203d15-c3b7-43a7-badf-ddd6d8183101",
            "when": null,
            "workflow_outputs": []
        },
        "4": {
            "annotation": "",
            "content_id": "toolshed.g2.bx.psu.edu/repos/rnateam/splitfasta/rbc_splitfasta/0.4.0",
            "errors": null,
            "id": 4,
            "input_connections": {
                "inputFile": {
                    "id": 1,
                    "output_name": "output"
                }
            },
            "inputs": [],
            "label": null,
            "name": "Split Fasta",
            "outputs": [
                {
                    "name": "splitted_fasta",
                    "type": "input"
                }
            ],
            "position": {
                "left": 278.0000145755597,
                "top": 309.04689048653216
            },
            "post_job_actions": {
                "HideDatasetActionsplitted_fasta": {
                    "action_arguments": {},
                    "action_type": "HideDatasetAction",
                    "output_name": "splitted_fasta"
                }
            },
            "tool_id": "toolshed.g2.bx.psu.edu/repos/rnateam/splitfasta/rbc_splitfasta/0.4.0",
            "tool_shed_repository": {
                "changeset_revision": "733ca84b21ee",
                "name": "splitfasta",
                "owner": "rnateam",
                "tool_shed": "toolshed.g2.bx.psu.edu"
            },
            "tool_state": "{\"inputFile\": {\"__class__\": \"ConnectedValue\"}, \"splitmode\": {\"splitmode_select\": \"each\", \"__current_case__\": 1}, \"__page__\": null, \"__rerun_remap_job_id__\": null}",
            "tool_version": "0.4.0",
            "type": "tool",
            "uuid": "0a0d35cc-5fc3-4093-922b-f983dde2f42f",
            "when": null,
            "workflow_outputs": []
        },
        "5": {
            "annotation": "",
            "content_id": "toolshed.g2.bx.psu.edu/repos/guerler/hhsearch/hhsearch/3.2.0+galaxy0",
            "errors": null,
            "id": 5,
            "input_connections": {
                "i": {
                    "id": 3,
                    "output_name": "splitted_fasta"
                }
            },
            "inputs": [
                {
                    "description": "runtime parameter for tool HHsearch",
                    "name": "db_source"
                },
                {
                    "description": "runtime parameter for tool HHsearch",
                    "name": "db_source"
                },
                {
                    "description": "runtime parameter for tool HHsearch",
                    "name": "db_source_cs219"
                },
                {
                    "description": "runtime parameter for tool HHsearch",
                    "name": "db_source_cs219"
                }
            ],
            "label": null,
            "name": "HHsearch",
            "outputs": [
                {
                    "name": "output",
                    "type": "hhr"
                }
            ],
            "position": {
                "left": 556.0468986852845,
                "top": 10.03124180124766
            },
            "post_job_actions": {
                "ChangeDatatypeActionoutput": {
                    "action_arguments": {
                        "newtype": "txt"
                    },
                    "action_type": "ChangeDatatypeAction",
                    "output_name": "output"
                },
                "HideDatasetActionoutput": {
                    "action_arguments": {},
                    "action_type": "HideDatasetAction",
                    "output_name": "output"
                }
            },
            "tool_id": "toolshed.g2.bx.psu.edu/repos/guerler/hhsearch/hhsearch/3.2.0+galaxy0",
            "tool_shed_repository": {
                "changeset_revision": "589e4d51bda4",
                "name": "hhsearch",
                "owner": "guerler",
                "tool_shed": "toolshed.g2.bx.psu.edu"
            },
            "tool_state": "{\"__job_resource\": {\"__job_resource__select\": \"no\", \"__current_case__\": 0}, \"db_source\": {\"db_source_selector\": \"history\", \"__current_case__\": 1, \"ffdata\": {\"__class__\": \"RuntimeValue\"}, \"ffindex\": {\"__class__\": \"RuntimeValue\"}}, \"db_source_cs219\": {\"db_source_selector\": \"history\", \"__current_case__\": 1, \"ffdata\": {\"__class__\": \"RuntimeValue\"}, \"ffindex\": {\"__class__\": \"RuntimeValue\"}}, \"e\": \"0.001\", \"i\": {\"__class__\": \"ConnectedValue\"}, \"method\": \"hhsearch\", \"__page__\": null, \"__rerun_remap_job_id__\": null}",
            "tool_version": "3.2.0+galaxy0",
            "type": "tool",
            "uuid": "1bfd8eab-5cae-4277-acad-4eb0451aeb92",
            "when": null,
            "workflow_outputs": []
        },
        "6": {
            "annotation": "",
            "content_id": "toolshed.g2.bx.psu.edu/repos/guerler/hhsearch/hhsearch/3.2.0+galaxy0",
            "errors": null,
            "id": 6,
            "input_connections": {
                "i": {
                    "id": 4,
                    "output_name": "splitted_fasta"
                }
            },
            "inputs": [
                {
                    "description": "runtime parameter for tool HHsearch",
                    "name": "db_source"
                },
                {
                    "description": "runtime parameter for tool HHsearch",
                    "name": "db_source"
                },
                {
                    "description": "runtime parameter for tool HHsearch",
                    "name": "db_source_cs219"
                },
                {
                    "description": "runtime parameter for tool HHsearch",
                    "name": "db_source_cs219"
                }
            ],
            "label": null,
            "name": "HHsearch",
            "outputs": [
                {
                    "name": "output",
                    "type": "hhr"
                }
            ],
            "position": {
                "left": 556.0468986852845,
                "top": 319.06248633541276
            },
            "post_job_actions": {
                "ChangeDatatypeActionoutput": {
                    "action_arguments": {
                        "newtype": "txt"
                    },
                    "action_type": "ChangeDatatypeAction",
                    "output_name": "output"
                },
                "HideDatasetActionoutput": {
                    "action_arguments": {},
                    "action_type": "HideDatasetAction",
                    "output_name": "output"
                }
            },
            "tool_id": "toolshed.g2.bx.psu.edu/repos/guerler/hhsearch/hhsearch/3.2.0+galaxy0",
            "tool_shed_repository": {
                "changeset_revision": "589e4d51bda4",
                "name": "hhsearch",
                "owner": "guerler",
                "tool_shed": "toolshed.g2.bx.psu.edu"
            },
            "tool_state": "{\"__job_resource\": {\"__job_resource__select\": \"no\", \"__current_case__\": 0}, \"db_source\": {\"db_source_selector\": \"history\", \"__current_case__\": 1, \"ffdata\": {\"__class__\": \"RuntimeValue\"}, \"ffindex\": {\"__class__\": \"RuntimeValue\"}}, \"db_source_cs219\": {\"db_source_selector\": \"history\", \"__current_case__\": 1, \"ffdata\": {\"__class__\": \"RuntimeValue\"}, \"ffindex\": {\"__class__\": \"RuntimeValue\"}}, \"e\": \"0.001\", \"i\": {\"__class__\": \"ConnectedValue\"}, \"method\": \"hhsearch\", \"__page__\": null, \"__rerun_remap_job_id__\": null}",
            "tool_version": "3.2.0+galaxy0",
            "type": "tool",
            "uuid": "3eb05673-2a48-4cc0-95e7-0d88602f8d7a",
            "when": null,
            "workflow_outputs": []
        },
        "7": {
            "annotation": "",
            "content_id": "toolshed.g2.bx.psu.edu/repos/iuc/collection_element_identifiers/collection_element_identifiers/0.0.2",
            "errors": null,
            "id": 7,
            "input_connections": {
                "input_collection": {
                    "id": 5,
                    "output_name": "output"
                }
            },
            "inputs": [],
            "label": null,
            "name": "Extract element identifiers",
            "outputs": [
                {
                    "name": "output",
                    "type": "txt"
                }
            ],
            "position": {
                "left": 844.0625091097247,
                "top": 78.07811907867887
            },
            "post_job_actions": {
                "ChangeDatatypeActionoutput": {
                    "action_arguments": {
                        "newtype": "tabular"
                    },
                    "action_type": "ChangeDatatypeAction",
                    "output_name": "output"
                },
                "HideDatasetActionoutput": {
                    "action_arguments": {},
                    "action_type": "HideDatasetAction",
                    "output_name": "output"
                }
            },
            "tool_id": "toolshed.g2.bx.psu.edu/repos/iuc/collection_element_identifiers/collection_element_identifiers/0.0.2",
            "tool_shed_repository": {
                "changeset_revision": "d3c07d270a50",
                "name": "collection_element_identifiers",
                "owner": "iuc",
                "tool_shed": "toolshed.g2.bx.psu.edu"
            },
            "tool_state": "{\"input_collection\": {\"__class__\": \"ConnectedValue\"}, \"__page__\": null, \"__rerun_remap_job_id__\": null}",
            "tool_version": "0.0.2",
            "type": "tool",
            "uuid": "94f127ca-32cd-45b4-857e-6ee2780d5959",
            "when": null,
            "workflow_outputs": []
        },
        "8": {
            "annotation": "",
            "content_id": "__FILTER_FAILED_DATASETS__",
            "errors": null,
            "id": 8,
            "input_connections": {
                "input": {
                    "id": 5,
                    "output_name": "output"
                }
            },
            "inputs": [],
            "label": null,
            "name": "Filter failed datasets",
            "outputs": [
                {
                    "name": "output",
                    "type": "input"
                }
            ],
            "position": {
                "left": 844.0625091097247,
                "top": 387.0624826915228
            },
            "post_job_actions": {},
            "tool_id": "__FILTER_FAILED_DATASETS__",
            "tool_state": "{\"input\": {\"__class__\": \"ConnectedValue\"}, \"__page__\": null, \"__rerun_remap_job_id__\": null}",
            "tool_version": "1.0.0",
            "type": "tool",
            "uuid": "6bc2be33-d1c1-4922-b6cd-62b7d59ce605",
            "when": null,
            "workflow_outputs": [
                {
                    "label": null,
                    "output_name": "output",
                    "uuid": "8c7ef8e3-3f4b-4d1d-9e93-a1eefa0e51b0"
                }
            ]
        },
        "9": {
            "annotation": "",
            "content_id": "toolshed.g2.bx.psu.edu/repos/iuc/collection_element_identifiers/collection_element_identifiers/0.0.2",
            "errors": null,
            "id": 9,
            "input_connections": {
                "input_collection": {
                    "id": 6,
                    "output_name": "output"
                }
            },
            "inputs": [],
            "label": null,
            "name": "Extract element identifiers",
            "outputs": [
                {
                    "name": "output",
                    "type": "txt"
                }
            ],
            "position": {
                "left": 844.0625091097247,
                "top": 232.06249635611005
            },
            "post_job_actions": {
                "ChangeDatatypeActionoutput": {
                    "action_arguments": {
                        "newtype": "tabular"
                    },
                    "action_type": "ChangeDatatypeAction",
                    "output_name": "output"
                },
                "HideDatasetActionoutput": {
                    "action_arguments": {},
                    "action_type": "HideDatasetAction",
                    "output_name": "output"
                }
            },
            "tool_id": "toolshed.g2.bx.psu.edu/repos/iuc/collection_element_identifiers/collection_element_identifiers/0.0.2",
            "tool_shed_repository": {
                "changeset_revision": "d3c07d270a50",
                "name": "collection_element_identifiers",
                "owner": "iuc",
                "tool_shed": "toolshed.g2.bx.psu.edu"
            },
            "tool_state": "{\"input_collection\": {\"__class__\": \"ConnectedValue\"}, \"__page__\": null, \"__rerun_remap_job_id__\": null}",
            "tool_version": "0.0.2",
            "type": "tool",
            "uuid": "9346d6f8-7941-457f-8467-c894ec1007f3",
            "when": null,
            "workflow_outputs": []
        },
        "10": {
            "annotation": "",
            "content_id": "__FILTER_FAILED_DATASETS__",
            "errors": null,
            "id": 10,
            "input_connections": {
                "input": {
                    "id": 6,
                    "output_name": "output"
                }
            },
            "inputs": [],
            "label": null,
            "name": "Filter failed datasets",
            "outputs": [
                {
                    "name": "output",
                    "type": "input"
                }
            ],
            "position": {
                "left": 844.0625091097247,
                "top": 541.062517308477
            },
            "post_job_actions": {},
            "tool_id": "__FILTER_FAILED_DATASETS__",
            "tool_state": "{\"input\": {\"__class__\": \"ConnectedValue\"}, \"__page__\": null, \"__rerun_remap_job_id__\": null}",
            "tool_version": "1.0.0",
            "type": "tool",
            "uuid": "b11e31c6-a6f7-46c0-a01e-af31136a1692",
            "when": null,
            "workflow_outputs": [
                {
                    "label": null,
                    "output_name": "output",
                    "uuid": "c1062e6a-edc6-46e6-9f88-e447e3100362"
                }
            ]
        },
        "11": {
            "annotation": "",
            "content_id": "toolshed.g2.bx.psu.edu/repos/guerler/ffindex_dbkit_create/ffindex_dbkit_create/0.2+galaxy0",
            "errors": null,
            "id": 11,
            "input_connections": {
                "input": {
                    "id": 7,
                    "output_name": "output"
                },
                "inputs": {
                    "id": 5,
                    "output_name": "output"
                }
            },
            "inputs": [],
            "label": null,
            "name": "DBKit Create",
            "outputs": [
                {
                    "name": "index",
                    "type": "ffindex"
                },
                {
                    "name": "database",
                    "type": "ffdata"
                }
            ],
            "position": {
                "left": 1122.0469005072296,
                "top": 13.984372722568793
            },
            "post_job_actions": {
                "HideDatasetActiondatabase": {
                    "action_arguments": {},
                    "action_type": "HideDatasetAction",
                    "output_name": "database"
                },
                "HideDatasetActionindex": {
                    "action_arguments": {},
                    "action_type": "HideDatasetAction",
                    "output_name": "index"
                }
            },
            "tool_id": "toolshed.g2.bx.psu.edu/repos/guerler/ffindex_dbkit_create/ffindex_dbkit_create/0.2+galaxy0",
            "tool_shed_repository": {
                "changeset_revision": "3b449f158132",
                "name": "ffindex_dbkit_create",
                "owner": "guerler",
                "tool_shed": "toolshed.g2.bx.psu.edu"
            },
            "tool_state": "{\"advanced\": {\"type\": \"false\", \"__current_case__\": 1, \"idprefix\": \"\", \"idextension\": \"\", \"idlength\": \"0\", \"idcase\": \"\"}, \"input\": {\"__class__\": \"ConnectedValue\"}, \"inputs\": {\"__class__\": \"ConnectedValue\"}, \"logfile\": false, \"__page__\": null, \"__rerun_remap_job_id__\": null}",
            "tool_version": "0.2+galaxy0",
            "type": "tool",
            "uuid": "a7f59b5f-c6cc-4e61-832f-c58cf3a98bdb",
            "when": null,
            "workflow_outputs": []
        },
        "12": {
            "annotation": "",
            "content_id": "toolshed.g2.bx.psu.edu/repos/guerler/ffindex_dbkit_create/ffindex_dbkit_create/0.2+galaxy0",
            "errors": null,
            "id": 12,
            "input_connections": {
                "input": {
                    "id": 9,
                    "output_name": "output"
                },
                "inputs": {
                    "id": 6,
                    "output_name": "output"
                }
            },
            "inputs": [],
            "label": null,
            "name": "DBKit Create",
            "outputs": [
                {
                    "name": "index",
                    "type": "ffindex"
                },
                {
                    "name": "database",
                    "type": "ffdata"
                }
            ],
            "position": {
                "left": 1122.0469005072296,
                "top": 245.06250637680733
            },
            "post_job_actions": {
                "HideDatasetActiondatabase": {
                    "action_arguments": {},
                    "action_type": "HideDatasetAction",
                    "output_name": "database"
                },
                "HideDatasetActionindex": {
                    "action_arguments": {},
                    "action_type": "HideDatasetAction",
                    "output_name": "index"
                }
            },
            "tool_id": "toolshed.g2.bx.psu.edu/repos/guerler/ffindex_dbkit_create/ffindex_dbkit_create/0.2+galaxy0",
            "tool_shed_repository": {
                "changeset_revision": "3b449f158132",
                "name": "ffindex_dbkit_create",
                "owner": "guerler",
                "tool_shed": "toolshed.g2.bx.psu.edu"
            },
            "tool_state": "{\"advanced\": {\"type\": \"false\", \"__current_case__\": 1, \"idprefix\": \"\", \"idextension\": \"\", \"idlength\": \"0\", \"idcase\": \"\"}, \"input\": {\"__class__\": \"ConnectedValue\"}, \"inputs\": {\"__class__\": \"ConnectedValue\"}, \"logfile\": false, \"__page__\": null, \"__rerun_remap_job_id__\": null}",
            "tool_version": "0.2+galaxy0",
            "type": "tool",
            "uuid": "2f9bfca6-777e-445a-b5b6-e9854230c4c0",
            "when": null,
            "workflow_outputs": []
        },
        "13": {
            "annotation": "",
            "content_id": "toolshed.g2.bx.psu.edu/repos/guerler/spring_minz/spring_minz/0.2+galaxy0",
            "errors": null,
            "id": 13,
            "input_connections": {
                "crossreference": {
                    "id": 2,
                    "output_name": "output"
                },
                "input_type|inputs": {
                    "id": 8,
                    "output_name": "output"
                },
                "targets": {
                    "id": 10,
                    "output_name": "output"
                }
            },
            "inputs": [],
            "label": null,
            "name": "SPRING Min-Z",
            "outputs": [
                {
                    "name": "output",
                    "type": "tabular"
                }
            ],
            "position": {
                "left": 1122.0469005072296,
                "top": 499.07811862319255
            },
            "post_job_actions": {},
            "tool_id": "toolshed.g2.bx.psu.edu/repos/guerler/spring_minz/spring_minz/0.2+galaxy0",
            "tool_shed_repository": {
                "changeset_revision": "aaf729ca617f",
                "name": "spring_minz",
                "owner": "guerler",
                "tool_shed": "toolshed.g2.bx.psu.edu"
            },
            "tool_state": "{\"crossreference\": {\"__class__\": \"ConnectedValue\"}, \"input_type\": {\"input_type_selector\": \"yes\", \"__current_case__\": 0, \"inputs\": {\"__class__\": \"ConnectedValue\"}}, \"logfile\": false, \"minscore\": \"10\", \"targets\": {\"__class__\": \"ConnectedValue\"}, \"__page__\": null, \"__rerun_remap_job_id__\": null}",
            "tool_version": "0.2+galaxy0",
            "type": "tool",
            "uuid": "605366d2-30f4-44bd-afa4-935ec11035db",
            "when": null,
            "workflow_outputs": [
                {
                    "label": "SPRING min-Z Table",
                    "output_name": "output",
                    "uuid": "f93ea63d-5385-474f-bc3e-2e50b5b9da27"
                }
            ]
        },
        "14": {
            "annotation": "",
            "content_id": "toolshed.g2.bx.psu.edu/repos/guerler/ffindex_dbkit_merge/ffindex_dbkit_merge/0.2+galaxy0",
            "errors": null,
            "id": 14,
            "input_connections": {
                "db_source2|ffdata": {
                    "id": 11,
                    "output_name": "database"
                },
                "db_source2|ffindex": {
                    "id": 11,
                    "output_name": "index"
                },
                "db_source|ffdata": {
                    "id": 12,
                    "output_name": "database"
                },
                "db_source|ffindex": {
                    "id": 12,
                    "output_name": "index"
                }
            },
            "inputs": [],
            "label": null,
            "name": "DBKit Merge",
            "outputs": [
                {
                    "name": "outindex",
                    "type": "ffindex"
                },
                {
                    "name": "outdata",
                    "type": "ffdata"
                }
            ],
            "position": {
                "left": 1410.0625109316697,
                "top": 136.07813137680736
            },
            "post_job_actions": {},
            "tool_id": "toolshed.g2.bx.psu.edu/repos/guerler/ffindex_dbkit_merge/ffindex_dbkit_merge/0.2+galaxy0",
            "tool_shed_repository": {
                "changeset_revision": "37b77aabeb3e",
                "name": "ffindex_dbkit_merge",
                "owner": "guerler",
                "tool_shed": "toolshed.g2.bx.psu.edu"
            },
            "tool_state": "{\"db_source\": {\"db_source_selector\": \"history\", \"__current_case__\": 1, \"ffdata\": {\"__class__\": \"ConnectedValue\"}, \"ffindex\": {\"__class__\": \"ConnectedValue\"}}, \"db_source2\": {\"db_source_selector\": \"history\", \"__current_case__\": 1, \"ffdata\": {\"__class__\": \"ConnectedValue\"}, \"ffindex\": {\"__class__\": \"ConnectedValue\"}}, \"logfile\": false, \"__page__\": null, \"__rerun_remap_job_id__\": null}",
            "tool_version": "0.2+galaxy0",
            "type": "tool",
            "uuid": "8e68ab75-a706-44e9-8249-6a89ddbe349c",
            "when": null,
            "workflow_outputs": [
                {
                    "label": "DBKit Merged Index",
                    "output_name": "outindex",
                    "uuid": "b8d177ec-7017-46d3-899e-21a7462377dd"
                },
                {
                    "label": "DBKit Merged Database",
                    "output_name": "outdata",
                    "uuid": "98a5bb4a-1b29-4db8-b392-d6d32abdd378"
                }
            ]
        },
        "15": {
            "annotation": "",
            "content_id": "toolshed.g2.bx.psu.edu/repos/guerler/spring_model_all/spring_model_all/0.2+galaxy0",
            "errors": null,
            "id": 15,
            "input_connections": {
                "crossreference": {
                    "id": 2,
                    "output_name": "output"
                },
                "hhr_source|ffdata": {
                    "id": 14,
                    "output_name": "outdata"
                },
                "hhr_source|ffindex": {
                    "id": 14,
                    "output_name": "outindex"
                },
                "pairs": {
                    "id": 13,
                    "output_name": "output"
                }
            },
            "inputs": [],
            "label": null,
            "name": "SPRING Model-All",
            "outputs": [
                {
                    "name": "models",
                    "type": "input"
                },
                {
                    "name": "log",
                    "type": "tabular"
                }
            ],
            "position": {
                "left": 1698.046875,
                "top": 484.0781368426422
            },
            "post_job_actions": {},
            "tool_id": "toolshed.g2.bx.psu.edu/repos/guerler/spring_model_all/spring_model_all/0.2+galaxy0",
            "tool_shed_repository": {
                "changeset_revision": "cfcfe731de55",
                "name": "spring_model_all",
                "owner": "guerler",
                "tool_shed": "toolshed.g2.bx.psu.edu"
            },
            "tool_state": "{\"crossreference\": {\"__class__\": \"ConnectedValue\"}, \"hhr_source\": {\"hhr_source_selector\": \"history\", \"__current_case__\": 1, \"ffdata\": {\"__class__\": \"ConnectedValue\"}, \"ffindex\": {\"__class__\": \"ConnectedValue\"}}, \"logfile\": true, \"pairs\": {\"__class__\": \"ConnectedValue\"}, \"pdb_source\": {\"pdb_source_selector\": \"indexed\", \"__current_case__\": 0, \"pdb\": \"pdb_2021-03\", \"zipped\": \"gz\"}, \"__page__\": null, \"__rerun_remap_job_id__\": null}",
            "tool_version": "0.2+galaxy0",
            "type": "tool",
            "uuid": "7cc2e95b-b1ca-40ea-b7ca-cd6f1c0491fe",
            "when": null,
            "workflow_outputs": [
                {
                    "label": null,
                    "output_name": "models",
                    "uuid": "1a886131-b3a8-4781-bf6b-58200d2e6576"
                },
                {
                    "label": null,
                    "output_name": "log",
                    "uuid": "f29f6594-b62e-4102-89a2-e66fc67584a8"
                }
            ]
        }
    },
    "tags": [],
    "uuid": "5811fd17-2807-48cc-9d61-3223e4ab1135",
    "version": 2
}