{
    "a_galaxy_workflow": "true",
    "annotation": "",
    "creator": [
        {
            "class": "Person",
            "identifier": "0000-0001-6553-5274",
            "name": "Peter van Heusden"
        }
    ],
    "format-version": "0.1",
    "license": "MIT",
    "name": "SARS-CoV-2 Illumina Amplicon pipeline - iVar bas (release v0.2.2)",
    "steps": {
        "0": {
            "annotation": "",
            "content_id": null,
            "errors": null,
            "id": 0,
            "input_connections": {},
            "inputs": [
                {
                    "description": "",
                    "name": "Paired read collection for samples"
                }
            ],
            "label": "Paired read collection for samples",
            "name": "Input dataset collection",
            "outputs": [],
            "position": {
                "bottom": 338.74998474121094,
                "height": 82.19999694824219,
                "left": -364.683349609375,
                "right": -164.683349609375,
                "top": 256.54998779296875,
                "width": 200,
                "x": -364.683349609375,
                "y": 256.54998779296875
            },
            "tool_id": null,
            "tool_state": "{\"optional\": false, \"tag\": null, \"collection_type\": \"list:paired\"}",
            "tool_version": null,
            "type": "data_collection_input",
            "uuid": "f3ddcf89-fb94-4a01-96a4-23c425d2cbfd",
            "when": null,
            "workflow_outputs": []
        },
        "1": {
            "annotation": "",
            "content_id": null,
            "errors": null,
            "id": 1,
            "input_connections": {},
            "inputs": [
                {
                    "description": "",
                    "name": "Reference FASTA"
                }
            ],
            "label": "Reference FASTA",
            "name": "Input dataset",
            "outputs": [],
            "position": {
                "bottom": 564.3499908447266,
                "height": 61.80000305175781,
                "left": -366.683349609375,
                "right": -166.683349609375,
                "top": 502.54998779296875,
                "width": 200,
                "x": -366.683349609375,
                "y": 502.54998779296875
            },
            "tool_id": null,
            "tool_state": "{\"optional\": false, \"tag\": null}",
            "tool_version": null,
            "type": "data_input",
            "uuid": "478547db-8793-4863-a06d-8ff0994af00b",
            "when": null,
            "workflow_outputs": []
        },
        "2": {
            "annotation": "",
            "content_id": null,
            "errors": null,
            "id": 2,
            "input_connections": {},
            "inputs": [
                {
                    "description": "",
                    "name": "Primer BED"
                }
            ],
            "label": "Primer BED",
            "name": "Input dataset",
            "outputs": [],
            "position": {
                "bottom": 696.2499847412109,
                "height": 82.19999694824219,
                "left": -360.683349609375,
                "right": -160.683349609375,
                "top": 614.0499877929688,
                "width": 200,
                "x": -360.683349609375,
                "y": 614.0499877929688
            },
            "tool_id": null,
            "tool_state": "{\"optional\": false, \"tag\": null}",
            "tool_version": null,
            "type": "data_input",
            "uuid": "19e39bde-5fb2-4ffe-8658-1e7ac1ec4521",
            "when": null,
            "workflow_outputs": []
        },
        "3": {
            "annotation": "",
            "content_id": null,
            "errors": null,
            "id": 3,
            "input_connections": {},
            "inputs": [
                {
                    "description": "",
                    "name": "Read fraction to call variant"
                }
            ],
            "label": "Read fraction to call variant",
            "name": "Input parameter",
            "outputs": [],
            "position": {
                "bottom": 961.1499786376953,
                "height": 102.59999084472656,
                "left": -332.33331298828125,
                "right": -132.33331298828125,
                "top": 858.5499877929688,
                "width": 200,
                "x": -332.33331298828125,
                "y": 858.5499877929688
            },
            "tool_id": null,
            "tool_state": "{\"default\": 0.7, \"parameter_type\": \"float\", \"optional\": true}",
            "tool_version": null,
            "type": "parameter_input",
            "uuid": "60308752-46ea-4464-b30e-57d63ced7c04",
            "when": null,
            "workflow_outputs": []
        },
        "4": {
            "annotation": "",
            "content_id": null,
            "errors": null,
            "id": 4,
            "input_connections": {},
            "inputs": [
                {
                    "description": "",
                    "name": "Minimum quality score to call base"
                }
            ],
            "label": "Minimum quality score to call base",
            "name": "Input parameter",
            "outputs": [],
            "position": {
                "bottom": 1127.1500396728516,
                "height": 102.59999084472656,
                "left": -337.2833251953125,
                "right": -137.2833251953125,
                "top": 1024.550048828125,
                "width": 200,
                "x": -337.2833251953125,
                "y": 1024.550048828125
            },
            "tool_id": null,
            "tool_state": "{\"default\": 20, \"parameter_type\": \"integer\", \"optional\": true}",
            "tool_version": null,
            "type": "parameter_input",
            "uuid": "e5582d9b-1000-444c-93d2-15de25b197bd",
            "when": null,
            "workflow_outputs": []
        },
        "5": {
            "annotation": "",
            "content_id": "toolshed.g2.bx.psu.edu/repos/iuc/fastp/fastp/0.20.1+galaxy0",
            "errors": null,
            "id": 5,
            "input_connections": {
                "single_paired|paired_input": {
                    "id": 0,
                    "output_name": "output"
                }
            },
            "inputs": [],
            "label": "fastp: Trimmed Illumina Reads",
            "name": "fastp",
            "outputs": [
                {
                    "name": "output_paired_coll",
                    "type": "input"
                },
                {
                    "name": "report_html",
                    "type": "html"
                },
                {
                    "name": "report_json",
                    "type": "json"
                }
            ],
            "position": {
                "bottom": 458.1499938964844,
                "height": 235.59999084472656,
                "left": -86.68333435058594,
                "right": 113.31666564941406,
                "top": 222.5500030517578,
                "width": 200,
                "x": -86.68333435058594,
                "y": 222.5500030517578
            },
            "post_job_actions": {
                "HideDatasetActionoutput_paired_coll": {
                    "action_arguments": {},
                    "action_type": "HideDatasetAction",
                    "output_name": "output_paired_coll"
                },
                "HideDatasetActionreport_html": {
                    "action_arguments": {},
                    "action_type": "HideDatasetAction",
                    "output_name": "report_html"
                },
                "HideDatasetActionreport_json": {
                    "action_arguments": {},
                    "action_type": "HideDatasetAction",
                    "output_name": "report_json"
                }
            },
            "tool_id": "toolshed.g2.bx.psu.edu/repos/iuc/fastp/fastp/0.20.1+galaxy0",
            "tool_shed_repository": {
                "changeset_revision": "dbf9c561ef29",
                "name": "fastp",
                "owner": "iuc",
                "tool_shed": "toolshed.g2.bx.psu.edu"
            },
            "tool_state": "{\"filter_options\": {\"quality_filtering_options\": {\"disable_quality_filtering\": false, \"qualified_quality_phred\": null, \"unqualified_percent_limit\": null, \"n_base_limit\": null}, \"length_filtering_options\": {\"disable_length_filtering\": false, \"length_required\": null, \"length_limit\": null}, \"low_complexity_filter\": {\"enable_low_complexity_filter\": false, \"complexity_threshold\": null}}, \"output_options\": {\"report_html\": true, \"report_json\": true}, \"overrepresented_sequence_analysis\": {\"overrepresentation_analysis\": false, \"overrepresentation_sampling\": null}, \"read_mod_options\": {\"polyg_tail_trimming\": {\"trimming_select\": \"\", \"__current_case__\": 1, \"poly_g_min_len\": null}, \"polyx_tail_trimming\": {\"polyx_trimming_select\": \"\", \"__current_case__\": 1}, \"umi_processing\": {\"umi\": false, \"umi_loc\": \"\", \"umi_len\": null, \"umi_prefix\": \"\"}, \"cutting_by_quality_options\": {\"cut_by_quality5\": false, \"cut_by_quality3\": false, \"cut_window_size\": null, \"cut_mean_quality\": null}, \"base_correction_options\": {\"correction\": false}}, \"single_paired\": {\"single_paired_selector\": \"paired_collection\", \"__current_case__\": 2, \"paired_input\": {\"__class__\": \"ConnectedValue\"}, \"adapter_trimming_options\": {\"disable_adapter_trimming\": false, \"adapter_sequence1\": \"\", \"adapter_sequence2\": \"\"}, \"global_trimming_options\": {\"trim_front1\": null, \"trim_tail1\": null, \"trim_front2\": null, \"trim_tail2\": null}}, \"__page__\": null, \"__rerun_remap_job_id__\": null}",
            "tool_version": null,
            "type": "tool",
            "uuid": "2904ce11-4bff-48d1-aed1-ecd6771a3c73",
            "when": null,
            "workflow_outputs": []
        },
        "6": {
            "annotation": "",
            "content_id": "toolshed.g2.bx.psu.edu/repos/bgruening/text_processing/tp_sed_tool/1.1.1",
            "errors": null,
            "id": 6,
            "input_connections": {
                "infile": {
                    "id": 1,
                    "output_name": "output"
                }
            },
            "inputs": [],
            "label": "Rename reference to NC_045512.2",
            "name": "Text transformation",
            "outputs": [
                {
                    "name": "output",
                    "type": "input"
                }
            ],
            "position": {
                "bottom": 610.6499786376953,
                "height": 113.59999084472656,
                "left": -96.68333435058594,
                "right": 103.31666564941406,
                "top": 497.04998779296875,
                "width": 200,
                "x": -96.68333435058594,
                "y": 497.04998779296875
            },
            "post_job_actions": {
                "HideDatasetActionoutput": {
                    "action_arguments": {},
                    "action_type": "HideDatasetAction",
                    "output_name": "output"
                }
            },
            "tool_id": "toolshed.g2.bx.psu.edu/repos/bgruening/text_processing/tp_sed_tool/1.1.1",
            "tool_shed_repository": {
                "changeset_revision": "f46f0e4f75c4",
                "name": "text_processing",
                "owner": "bgruening",
                "tool_shed": "toolshed.g2.bx.psu.edu"
            },
            "tool_state": "{\"adv_opts\": {\"adv_opts_selector\": \"basic\", \"__current_case__\": 0}, \"code\": \"/^>/s/^>MN908947.3/>NC_045512.2/\", \"infile\": {\"__class__\": \"ConnectedValue\"}, \"__page__\": null, \"__rerun_remap_job_id__\": null}",
            "tool_version": null,
            "type": "tool",
            "uuid": "f429449f-84d8-48b9-aa1c-cb0f348cd140",
            "when": null,
            "workflow_outputs": []
        },
        "7": {
            "annotation": "",
            "content_id": "toolshed.g2.bx.psu.edu/repos/devteam/bwa/bwa_mem/0.7.17.1",
            "errors": null,
            "id": 7,
            "input_connections": {
                "fastq_input|fastq_input1": {
                    "id": 5,
                    "output_name": "output_paired_coll"
                },
                "reference_source|ref_file": {
                    "id": 6,
                    "output_name": "output"
                }
            },
            "inputs": [],
            "label": null,
            "name": "Map with BWA-MEM",
            "outputs": [
                {
                    "name": "bam_output",
                    "type": "bam"
                }
            ],
            "position": {
                "bottom": 523.7499847412109,
                "height": 205.1999969482422,
                "left": 191.31666564941406,
                "right": 391.31666564941406,
                "top": 318.54998779296875,
                "width": 200,
                "x": 191.31666564941406,
                "y": 318.54998779296875
            },
            "post_job_actions": {
                "HideDatasetActionbam_output": {
                    "action_arguments": {},
                    "action_type": "HideDatasetAction",
                    "output_name": "bam_output"
                }
            },
            "tool_id": "toolshed.g2.bx.psu.edu/repos/devteam/bwa/bwa_mem/0.7.17.1",
            "tool_shed_repository": {
                "changeset_revision": "3fe632431b68",
                "name": "bwa",
                "owner": "devteam",
                "tool_shed": "toolshed.g2.bx.psu.edu"
            },
            "tool_state": "{\"analysis_type\": {\"analysis_type_selector\": \"illumina\", \"__current_case__\": 0}, \"fastq_input\": {\"fastq_input_selector\": \"paired_collection\", \"__current_case__\": 2, \"fastq_input1\": {\"__class__\": \"ConnectedValue\"}, \"iset_stats\": \"\"}, \"reference_source\": {\"reference_source_selector\": \"history\", \"__current_case__\": 1, \"ref_file\": {\"__class__\": \"ConnectedValue\"}, \"index_a\": \"auto\"}, \"rg\": {\"rg_selector\": \"do_not_set\", \"__current_case__\": 3}, \"__page__\": null, \"__rerun_remap_job_id__\": null}",
            "tool_version": null,
            "type": "tool",
            "uuid": "0d2dc8de-17cb-4b29-aa2b-304407546704",
            "when": null,
            "workflow_outputs": []
        },
        "8": {
            "annotation": "",
            "content_id": "toolshed.g2.bx.psu.edu/repos/devteam/samtools_stats/samtools_stats/2.0.2+galaxy2",
            "errors": null,
            "id": 8,
            "input_connections": {
                "input": {
                    "id": 7,
                    "output_name": "bam_output"
                }
            },
            "inputs": [],
            "label": null,
            "name": "Samtools stats",
            "outputs": [
                {
                    "name": "output",
                    "type": "tabular"
                }
            ],
            "position": {
                "bottom": 432.1499786376953,
                "height": 113.59999084472656,
                "left": 469.316650390625,
                "right": 669.316650390625,
                "top": 318.54998779296875,
                "width": 200,
                "x": 469.316650390625,
                "y": 318.54998779296875
            },
            "post_job_actions": {
                "HideDatasetActionoutput": {
                    "action_arguments": {},
                    "action_type": "HideDatasetAction",
                    "output_name": "output"
                }
            },
            "tool_id": "toolshed.g2.bx.psu.edu/repos/devteam/samtools_stats/samtools_stats/2.0.2+galaxy2",
            "tool_shed_repository": {
                "changeset_revision": "145f6d74ff5e",
                "name": "samtools_stats",
                "owner": "devteam",
                "tool_shed": "toolshed.g2.bx.psu.edu"
            },
            "tool_state": "{\"addref_cond\": {\"addref_select\": \"no\", \"__current_case__\": 0}, \"cond_region\": {\"select_region\": \"no\", \"__current_case__\": 0}, \"cov_threshold\": null, \"coverage_cond\": {\"coverage_select\": \"no\", \"__current_case__\": 0}, \"filter_by_flags\": {\"filter_flags\": \"nofilter\", \"__current_case__\": 1}, \"gc_depth\": null, \"input\": {\"__class__\": \"ConnectedValue\"}, \"insert_size\": null, \"most_inserts\": null, \"read_length\": null, \"remove_dups\": false, \"remove_overlaps\": false, \"sparse\": false, \"split_output_cond\": {\"split_output_selector\": \"no\", \"__current_case__\": 0}, \"trim_quality\": null, \"__page__\": null, \"__rerun_remap_job_id__\": null}",
            "tool_version": null,
            "type": "tool",
            "uuid": "7d0a4f06-cd8d-4576-a0bf-b02641e4762d",
            "when": null,
            "workflow_outputs": []
        },
        "9": {
            "annotation": "",
            "content_id": "toolshed.g2.bx.psu.edu/repos/iuc/samtools_view/samtools_view/1.9+galaxy3",
            "errors": null,
            "id": 9,
            "input_connections": {
                "input": {
                    "id": 7,
                    "output_name": "bam_output"
                }
            },
            "inputs": [],
            "label": null,
            "name": "Samtools view",
            "outputs": [
                {
                    "name": "outputsam",
                    "type": "input"
                }
            ],
            "position": {
                "bottom": 672.6166839599609,
                "height": 154.40000915527344,
                "left": 472.66668701171875,
                "right": 672.6666870117188,
                "top": 518.2166748046875,
                "width": 200,
                "x": 472.66668701171875,
                "y": 518.2166748046875
            },
            "post_job_actions": {
                "HideDatasetActionoutputsam": {
                    "action_arguments": {},
                    "action_type": "HideDatasetAction",
                    "output_name": "outputsam"
                }
            },
            "tool_id": "toolshed.g2.bx.psu.edu/repos/iuc/samtools_view/samtools_view/1.9+galaxy3",
            "tool_shed_repository": {
                "changeset_revision": "b72793637686",
                "name": "samtools_view",
                "owner": "iuc",
                "tool_shed": "toolshed.g2.bx.psu.edu"
            },
            "tool_state": "{\"addref_cond\": {\"addref_select\": \"no\", \"__current_case__\": 0}, \"input\": {\"__class__\": \"ConnectedValue\"}, \"mode\": {\"outtype\": \"selected_reads\", \"__current_case__\": 1, \"filter_config\": {\"cond_region\": {\"select_region\": \"no\", \"__current_case__\": 0}, \"cond_rg\": {\"select_rg\": \"no\", \"__current_case__\": 0}, \"quality\": \"20\", \"library\": \"\", \"cigarcons\": null, \"inclusive_filter\": [\"1\", \"2\"], \"exclusive_filter\": null, \"exclusive_filter_all\": null}, \"subsample_config\": {\"subsampling_mode\": {\"select_subsample\": \"fraction\", \"__current_case__\": 0, \"factor\": \"1.0\", \"seed\": null}}, \"output_options\": {\"reads_report_type\": \"retained\", \"__current_case__\": 0, \"complementary_output\": false, \"adv_output\": {\"readtags\": [], \"collapsecigar\": false}, \"output_format\": {\"oformat\": \"bam\", \"__current_case__\": 2}}}, \"__page__\": null, \"__rerun_remap_job_id__\": null}",
            "tool_version": null,
            "type": "tool",
            "uuid": "61c8d668-280e-47bb-90e8-cdfe1fff7327",
            "when": null,
            "workflow_outputs": []
        },
        "10": {
            "annotation": "",
            "content_id": "toolshed.g2.bx.psu.edu/repos/iuc/qualimap_bamqc/qualimap_bamqc/2.2.2d+galaxy3",
            "errors": null,
            "id": 10,
            "input_connections": {
                "input1": {
                    "id": 9,
                    "output_name": "outputsam"
                }
            },
            "inputs": [],
            "label": null,
            "name": "QualiMap BamQC",
            "outputs": [
                {
                    "name": "raw_data",
                    "type": "input"
                },
                {
                    "name": "output_html",
                    "type": "html"
                }
            ],
            "position": {
                "bottom": 600.7499847412109,
                "height": 205.1999969482422,
                "left": 747.316650390625,
                "right": 947.316650390625,
                "top": 395.54998779296875,
                "width": 200,
                "x": 747.316650390625,
                "y": 395.54998779296875
            },
            "post_job_actions": {
                "HideDatasetActionoutput_html": {
                    "action_arguments": {},
                    "action_type": "HideDatasetAction",
                    "output_name": "output_html"
                },
                "HideDatasetActionraw_data": {
                    "action_arguments": {},
                    "action_type": "HideDatasetAction",
                    "output_name": "raw_data"
                }
            },
            "tool_id": "toolshed.g2.bx.psu.edu/repos/iuc/qualimap_bamqc/qualimap_bamqc/2.2.2d+galaxy3",
            "tool_shed_repository": {
                "changeset_revision": "19ece8afbaab",
                "name": "qualimap_bamqc",
                "owner": "iuc",
                "tool_shed": "toolshed.g2.bx.psu.edu"
            },
            "tool_state": "{\"duplicate_skipping\": [\"0\"], \"input1\": {\"__class__\": \"ConnectedValue\"}, \"per_base_coverage\": false, \"plot_specific\": {\"n_bins\": \"400\", \"paint_chromosome_limits\": true, \"genome_gc_distr\": null, \"homopolymer_size\": \"3\"}, \"stats_regions\": {\"region_select\": \"all\", \"__current_case__\": 0}, \"__page__\": null, \"__rerun_remap_job_id__\": null}",
            "tool_version": null,
            "type": "tool",
            "uuid": "9837af42-f1e8-45a1-bc8b-4eb4363b6c79",
            "when": null,
            "workflow_outputs": []
        },
        "11": {
            "annotation": "",
            "content_id": "toolshed.g2.bx.psu.edu/repos/iuc/ivar_trim/ivar_trim/1.3.1+galaxy2",
            "errors": null,
            "id": 11,
            "input_connections": {
                "input_bam": {
                    "id": 9,
                    "output_name": "outputsam"
                },
                "primer|input_bed": {
                    "id": 2,
                    "output_name": "output"
                }
            },
            "inputs": [
                {
                    "description": "runtime parameter for tool ivar trim",
                    "name": "input_bam"
                },
                {
                    "description": "runtime parameter for tool ivar trim",
                    "name": "primer"
                }
            ],
            "label": null,
            "name": "ivar trim",
            "outputs": [
                {
                    "name": "output_bam",
                    "type": "bam"
                }
            ],
            "position": {
                "bottom": 823.3499908447266,
                "height": 184.8000030517578,
                "left": 747.316650390625,
                "right": 947.316650390625,
                "top": 638.5499877929688,
                "width": 200,
                "x": 747.316650390625,
                "y": 638.5499877929688
            },
            "post_job_actions": {},
            "tool_id": "toolshed.g2.bx.psu.edu/repos/iuc/ivar_trim/ivar_trim/1.3.1+galaxy2",
            "tool_shed_repository": {
                "changeset_revision": "c092052ed673",
                "name": "ivar_trim",
                "owner": "iuc",
                "tool_shed": "toolshed.g2.bx.psu.edu"
            },
            "tool_state": "{\"amplicons\": {\"filter_by\": \"yes_compute\", \"__current_case__\": 0}, \"inc_primers\": true, \"input_bam\": {\"__class__\": \"RuntimeValue\"}, \"min_len\": \"30\", \"min_qual\": \"20\", \"primer\": {\"source\": \"history\", \"__current_case__\": 0, \"input_bed\": {\"__class__\": \"RuntimeValue\"}}, \"primer_pos_wiggle\": \"0\", \"window_width\": \"4\", \"__page__\": null, \"__rerun_remap_job_id__\": null}",
            "tool_version": null,
            "type": "tool",
            "uuid": "e2c82caf-b00b-41ae-8fee-5d766ba6c4ad",
            "when": null,
            "workflow_outputs": [
                {
                    "label": "primer_trimmed_bam",
                    "output_name": "output_bam",
                    "uuid": "44dd60ee-71f7-4483-8e93-2bd02658a4ed"
                }
            ]
        },
        "12": {
            "annotation": "",
            "content_id": "__FLATTEN__",
            "errors": null,
            "id": 12,
            "input_connections": {
                "input": {
                    "id": 10,
                    "output_name": "raw_data"
                }
            },
            "inputs": [],
            "label": null,
            "name": "Flatten collection",
            "outputs": [
                {
                    "name": "output",
                    "type": "input"
                }
            ],
            "position": {
                "bottom": 555.1499786376953,
                "height": 113.59999084472656,
                "left": 1025.316650390625,
                "right": 1225.316650390625,
                "top": 441.54998779296875,
                "width": 200,
                "x": 1025.316650390625,
                "y": 441.54998779296875
            },
            "post_job_actions": {
                "HideDatasetActionoutput": {
                    "action_arguments": {},
                    "action_type": "HideDatasetAction",
                    "output_name": "output"
                }
            },
            "tool_id": "__FLATTEN__",
            "tool_state": "{\"input\": {\"__class__\": \"ConnectedValue\"}, \"join_identifier\": \"_\", \"__page__\": null, \"__rerun_remap_job_id__\": null}",
            "tool_version": null,
            "type": "tool",
            "uuid": "0241768e-0255-46cb-aafc-f6e33796bdd1",
            "when": null,
            "workflow_outputs": []
        },
        "13": {
            "annotation": "",
            "content_id": "toolshed.g2.bx.psu.edu/repos/iuc/ivar_variants/ivar_variants/1.3.1+galaxy2",
            "errors": null,
            "id": 13,
            "input_connections": {
                "input_bam": {
                    "id": 11,
                    "output_name": "output_bam"
                },
                "min_freq": {
                    "id": 3,
                    "output_name": "output"
                },
                "min_qual": {
                    "id": 4,
                    "output_name": "output"
                },
                "ref": {
                    "id": 1,
                    "output_name": "output"
                }
            },
            "inputs": [],
            "label": null,
            "name": "ivar variants",
            "outputs": [
                {
                    "name": "output_variants_tabular",
                    "type": "tabular"
                },
                {
                    "name": "output_variants_vcf",
                    "type": "vcf"
                }
            ],
            "position": {
                "bottom": 967.4499816894531,
                "height": 296.3999938964844,
                "left": 1047.316650390625,
                "right": 1247.316650390625,
                "top": 671.0499877929688,
                "width": 200,
                "x": 1047.316650390625,
                "y": 671.0499877929688
            },
            "post_job_actions": {
                "HideDatasetActionoutput_variants_vcf": {
                    "action_arguments": {},
                    "action_type": "HideDatasetAction",
                    "output_name": "output_variants_vcf"
                },
                "RenameDatasetActionoutput_variants_tabular": {
                    "action_arguments": {
                        "newname": "ivar variants tabular output on #{input}"
                    },
                    "action_type": "RenameDatasetAction",
                    "output_name": "output_variants_tabular"
                }
            },
            "tool_id": "toolshed.g2.bx.psu.edu/repos/iuc/ivar_variants/ivar_variants/1.3.1+galaxy2",
            "tool_shed_repository": {
                "changeset_revision": "584beffa972b",
                "name": "ivar_variants",
                "owner": "iuc",
                "tool_shed": "toolshed.g2.bx.psu.edu"
            },
            "tool_state": "{\"input_bam\": {\"__class__\": \"ConnectedValue\"}, \"min_freq\": {\"__class__\": \"ConnectedValue\"}, \"min_qual\": {\"__class__\": \"ConnectedValue\"}, \"output_format\": {\"choice\": \"tabular_and_vcf\", \"__current_case__\": 1, \"pass_only\": false}, \"ref\": {\"__class__\": \"ConnectedValue\"}, \"__page__\": null, \"__rerun_remap_job_id__\": null}",
            "tool_version": null,
            "type": "tool",
            "uuid": "ccbfbe8d-31de-4f08-9d96-69281ed656a7",
            "when": null,
            "workflow_outputs": [
                {
                    "label": "ivar_variants_tabular",
                    "output_name": "output_variants_tabular",
                    "uuid": "cd9807b2-7411-4c79-9a32-5dedf99701ec"
                }
            ]
        },
        "14": {
            "annotation": "",
            "content_id": "toolshed.g2.bx.psu.edu/repos/iuc/ivar_consensus/ivar_consensus/1.3.1+galaxy0",
            "errors": null,
            "id": 14,
            "input_connections": {
                "input_bam": {
                    "id": 11,
                    "output_name": "output_bam"
                },
                "min_freq": {
                    "id": 3,
                    "output_name": "output"
                },
                "min_qual": {
                    "id": 4,
                    "output_name": "output"
                }
            },
            "inputs": [],
            "label": null,
            "name": "ivar consensus",
            "outputs": [
                {
                    "name": "consensus",
                    "type": "fasta"
                }
            ],
            "position": {
                "bottom": 1239.1499786376953,
                "height": 235.59999084472656,
                "left": 1025.316650390625,
                "right": 1225.316650390625,
                "top": 1003.5499877929688,
                "width": 200,
                "x": 1025.316650390625,
                "y": 1003.5499877929688
            },
            "post_job_actions": {
                "HideDatasetActionconsensus": {
                    "action_arguments": {},
                    "action_type": "HideDatasetAction",
                    "output_name": "consensus"
                }
            },
            "tool_id": "toolshed.g2.bx.psu.edu/repos/iuc/ivar_consensus/ivar_consensus/1.3.1+galaxy0",
            "tool_shed_repository": {
                "changeset_revision": "e319b5b65879",
                "name": "ivar_consensus",
                "owner": "iuc",
                "tool_shed": "toolshed.g2.bx.psu.edu"
            },
            "tool_state": "{\"filter_depth\": false, \"gap\": true, \"input_bam\": {\"__class__\": \"ConnectedValue\"}, \"min_depth\": \"50\", \"min_freq\": {\"__class__\": \"ConnectedValue\"}, \"min_qual\": {\"__class__\": \"ConnectedValue\"}, \"__page__\": null, \"__rerun_remap_job_id__\": null}",
            "tool_version": null,
            "type": "tool",
            "uuid": "117e292e-6c26-4614-81cb-cc7f2f521c28",
            "when": null,
            "workflow_outputs": []
        },
        "15": {
            "annotation": "",
            "content_id": "toolshed.g2.bx.psu.edu/repos/iuc/multiqc/multiqc/1.9+galaxy1",
            "errors": null,
            "id": 15,
            "input_connections": {
                "results_0|software_cond|input": {
                    "id": 5,
                    "output_name": "report_json"
                },
                "results_1|software_cond|output_0|type|input": {
                    "id": 8,
                    "output_name": "output"
                },
                "results_2|software_cond|input": {
                    "id": 12,
                    "output_name": "output"
                }
            },
            "inputs": [],
            "label": "Quality Control Report",
            "name": "MultiQC",
            "outputs": [
                {
                    "name": "stats",
                    "type": "input"
                },
                {
                    "name": "html_report",
                    "type": "html"
                }
            ],
            "position": {
                "bottom": 606.9499816894531,
                "height": 286.3999938964844,
                "left": 1303.316650390625,
                "right": 1503.316650390625,
                "top": 320.54998779296875,
                "width": 200,
                "x": 1303.316650390625,
                "y": 320.54998779296875
            },
            "post_job_actions": {
                "HideDatasetActionstats": {
                    "action_arguments": {},
                    "action_type": "HideDatasetAction",
                    "output_name": "stats"
                },
                "RenameDatasetActionhtml_report": {
                    "action_arguments": {
                        "newname": "Quality Control report"
                    },
                    "action_type": "RenameDatasetAction",
                    "output_name": "html_report"
                }
            },
            "tool_id": "toolshed.g2.bx.psu.edu/repos/iuc/multiqc/multiqc/1.9+galaxy1",
            "tool_shed_repository": {
                "changeset_revision": "75c93c70d094",
                "name": "multiqc",
                "owner": "iuc",
                "tool_shed": "toolshed.g2.bx.psu.edu"
            },
            "tool_state": "{\"comment\": \"\", \"export\": false, \"flat\": false, \"results\": [{\"__index__\": 0, \"software_cond\": {\"software\": \"fastp\", \"__current_case__\": 7, \"input\": {\"__class__\": \"ConnectedValue\"}}}, {\"__index__\": 1, \"software_cond\": {\"software\": \"samtools\", \"__current_case__\": 24, \"output\": [{\"__index__\": 0, \"type\": {\"type\": \"stats\", \"__current_case__\": 0, \"input\": {\"__class__\": \"ConnectedValue\"}}}]}}, {\"__index__\": 2, \"software_cond\": {\"software\": \"qualimap\", \"__current_case__\": 20, \"input\": {\"__class__\": \"ConnectedValue\"}}}], \"saveLog\": false, \"title\": \"\", \"__page__\": null, \"__rerun_remap_job_id__\": null}",
            "tool_version": null,
            "type": "tool",
            "uuid": "4b3a7d10-3500-41d2-a2ee-8cfad1aa49c8",
            "when": null,
            "workflow_outputs": [
                {
                    "label": "bamqc_report_html",
                    "output_name": "html_report",
                    "uuid": "08df0960-bae7-4057-8ad4-36a31503a4d5"
                }
            ]
        },
        "16": {
            "annotation": "",
            "content_id": "toolshed.g2.bx.psu.edu/repos/iuc/snpeff_sars_cov_2/snpeff_sars_cov_2/4.5covid19",
            "errors": null,
            "id": 16,
            "input_connections": {
                "input": {
                    "id": 13,
                    "output_name": "output_variants_vcf"
                }
            },
            "inputs": [
                {
                    "description": "runtime parameter for tool SnpEff eff:",
                    "name": "intervals"
                },
                {
                    "description": "runtime parameter for tool SnpEff eff:",
                    "name": "transcripts"
                }
            ],
            "label": "Annotated variants",
            "name": "SnpEff eff:",
            "outputs": [
                {
                    "name": "snpeff_output",
                    "type": "vcf"
                },
                {
                    "name": "statsFile",
                    "type": "html"
                }
            ],
            "position": {
                "bottom": 997.75,
                "height": 327.20001220703125,
                "left": 1807.316650390625,
                "right": 2007.316650390625,
                "top": 670.5499877929688,
                "width": 200,
                "x": 1807.316650390625,
                "y": 670.5499877929688
            },
            "post_job_actions": {
                "HideDatasetActionstatsFile": {
                    "action_arguments": {},
                    "action_type": "HideDatasetAction",
                    "output_name": "statsFile"
                },
                "RenameDatasetActionsnpeff_output": {
                    "action_arguments": {
                        "newname": "Annotated variants"
                    },
                    "action_type": "RenameDatasetAction",
                    "output_name": "snpeff_output"
                }
            },
            "tool_id": "toolshed.g2.bx.psu.edu/repos/iuc/snpeff_sars_cov_2/snpeff_sars_cov_2/4.5covid19",
            "tool_shed_repository": {
                "changeset_revision": "2a3a00c1fa0a",
                "name": "snpeff_sars_cov_2",
                "owner": "iuc",
                "tool_shed": "toolshed.g2.bx.psu.edu"
            },
            "tool_state": "{\"annotations\": null, \"chr\": \"\", \"csvStats\": false, \"filter\": {\"specificEffects\": \"no\", \"__current_case__\": 0}, \"filterOut\": null, \"generate_stats\": true, \"genome_version\": \"NC_045512.2\", \"input\": {\"__class__\": \"ConnectedValue\"}, \"inputFormat\": \"vcf\", \"intervals\": {\"__class__\": \"RuntimeValue\"}, \"noLog\": true, \"offset\": \"default\", \"outputConditional\": {\"outputFormat\": \"vcf\", \"__current_case__\": 0}, \"transcripts\": {\"__class__\": \"RuntimeValue\"}, \"udLength\": \"0\", \"__page__\": null, \"__rerun_remap_job_id__\": null}",
            "tool_version": null,
            "type": "tool",
            "uuid": "af84f12f-cc0f-43ea-a69a-1342b911a3f3",
            "when": null,
            "workflow_outputs": [
                {
                    "label": "snpeff_annotated_vcf",
                    "output_name": "snpeff_output",
                    "uuid": "5d583d91-c072-43dd-9193-633b9249c6ca"
                }
            ]
        },
        "17": {
            "annotation": "",
            "content_id": "toolshed.g2.bx.psu.edu/repos/bgruening/text_processing/tp_sed_tool/1.1.1",
            "errors": null,
            "id": 17,
            "input_connections": {
                "infile": {
                    "id": 14,
                    "output_name": "consensus"
                }
            },
            "inputs": [],
            "label": "Consensus genome (masked for depth)",
            "name": "Text transformation",
            "outputs": [
                {
                    "name": "output",
                    "type": "input"
                }
            ],
            "position": {
                "bottom": 1158.550048828125,
                "height": 134,
                "left": 1303.316650390625,
                "right": 1503.316650390625,
                "top": 1024.550048828125,
                "width": 200,
                "x": 1303.316650390625,
                "y": 1024.550048828125
            },
            "post_job_actions": {
                "RenameDatasetActionoutput": {
                    "action_arguments": {
                        "newname": "Consensus genome"
                    },
                    "action_type": "RenameDatasetAction",
                    "output_name": "output"
                }
            },
            "tool_id": "toolshed.g2.bx.psu.edu/repos/bgruening/text_processing/tp_sed_tool/1.1.1",
            "tool_shed_repository": {
                "changeset_revision": "f46f0e4f75c4",
                "name": "text_processing",
                "owner": "bgruening",
                "tool_shed": "toolshed.g2.bx.psu.edu"
            },
            "tool_state": "{\"adv_opts\": {\"adv_opts_selector\": \"basic\", \"__current_case__\": 0}, \"code\": \"/^>/s/Consensus_(.*)_threshold_.*/\\\\1/\", \"infile\": {\"__class__\": \"ConnectedValue\"}, \"__page__\": null, \"__rerun_remap_job_id__\": null}",
            "tool_version": null,
            "type": "tool",
            "uuid": "088c08da-9fc0-4512-8416-1d55627e7421",
            "when": null,
            "workflow_outputs": [
                {
                    "label": "ivar_consensus_genome",
                    "output_name": "output",
                    "uuid": "9e8bbebe-fa36-4ce9-b394-dae7faa11ad2"
                }
            ]
        },
        "18": {
            "annotation": "",
            "content_id": "toolshed.g2.bx.psu.edu/repos/bgruening/text_processing/tp_cat/0.1.1",
            "errors": null,
            "id": 18,
            "input_connections": {
                "inputs": {
                    "id": 17,
                    "output_name": "output"
                }
            },
            "inputs": [
                {
                    "description": "runtime parameter for tool Concatenate datasets",
                    "name": "inputs"
                }
            ],
            "label": null,
            "name": "Concatenate datasets",
            "outputs": [
                {
                    "name": "out_file1",
                    "type": "input"
                }
            ],
            "position": {
                "bottom": 1249.6500396728516,
                "height": 113.59999084472656,
                "left": 1546.316650390625,
                "right": 1746.316650390625,
                "top": 1136.050048828125,
                "width": 200,
                "x": 1546.316650390625,
                "y": 1136.050048828125
            },
            "post_job_actions": {
                "RenameDatasetActionout_file1": {
                    "action_arguments": {
                        "newname": "Combined Consensus Genomes"
                    },
                    "action_type": "RenameDatasetAction",
                    "output_name": "out_file1"
                }
            },
            "tool_id": "toolshed.g2.bx.psu.edu/repos/bgruening/text_processing/tp_cat/0.1.1",
            "tool_shed_repository": {
                "changeset_revision": "f46f0e4f75c4",
                "name": "text_processing",
                "owner": "bgruening",
                "tool_shed": "toolshed.g2.bx.psu.edu"
            },
            "tool_state": "{\"inputs\": {\"__class__\": \"RuntimeValue\"}, \"queries\": [], \"__page__\": null, \"__rerun_remap_job_id__\": null}",
            "tool_version": null,
            "type": "tool",
            "uuid": "b046ee83-3ef3-4318-bd0d-5f31aaacdaf5",
            "when": null,
            "workflow_outputs": [
                {
                    "label": "combined_multifasta",
                    "output_name": "out_file1",
                    "uuid": "a373cc63-065f-44ba-afe9-c91ffad1b03a"
                }
            ]
        },
        "19": {
            "annotation": "",
            "content_id": "toolshed.g2.bx.psu.edu/repos/iuc/pangolin/pangolin/3.1.14+galaxy0",
            "errors": null,
            "id": 19,
            "input_connections": {
                "input1": {
                    "id": 18,
                    "output_name": "out_file1"
                }
            },
            "inputs": [
                {
                    "description": "runtime parameter for tool Pangolin",
                    "name": "input1"
                }
            ],
            "label": null,
            "name": "Pangolin",
            "outputs": [
                {
                    "name": "output1",
                    "type": "tabular"
                }
            ],
            "position": {
                "bottom": 1166.6500396728516,
                "height": 113.59999084472656,
                "left": 1810.316650390625,
                "right": 2010.316650390625,
                "top": 1053.050048828125,
                "width": 200,
                "x": 1810.316650390625,
                "y": 1053.050048828125
            },
            "post_job_actions": {},
            "tool_id": "toolshed.g2.bx.psu.edu/repos/iuc/pangolin/pangolin/3.1.14+galaxy0",
            "tool_shed_repository": {
                "changeset_revision": "fe3e8506112c",
                "name": "pangolin",
                "owner": "iuc",
                "tool_shed": "toolshed.g2.bx.psu.edu"
            },
            "tool_state": "{\"alignment\": false, \"db\": {\"source\": \"download\", \"__current_case__\": 0}, \"include_header\": true, \"input1\": {\"__class__\": \"RuntimeValue\"}, \"max_ambig\": \"0.5\", \"min_length\": \"10000\", \"usher\": false, \"__page__\": null, \"__rerun_remap_job_id__\": null}",
            "tool_version": null,
            "type": "tool",
            "uuid": "e59c0888-249e-4fae-88cd-d178148d9ed5",
            "when": null,
            "workflow_outputs": [
                {
                    "label": "all_samples_pangolin",
                    "output_name": "output1",
                    "uuid": "d8fdfb35-b9f7-4a9c-9cd4-60e522bf8290"
                }
            ]
        },
        "20": {
            "annotation": "",
            "content_id": "toolshed.g2.bx.psu.edu/repos/iuc/nextclade/nextclade/1.4.1+galaxy0",
            "errors": null,
            "id": 20,
            "input_connections": {
                "input_fasta": {
                    "id": 18,
                    "output_name": "out_file1"
                }
            },
            "inputs": [
                {
                    "description": "runtime parameter for tool Nextclade",
                    "name": "input_fasta"
                }
            ],
            "label": null,
            "name": "Nextclade",
            "outputs": [
                {
                    "name": "report_tsv",
                    "type": "tabular"
                }
            ],
            "position": {
                "bottom": 1355.550048828125,
                "height": 134,
                "left": 1809.316650390625,
                "right": 2009.316650390625,
                "top": 1221.550048828125,
                "width": 200,
                "x": 1809.316650390625,
                "y": 1221.550048828125
            },
            "post_job_actions": {},
            "tool_id": "toolshed.g2.bx.psu.edu/repos/iuc/nextclade/nextclade/1.4.1+galaxy0",
            "tool_shed_repository": {
                "changeset_revision": "56b1a13d9680",
                "name": "nextclade",
                "owner": "iuc",
                "tool_shed": "toolshed.g2.bx.psu.edu"
            },
            "tool_state": "{\"adv\": {\"advanced_options\": \"no\", \"__current_case__\": 1}, \"include_header\": true, \"input_fasta\": {\"__class__\": \"RuntimeValue\"}, \"organism\": \"sars-cov-2\", \"outputs\": [\"report_tsv\"], \"__page__\": null, \"__rerun_remap_job_id__\": null}",
            "tool_version": null,
            "type": "tool",
            "uuid": "47d11db4-8047-42fd-b48a-dc31248b1bf4",
            "when": null,
            "workflow_outputs": [
                {
                    "label": "all_samples_nextclade",
                    "output_name": "report_tsv",
                    "uuid": "fc29670e-2f2d-4c92-9971-5aba6bb4375e"
                }
            ]
        }
    },
    "tags": [
        "COVID-19",
        "ARTIC",
        "iwc"
    ],
    "uuid": "d255aefd-f5f9-4170-8cb3-cdf43b9bca09",
    "version": 1
}