{
    "a_galaxy_workflow": "true",
    "annotation": "",
    "format-version": "0.1",
    "name": "galaxy101-2017",
    "steps": {
        "0": {
            "annotation": "",
            "content_id": null,
            "errors": null,
            "id": 0,
            "input_connections": {},
            "inputs": [
                {
                    "description": "",
                    "name": "Exons"
                }
            ],
            "label": "Exons",
            "name": "Input dataset",
            "outputs": [],
            "position": {
                "left": 200,
                "top": 200
            },
            "tool_id": null,
            "tool_state": "{\"optional\": false, \"tag\": null}",
            "tool_version": null,
            "type": "data_input",
            "uuid": "a4580fba-e6da-438c-9368-681e8555aecf",
            "when": null,
            "workflow_outputs": []
        },
        "1": {
            "annotation": "",
            "content_id": null,
            "errors": null,
            "id": 1,
            "input_connections": {},
            "inputs": [
                {
                    "description": "",
                    "name": "Features"
                }
            ],
            "label": "Features",
            "name": "Input dataset",
            "outputs": [],
            "position": {
                "left": 200,
                "top": 321
            },
            "tool_id": null,
            "tool_state": "{\"optional\": false, \"tag\": null}",
            "tool_version": null,
            "type": "data_input",
            "uuid": "a7b6f0ab-d71e-46a9-b034-324ee102a3d1",
            "when": null,
            "workflow_outputs": []
        },
        "2": {
            "annotation": "",
            "content_id": "toolshed.g2.bx.psu.edu/repos/devteam/join/gops_join_1/1.0.0",
            "errors": null,
            "id": 2,
            "input_connections": {
                "input1": {
                    "id": 0,
                    "output_name": "output"
                },
                "input2": {
                    "id": 1,
                    "output_name": "output"
                }
            },
            "inputs": [
                {
                    "description": "runtime parameter for tool Join",
                    "name": "input1"
                },
                {
                    "description": "runtime parameter for tool Join",
                    "name": "input2"
                }
            ],
            "label": null,
            "name": "Join",
            "outputs": [
                {
                    "name": "output",
                    "type": "interval"
                }
            ],
            "position": {
                "left": 420,
                "top": 200
            },
            "post_job_actions": {
                "HideDatasetActionoutput": {
                    "action_arguments": {},
                    "action_type": "HideDatasetAction",
                    "output_name": "output"
                }
            },
            "tool_id": "toolshed.g2.bx.psu.edu/repos/devteam/join/gops_join_1/1.0.0",
            "tool_shed_repository": {
                "changeset_revision": "718d04143c31",
                "name": "join",
                "owner": "devteam",
                "tool_shed": "toolshed.g2.bx.psu.edu"
            },
            "tool_state": "{\"chromInfo\": \"/galaxy-repl/localdata/chrom/hg38.len\", \"fill\": \"none\", \"input1\": {\"__class__\": \"RuntimeValue\"}, \"input2\": {\"__class__\": \"RuntimeValue\"}, \"min\": \"1\", \"__page__\": null, \"__rerun_remap_job_id__\": null}",
            "tool_version": "1.0.0",
            "type": "tool",
            "uuid": "674ec909-e884-4d05-aad8-5b55ef244077",
            "when": null,
            "workflow_outputs": []
        },
        "3": {
            "annotation": "",
            "content_id": "Grouping1",
            "errors": null,
            "id": 3,
            "input_connections": {
                "input1": {
                    "id": 2,
                    "output_name": "output"
                }
            },
            "inputs": [
                {
                    "description": "runtime parameter for tool Group",
                    "name": "input1"
                }
            ],
            "label": null,
            "name": "Group",
            "outputs": [
                {
                    "name": "out_file1",
                    "type": "tabular"
                }
            ],
            "position": {
                "left": 640,
                "top": 200
            },
            "post_job_actions": {
                "HideDatasetActionout_file1": {
                    "action_arguments": {},
                    "action_type": "HideDatasetAction",
                    "output_name": "out_file1"
                }
            },
            "tool_id": "Grouping1",
            "tool_state": "{\"chromInfo\": \"/galaxy-repl/localdata/chrom/hg38.len\", \"groupcol\": \"4\", \"ignorecase\": false, \"ignorelines\": null, \"input1\": {\"__class__\": \"RuntimeValue\"}, \"operations\": [{\"__index__\": 0, \"optype\": \"length\", \"opcol\": \"4\", \"opround\": \"no\"}], \"__page__\": null, \"__rerun_remap_job_id__\": null}",
            "tool_version": "2.1.1",
            "type": "tool",
            "uuid": "4df62df5-622e-4f85-b98d-b1aa16025b50",
            "when": null,
            "workflow_outputs": []
        },
        "4": {
            "annotation": "",
            "content_id": "sort1",
            "errors": null,
            "id": 4,
            "input_connections": {
                "input": {
                    "id": 3,
                    "output_name": "out_file1"
                }
            },
            "inputs": [
                {
                    "description": "runtime parameter for tool Sort",
                    "name": "input"
                }
            ],
            "label": null,
            "name": "Sort",
            "outputs": [
                {
                    "name": "out_file1",
                    "type": "input"
                }
            ],
            "position": {
                "left": 860,
                "top": 200
            },
            "post_job_actions": {
                "HideDatasetActionout_file1": {
                    "action_arguments": {},
                    "action_type": "HideDatasetAction",
                    "output_name": "out_file1"
                }
            },
            "tool_id": "sort1",
            "tool_state": "{\"chromInfo\": \"/galaxy-repl/localdata/chrom/hg38.len\", \"column\": \"2\", \"column_set\": [], \"input\": {\"__class__\": \"RuntimeValue\"}, \"order\": \"DESC\", \"style\": \"num\", \"__page__\": null, \"__rerun_remap_job_id__\": null}",
            "tool_version": "1.0.3",
            "type": "tool",
            "uuid": "5a83b671-a332-4d51-9cff-769114757098",
            "when": null,
            "workflow_outputs": []
        },
        "5": {
            "annotation": "",
            "content_id": "Show beginning1",
            "errors": null,
            "id": 5,
            "input_connections": {
                "input": {
                    "id": 4,
                    "output_name": "out_file1"
                }
            },
            "inputs": [
                {
                    "description": "runtime parameter for tool Select first",
                    "name": "input"
                }
            ],
            "label": null,
            "name": "Select first",
            "outputs": [
                {
                    "name": "out_file1",
                    "type": "input"
                }
            ],
            "position": {
                "left": 1080,
                "top": 200
            },
            "post_job_actions": {
                "HideDatasetActionout_file1": {
                    "action_arguments": {},
                    "action_type": "HideDatasetAction",
                    "output_name": "out_file1"
                }
            },
            "tool_id": "Show beginning1",
            "tool_state": "{\"input\": {\"__class__\": \"RuntimeValue\"}, \"lineNum\": \"5\", \"__page__\": null, \"__rerun_remap_job_id__\": null}",
            "tool_version": "1.0.0",
            "type": "tool",
            "uuid": "cfcd9386-d70f-4c5a-bc78-33d8c7b480a7",
            "when": null,
            "workflow_outputs": []
        },
        "6": {
            "annotation": "",
            "content_id": "comp1",
            "errors": null,
            "id": 6,
            "input_connections": {
                "input1": {
                    "id": 0,
                    "output_name": "output"
                },
                "input2": {
                    "id": 5,
                    "output_name": "out_file1"
                }
            },
            "inputs": [
                {
                    "description": "runtime parameter for tool Compare two Datasets",
                    "name": "input1"
                },
                {
                    "description": "runtime parameter for tool Compare two Datasets",
                    "name": "input2"
                }
            ],
            "label": null,
            "name": "Compare two Datasets",
            "outputs": [
                {
                    "name": "out_file1",
                    "type": "input"
                }
            ],
            "position": {
                "left": 1302,
                "top": 200
            },
            "post_job_actions": {
                "RenameDatasetActionout_file1": {
                    "action_arguments": {
                        "newname": "Top Exons"
                    },
                    "action_type": "RenameDatasetAction",
                    "output_name": "out_file1"
                }
            },
            "tool_id": "comp1",
            "tool_state": "{\"field1\": \"1\", \"field2\": \"1\", \"input1\": {\"__class__\": \"RuntimeValue\"}, \"input2\": {\"__class__\": \"RuntimeValue\"}, \"mode\": \"N\", \"__page__\": null, \"__rerun_remap_job_id__\": null}",
            "tool_version": "1.0.2",
            "type": "tool",
            "uuid": "c0bc2367-7ac5-4b44-9544-f9a3564605cc",
            "when": null,
            "workflow_outputs": [
                {
                    "label": "",
                    "output_name": "out_file1",
                    "uuid": "ba1464aa-78e4-4a00-8a48-ef3fd1133a32"
                }
            ]
        }
    },
    "tags": [],
    "uuid": "29e81b86-f3fe-4d70-9a1a-e4cbee100a87",
    "version": 1
}