{
    "a_galaxy_workflow": "true",
    "annotation": "",
    "creator": [
        {
            "class": "Organization",
            "name": "New England Biolabs",
            "url": "https://nebnext.com/"
        },
        {
            "class": "Person",
            "email": "mailto:langhorst@neb.com",
            "familyName": "Langhorst",
            "givenName": "Bradley",
            "identifier": "https://orcid.org/0000-0001-7390-1094"
        }
    ],
    "format-version": "0.1",
    "license": "AGPL-3.0-or-later",
    "name": "pRESTO NEBNext Immune Sequencing Kit Workflow v3.2.0",
    "steps": {
        "0": {
            "annotation": "",
            "content_id": null,
            "errors": null,
            "id": 0,
            "input_connections": {},
            "inputs": [
                {
                    "description": "",
                    "name": "Input Datasets"
                }
            ],
            "label": "Input Datasets",
            "name": "Input dataset collection",
            "outputs": [],
            "position": {
                "bottom": 164.6999969482422,
                "height": 61.80000305175781,
                "left": -1087,
                "right": -887,
                "top": 102.89999389648438,
                "width": 200,
                "x": -1087,
                "y": 102.89999389648438
            },
            "tool_id": null,
            "tool_state": "{\"optional\": false, \"tag\": null, \"collection_type\": \"list:paired\"}",
            "tool_version": null,
            "type": "data_collection_input",
            "uuid": "5a3fd901-7af4-4991-9acf-17975c166068",
            "when": null,
            "workflow_outputs": []
        },
        "1": {
            "annotation": "",
            "content_id": null,
            "errors": null,
            "id": 1,
            "input_connections": {},
            "inputs": [
                {
                    "description": "",
                    "name": "R1 Primer FASTA"
                }
            ],
            "label": "R1 Primer FASTA",
            "name": "Input dataset",
            "outputs": [],
            "position": {
                "bottom": 273.1499938964844,
                "height": 61.79998779296875,
                "left": -1084,
                "right": -884,
                "top": 211.35000610351562,
                "width": 200,
                "x": -1084,
                "y": 211.35000610351562
            },
            "tool_id": null,
            "tool_state": "{\"optional\": false, \"tag\": null}",
            "tool_version": null,
            "type": "data_input",
            "uuid": "7486bd6a-f442-4a3c-9efa-5bcd6fcf529c",
            "when": null,
            "workflow_outputs": []
        },
        "2": {
            "annotation": "",
            "content_id": null,
            "errors": null,
            "id": 2,
            "input_connections": {},
            "inputs": [
                {
                    "description": "",
                    "name": "R2 Primer FASTA"
                }
            ],
            "label": "R2 Primer FASTA",
            "name": "Input dataset",
            "outputs": [],
            "position": {
                "bottom": 396.0500030517578,
                "height": 82.19999694824219,
                "left": -1084,
                "right": -884,
                "top": 313.8500061035156,
                "width": 200,
                "x": -1084,
                "y": 313.8500061035156
            },
            "tool_id": null,
            "tool_state": "{\"optional\": false, \"tag\": null}",
            "tool_version": null,
            "type": "data_input",
            "uuid": "d4b60b5e-2e6d-4540-a5af-48a81834354c",
            "when": null,
            "workflow_outputs": []
        },
        "3": {
            "annotation": "",
            "content_id": null,
            "errors": null,
            "id": 3,
            "input_connections": {},
            "inputs": [
                {
                    "description": "",
                    "name": "C-Region FASTA"
                }
            ],
            "label": "C-Region FASTA",
            "name": "Input dataset",
            "outputs": [],
            "position": {
                "bottom": 476.1499938964844,
                "height": 61.79998779296875,
                "left": -1079,
                "right": -879,
                "top": 414.3500061035156,
                "width": 200,
                "x": -1079,
                "y": 414.3500061035156
            },
            "tool_id": null,
            "tool_state": "{\"optional\": false, \"tag\": null}",
            "tool_version": null,
            "type": "data_input",
            "uuid": "c728d2d1-116a-4924-9aaa-d8111b68d839",
            "when": null,
            "workflow_outputs": []
        },
        "4": {
            "annotation": "",
            "content_id": null,
            "errors": null,
            "id": 4,
            "input_connections": {},
            "inputs": [
                {
                    "description": "",
                    "name": "Immune Ref FASTA"
                }
            ],
            "label": "Immune Ref FASTA",
            "name": "Input dataset",
            "outputs": [],
            "position": {
                "bottom": 584.0500030517578,
                "height": 82.19999694824219,
                "left": -1084,
                "right": -884,
                "top": 501.8500061035156,
                "width": 200,
                "x": -1084,
                "y": 501.8500061035156
            },
            "tool_id": null,
            "tool_state": "{\"optional\": false, \"tag\": null}",
            "tool_version": null,
            "type": "data_input",
            "uuid": "ad3d23af-a7f7-4e14-b917-69ea4e7199e8",
            "when": null,
            "workflow_outputs": []
        },
        "5": {
            "annotation": "",
            "content_id": null,
            "errors": null,
            "id": 5,
            "input_connections": {},
            "inputs": [
                {
                    "description": "",
                    "name": "NumReads"
                }
            ],
            "label": "NumReads",
            "name": "Input parameter",
            "outputs": [],
            "position": {
                "bottom": 674.2000274658203,
                "height": 61.80000305175781,
                "left": -1081,
                "right": -881,
                "top": 612.4000244140625,
                "width": 200,
                "x": -1081,
                "y": 612.4000244140625
            },
            "tool_id": null,
            "tool_state": "{\"parameter_type\": \"float\", \"optional\": false}",
            "tool_version": null,
            "type": "parameter_input",
            "uuid": "6bf8a97f-613d-4638-af5c-f2ce58944b23",
            "when": null,
            "workflow_outputs": [
                {
                    "label": null,
                    "output_name": "output",
                    "uuid": "0f1bb072-99b8-4e6d-a452-585f7a7cc16a"
                }
            ]
        },
        "6": {
            "annotation": "",
            "content_id": "__UNZIP_COLLECTION__",
            "errors": null,
            "id": 6,
            "input_connections": {
                "input": {
                    "id": 0,
                    "output_name": "output"
                }
            },
            "inputs": [],
            "label": null,
            "name": "Unzip collection",
            "outputs": [
                {
                    "name": "forward",
                    "type": "input"
                },
                {
                    "name": "reverse",
                    "type": "input"
                }
            ],
            "position": {
                "bottom": 290.3000030517578,
                "height": 164.40000915527344,
                "left": -809.5,
                "right": -609.5,
                "top": 125.89999389648438,
                "width": 200,
                "x": -809.5,
                "y": 125.89999389648438
            },
            "post_job_actions": {
                "ChangeDatatypeActionforward": {
                    "action_arguments": {
                        "newtype": "fastqsanger"
                    },
                    "action_type": "ChangeDatatypeAction",
                    "output_name": "forward"
                },
                "ChangeDatatypeActionreverse": {
                    "action_arguments": {
                        "newtype": "fastqsanger"
                    },
                    "action_type": "ChangeDatatypeAction",
                    "output_name": "reverse"
                },
                "HideDatasetActionforward": {
                    "action_arguments": {},
                    "action_type": "HideDatasetAction",
                    "output_name": "forward"
                },
                "HideDatasetActionreverse": {
                    "action_arguments": {},
                    "action_type": "HideDatasetAction",
                    "output_name": "reverse"
                }
            },
            "tool_id": "__UNZIP_COLLECTION__",
            "tool_state": "{\"input\": {\"__class__\": \"ConnectedValue\"}, \"__page__\": null, \"__rerun_remap_job_id__\": null}",
            "tool_version": "1.0.0",
            "type": "tool",
            "uuid": "9d908404-a8f9-42d4-8058-6b0509cbbea9",
            "when": null,
            "workflow_outputs": []
        },
        "7": {
            "annotation": "",
            "content_id": "toolshed.g2.bx.psu.edu/repos/iuc/seqtk/seqtk_sample/1.2.0",
            "errors": null,
            "id": 7,
            "input_connections": {
                "in_file": {
                    "id": 6,
                    "output_name": "forward"
                },
                "subsample_size": {
                    "id": 5,
                    "output_name": "output"
                }
            },
            "inputs": [],
            "label": null,
            "name": "seqtk_sample",
            "outputs": [
                {
                    "name": "default",
                    "type": "input"
                }
            ],
            "position": {
                "bottom": 269.8999938964844,
                "height": 144,
                "left": -576.0499877929688,
                "right": -376.04998779296875,
                "top": 125.89999389648438,
                "width": 200,
                "x": -576.0499877929688,
                "y": 125.89999389648438
            },
            "post_job_actions": {
                "HideDatasetActiondefault": {
                    "action_arguments": {},
                    "action_type": "HideDatasetAction",
                    "output_name": "default"
                }
            },
            "tool_id": "toolshed.g2.bx.psu.edu/repos/iuc/seqtk/seqtk_sample/1.2.0",
            "tool_shed_repository": {
                "changeset_revision": "bc7d99f46a5d",
                "name": "seqtk",
                "owner": "iuc",
                "tool_shed": "toolshed.g2.bx.psu.edu"
            },
            "tool_state": "{\"in_file\": {\"__class__\": \"ConnectedValue\"}, \"s\": \"4\", \"subsample_size\": {\"__class__\": \"ConnectedValue\"}, \"__page__\": null, \"__rerun_remap_job_id__\": null}",
            "tool_version": "1.2.0",
            "type": "tool",
            "uuid": "883bdbb7-b540-4bc5-bbdf-906f71205392",
            "when": null,
            "workflow_outputs": []
        },
        "8": {
            "annotation": "",
            "content_id": "toolshed.g2.bx.psu.edu/repos/iuc/seqtk/seqtk_sample/1.2.0",
            "errors": null,
            "id": 8,
            "input_connections": {
                "in_file": {
                    "id": 6,
                    "output_name": "reverse"
                },
                "subsample_size": {
                    "id": 5,
                    "output_name": "output"
                }
            },
            "inputs": [],
            "label": null,
            "name": "seqtk_sample",
            "outputs": [
                {
                    "name": "default",
                    "type": "input"
                }
            ],
            "position": {
                "bottom": 434.3500061035156,
                "height": 144,
                "left": -579.0499877929688,
                "right": -379.04998779296875,
                "top": 290.3500061035156,
                "width": 200,
                "x": -579.0499877929688,
                "y": 290.3500061035156
            },
            "post_job_actions": {
                "HideDatasetActiondefault": {
                    "action_arguments": {},
                    "action_type": "HideDatasetAction",
                    "output_name": "default"
                }
            },
            "tool_id": "toolshed.g2.bx.psu.edu/repos/iuc/seqtk/seqtk_sample/1.2.0",
            "tool_shed_repository": {
                "changeset_revision": "bc7d99f46a5d",
                "name": "seqtk",
                "owner": "iuc",
                "tool_shed": "toolshed.g2.bx.psu.edu"
            },
            "tool_state": "{\"in_file\": {\"__class__\": \"ConnectedValue\"}, \"s\": \"4\", \"subsample_size\": {\"__class__\": \"ConnectedValue\"}, \"__page__\": null, \"__rerun_remap_job_id__\": null}",
            "tool_version": "1.2.0",
            "type": "tool",
            "uuid": "8b322c52-495a-4204-9239-1021196e890c",
            "when": null,
            "workflow_outputs": []
        },
        "9": {
            "annotation": "",
            "content_id": "toolshed.g2.bx.psu.edu/repos/iuc/presto_filterseq/presto_filterseq/0.5.4",
            "errors": null,
            "id": 9,
            "input_connections": {
                "fastq_in": {
                    "id": 7,
                    "output_name": "default"
                }
            },
            "inputs": [],
            "label": null,
            "name": "pRESTO FilterSeq",
            "outputs": [
                {
                    "name": "fastq_out",
                    "type": "fastq"
                },
                {
                    "name": "log_out",
                    "type": "txt"
                }
            ],
            "position": {
                "bottom": 280.6999969482422,
                "height": 184.8000030517578,
                "left": -349.5,
                "right": -149.5,
                "top": 95.89999389648438,
                "width": 200,
                "x": -349.5,
                "y": 95.89999389648438
            },
            "post_job_actions": {
                "HideDatasetActionfastq_out": {
                    "action_arguments": {},
                    "action_type": "HideDatasetAction",
                    "output_name": "fastq_out"
                },
                "HideDatasetActionlog_out": {
                    "action_arguments": {},
                    "action_type": "HideDatasetAction",
                    "output_name": "log_out"
                }
            },
            "tool_id": "toolshed.g2.bx.psu.edu/repos/iuc/presto_filterseq/presto_filterseq/0.5.4",
            "tool_shed_repository": {
                "changeset_revision": "7b102129b1e8",
                "name": "presto_filterseq",
                "owner": "iuc",
                "tool_shed": "toolshed.g2.bx.psu.edu"
            },
            "tool_state": "{\"__job_resource\": {\"__job_resource__select\": \"no\", \"__current_case__\": 0}, \"capture_log\": true, \"cc\": {\"command\": \"quality\", \"__current_case__\": 3, \"q\": \"20\", \"inner\": false}, \"fastq_in\": {\"__class__\": \"ConnectedValue\"}, \"__page__\": null, \"__rerun_remap_job_id__\": null}",
            "tool_version": "0.5.4",
            "type": "tool",
            "uuid": "85b23cec-231f-4363-81f7-9aecf0c73244",
            "when": null,
            "workflow_outputs": []
        },
        "10": {
            "annotation": "",
            "content_id": "toolshed.g2.bx.psu.edu/repos/iuc/presto_filterseq/presto_filterseq/0.5.4",
            "errors": null,
            "id": 10,
            "input_connections": {
                "fastq_in": {
                    "id": 8,
                    "output_name": "default"
                }
            },
            "inputs": [],
            "label": null,
            "name": "pRESTO FilterSeq",
            "outputs": [
                {
                    "name": "fastq_out",
                    "type": "fastq"
                },
                {
                    "name": "log_out",
                    "type": "txt"
                }
            ],
            "position": {
                "bottom": 464.6999969482422,
                "height": 184.8000030517578,
                "left": -351.5,
                "right": -151.5,
                "top": 279.8999938964844,
                "width": 200,
                "x": -351.5,
                "y": 279.8999938964844
            },
            "post_job_actions": {
                "HideDatasetActionfastq_out": {
                    "action_arguments": {},
                    "action_type": "HideDatasetAction",
                    "output_name": "fastq_out"
                },
                "HideDatasetActionlog_out": {
                    "action_arguments": {},
                    "action_type": "HideDatasetAction",
                    "output_name": "log_out"
                }
            },
            "tool_id": "toolshed.g2.bx.psu.edu/repos/iuc/presto_filterseq/presto_filterseq/0.5.4",
            "tool_shed_repository": {
                "changeset_revision": "7b102129b1e8",
                "name": "presto_filterseq",
                "owner": "iuc",
                "tool_shed": "toolshed.g2.bx.psu.edu"
            },
            "tool_state": "{\"__job_resource\": {\"__job_resource__select\": \"no\", \"__current_case__\": 0}, \"capture_log\": true, \"cc\": {\"command\": \"quality\", \"__current_case__\": 3, \"q\": \"20\", \"inner\": false}, \"fastq_in\": {\"__class__\": \"ConnectedValue\"}, \"__page__\": null, \"__rerun_remap_job_id__\": null}",
            "tool_version": "0.5.4",
            "type": "tool",
            "uuid": "e7391696-cd3e-43c5-8cc4-21980ec94160",
            "when": null,
            "workflow_outputs": []
        },
        "11": {
            "annotation": "",
            "content_id": "toolshed.g2.bx.psu.edu/repos/iuc/presto_maskprimers/presto_maskprimers/0.5.4",
            "errors": null,
            "id": 11,
            "input_connections": {
                "fastq_in": {
                    "id": 9,
                    "output_name": "fastq_out"
                },
                "primers_in": {
                    "id": 1,
                    "output_name": "output"
                }
            },
            "inputs": [],
            "label": null,
            "name": "pRESTO MaskPrimers",
            "outputs": [
                {
                    "name": "fastq_out",
                    "type": "fastq"
                },
                {
                    "name": "log_out",
                    "type": "txt"
                }
            ],
            "position": {
                "bottom": 302.1000061035156,
                "height": 215.20001220703125,
                "left": -84.5,
                "right": 115.5,
                "top": 86.89999389648438,
                "width": 200,
                "x": -84.5,
                "y": 86.89999389648438
            },
            "post_job_actions": {
                "HideDatasetActionfastq_out": {
                    "action_arguments": {},
                    "action_type": "HideDatasetAction",
                    "output_name": "fastq_out"
                },
                "HideDatasetActionlog_out": {
                    "action_arguments": {},
                    "action_type": "HideDatasetAction",
                    "output_name": "log_out"
                }
            },
            "tool_id": "toolshed.g2.bx.psu.edu/repos/iuc/presto_maskprimers/presto_maskprimers/0.5.4",
            "tool_shed_repository": {
                "changeset_revision": "14e648d05cce",
                "name": "presto_maskprimers",
                "owner": "iuc",
                "tool_shed": "toolshed.g2.bx.psu.edu"
            },
            "tool_state": "{\"__job_resource\": {\"__job_resource__select\": \"no\", \"__current_case__\": 0}, \"barcode\": false, \"capture_log\": true, \"cc\": {\"command\": \"score\", \"__current_case__\": 1, \"start\": \"0\"}, \"fastq_in\": {\"__class__\": \"ConnectedValue\"}, \"maxerror\": \"0.2\", \"mode\": \"cut\", \"primers_in\": {\"__class__\": \"ConnectedValue\"}, \"revpr\": false, \"__page__\": null, \"__rerun_remap_job_id__\": null}",
            "tool_version": "0.5.4",
            "type": "tool",
            "uuid": "fca4e72e-600b-4261-acfd-e884d430d41b",
            "when": null,
            "workflow_outputs": []
        },
        "12": {
            "annotation": "",
            "content_id": "toolshed.g2.bx.psu.edu/repos/iuc/presto_parselog/presto_parselog/0.5.4",
            "errors": null,
            "id": 12,
            "input_connections": {
                "log_file": {
                    "id": 9,
                    "output_name": "log_out"
                }
            },
            "inputs": [],
            "label": null,
            "name": "pRESTO ParseLog",
            "outputs": [
                {
                    "name": "output",
                    "type": "tsv"
                }
            ],
            "position": {
                "bottom": 549.5,
                "height": 113.60000610351562,
                "left": -84.5,
                "right": 115.5,
                "top": 435.8999938964844,
                "width": 200,
                "x": -84.5,
                "y": 435.8999938964844
            },
            "post_job_actions": {
                "HideDatasetActionoutput": {
                    "action_arguments": {},
                    "action_type": "HideDatasetAction",
                    "output_name": "output"
                }
            },
            "tool_id": "toolshed.g2.bx.psu.edu/repos/iuc/presto_parselog/presto_parselog/0.5.4",
            "tool_shed_repository": {
                "changeset_revision": "488cd05be723",
                "name": "presto_parselog",
                "owner": "iuc",
                "tool_shed": "toolshed.g2.bx.psu.edu"
            },
            "tool_state": "{\"fields\": \"ID QUALITY\", \"log_file\": {\"__class__\": \"ConnectedValue\"}, \"__page__\": null, \"__rerun_remap_job_id__\": null}",
            "tool_version": "0.5.4",
            "type": "tool",
            "uuid": "e83d072f-dcb1-4479-9918-050e4c97e36b",
            "when": null,
            "workflow_outputs": []
        },
        "13": {
            "annotation": "",
            "content_id": "toolshed.g2.bx.psu.edu/repos/iuc/presto_maskprimers/presto_maskprimers/0.5.4",
            "errors": null,
            "id": 13,
            "input_connections": {
                "fastq_in": {
                    "id": 10,
                    "output_name": "fastq_out"
                },
                "primers_in": {
                    "id": 2,
                    "output_name": "output"
                }
            },
            "inputs": [],
            "label": null,
            "name": "pRESTO MaskPrimers",
            "outputs": [
                {
                    "name": "fastq_out",
                    "type": "fastq"
                },
                {
                    "name": "log_out",
                    "type": "txt"
                }
            ],
            "position": {
                "bottom": 471.1000061035156,
                "height": 215.20001220703125,
                "left": -90.5,
                "right": 109.5,
                "top": 255.89999389648438,
                "width": 200,
                "x": -90.5,
                "y": 255.89999389648438
            },
            "post_job_actions": {
                "HideDatasetActionfastq_out": {
                    "action_arguments": {},
                    "action_type": "HideDatasetAction",
                    "output_name": "fastq_out"
                },
                "HideDatasetActionlog_out": {
                    "action_arguments": {},
                    "action_type": "HideDatasetAction",
                    "output_name": "log_out"
                }
            },
            "tool_id": "toolshed.g2.bx.psu.edu/repos/iuc/presto_maskprimers/presto_maskprimers/0.5.4",
            "tool_shed_repository": {
                "changeset_revision": "14e648d05cce",
                "name": "presto_maskprimers",
                "owner": "iuc",
                "tool_shed": "toolshed.g2.bx.psu.edu"
            },
            "tool_state": "{\"__job_resource\": {\"__job_resource__select\": \"no\", \"__current_case__\": 0}, \"barcode\": true, \"capture_log\": true, \"cc\": {\"command\": \"score\", \"__current_case__\": 1, \"start\": \"17\"}, \"fastq_in\": {\"__class__\": \"ConnectedValue\"}, \"maxerror\": \"0.5\", \"mode\": \"cut\", \"primers_in\": {\"__class__\": \"ConnectedValue\"}, \"revpr\": false, \"__page__\": null, \"__rerun_remap_job_id__\": null}",
            "tool_version": "0.5.4",
            "type": "tool",
            "uuid": "7a88609e-7109-4e76-9fa3-74526ca2243c",
            "when": null,
            "workflow_outputs": []
        },
        "14": {
            "annotation": "",
            "content_id": "toolshed.g2.bx.psu.edu/repos/iuc/presto_parselog/presto_parselog/0.5.4",
            "errors": null,
            "id": 14,
            "input_connections": {
                "log_file": {
                    "id": 10,
                    "output_name": "log_out"
                }
            },
            "inputs": [],
            "label": null,
            "name": "pRESTO ParseLog",
            "outputs": [
                {
                    "name": "output",
                    "type": "tsv"
                }
            ],
            "position": {
                "bottom": 666.5000305175781,
                "height": 113.60000610351562,
                "left": -92.5,
                "right": 107.5,
                "top": 552.9000244140625,
                "width": 200,
                "x": -92.5,
                "y": 552.9000244140625
            },
            "post_job_actions": {
                "HideDatasetActionoutput": {
                    "action_arguments": {},
                    "action_type": "HideDatasetAction",
                    "output_name": "output"
                }
            },
            "tool_id": "toolshed.g2.bx.psu.edu/repos/iuc/presto_parselog/presto_parselog/0.5.4",
            "tool_shed_repository": {
                "changeset_revision": "488cd05be723",
                "name": "presto_parselog",
                "owner": "iuc",
                "tool_shed": "toolshed.g2.bx.psu.edu"
            },
            "tool_state": "{\"fields\": \"ID QUALITY\", \"log_file\": {\"__class__\": \"ConnectedValue\"}, \"__page__\": null, \"__rerun_remap_job_id__\": null}",
            "tool_version": "0.5.4",
            "type": "tool",
            "uuid": "028342d6-0e72-476f-bb90-68922d9f5e7b",
            "when": null,
            "workflow_outputs": []
        },
        "15": {
            "annotation": "",
            "content_id": "toolshed.g2.bx.psu.edu/repos/iuc/presto_parselog/presto_parselog/0.5.4",
            "errors": null,
            "id": 15,
            "input_connections": {
                "log_file": {
                    "id": 11,
                    "output_name": "log_out"
                }
            },
            "inputs": [],
            "label": null,
            "name": "pRESTO ParseLog",
            "outputs": [
                {
                    "name": "output",
                    "type": "tsv"
                }
            ],
            "position": {
                "bottom": 562.5,
                "height": 113.60000610351562,
                "left": 177.5,
                "right": 377.5,
                "top": 448.8999938964844,
                "width": 200,
                "x": 177.5,
                "y": 448.8999938964844
            },
            "post_job_actions": {
                "HideDatasetActionoutput": {
                    "action_arguments": {},
                    "action_type": "HideDatasetAction",
                    "output_name": "output"
                }
            },
            "tool_id": "toolshed.g2.bx.psu.edu/repos/iuc/presto_parselog/presto_parselog/0.5.4",
            "tool_shed_repository": {
                "changeset_revision": "488cd05be723",
                "name": "presto_parselog",
                "owner": "iuc",
                "tool_shed": "toolshed.g2.bx.psu.edu"
            },
            "tool_state": "{\"fields\": \"ID BARCODE PRIMER ERROR\", \"log_file\": {\"__class__\": \"ConnectedValue\"}, \"__page__\": null, \"__rerun_remap_job_id__\": null}",
            "tool_version": "0.5.4",
            "type": "tool",
            "uuid": "9098ebdd-4e39-4063-af63-f84f99a5bb3e",
            "when": null,
            "workflow_outputs": []
        },
        "16": {
            "annotation": "",
            "content_id": "toolshed.g2.bx.psu.edu/repos/iuc/presto_pairseq/presto_pairseq/0.5.4",
            "errors": null,
            "id": 16,
            "input_connections": {
                "r1_in": {
                    "id": 11,
                    "output_name": "fastq_out"
                },
                "r2_in": {
                    "id": 13,
                    "output_name": "fastq_out"
                }
            },
            "inputs": [],
            "label": null,
            "name": "pRESTO PairSeq",
            "outputs": [
                {
                    "name": "r1_out",
                    "type": "fastq"
                },
                {
                    "name": "r2_out",
                    "type": "fastq"
                }
            ],
            "position": {
                "bottom": 253.89999389648438,
                "height": 154,
                "left": 210.5,
                "right": 410.5,
                "top": 99.89999389648438,
                "width": 200,
                "x": 210.5,
                "y": 99.89999389648438
            },
            "post_job_actions": {
                "HideDatasetActionr1_out": {
                    "action_arguments": {},
                    "action_type": "HideDatasetAction",
                    "output_name": "r1_out"
                },
                "HideDatasetActionr2_out": {
                    "action_arguments": {},
                    "action_type": "HideDatasetAction",
                    "output_name": "r2_out"
                }
            },
            "tool_id": "toolshed.g2.bx.psu.edu/repos/iuc/presto_pairseq/presto_pairseq/0.5.4",
            "tool_shed_repository": {
                "changeset_revision": "f47efbc66fad",
                "name": "presto_pairseq",
                "owner": "iuc",
                "tool_shed": "toolshed.g2.bx.psu.edu"
            },
            "tool_state": "{\"coord\": \"illumina\", \"r1_annotations\": \"\", \"r1_in\": {\"__class__\": \"ConnectedValue\"}, \"r2_annotations\": \"BARCODE\", \"r2_in\": {\"__class__\": \"ConnectedValue\"}, \"__page__\": null, \"__rerun_remap_job_id__\": null}",
            "tool_version": "0.5.4",
            "type": "tool",
            "uuid": "7712d09d-b263-4b85-8a6c-0468db4b9278",
            "when": null,
            "workflow_outputs": []
        },
        "17": {
            "annotation": "",
            "content_id": "toolshed.g2.bx.psu.edu/repos/iuc/presto_parselog/presto_parselog/0.5.4",
            "errors": null,
            "id": 17,
            "input_connections": {
                "log_file": {
                    "id": 13,
                    "output_name": "log_out"
                }
            },
            "inputs": [],
            "label": null,
            "name": "pRESTO ParseLog",
            "outputs": [
                {
                    "name": "output",
                    "type": "tsv"
                }
            ],
            "position": {
                "bottom": 684.5000305175781,
                "height": 113.60000610351562,
                "left": 175.5,
                "right": 375.5,
                "top": 570.9000244140625,
                "width": 200,
                "x": 175.5,
                "y": 570.9000244140625
            },
            "post_job_actions": {
                "HideDatasetActionoutput": {
                    "action_arguments": {},
                    "action_type": "HideDatasetAction",
                    "output_name": "output"
                }
            },
            "tool_id": "toolshed.g2.bx.psu.edu/repos/iuc/presto_parselog/presto_parselog/0.5.4",
            "tool_shed_repository": {
                "changeset_revision": "488cd05be723",
                "name": "presto_parselog",
                "owner": "iuc",
                "tool_shed": "toolshed.g2.bx.psu.edu"
            },
            "tool_state": "{\"fields\": \"ID BARCODE PRIMER ERROR\", \"log_file\": {\"__class__\": \"ConnectedValue\"}, \"__page__\": null, \"__rerun_remap_job_id__\": null}",
            "tool_version": "0.5.4",
            "type": "tool",
            "uuid": "75bd1987-f0c5-4e8a-ae0c-f9e9e66fc30c",
            "when": null,
            "workflow_outputs": []
        },
        "18": {
            "annotation": "",
            "content_id": "toolshed.g2.bx.psu.edu/repos/iuc/presto_buildconsensus/presto_buildconsensus/0.5.4",
            "errors": null,
            "id": 18,
            "input_connections": {
                "fastq_in": {
                    "id": 16,
                    "output_name": "r1_out"
                }
            },
            "inputs": [],
            "label": null,
            "name": "pRESTO BuildConsensus",
            "outputs": [
                {
                    "name": "fastq_out",
                    "type": "fastq"
                },
                {
                    "name": "log_out",
                    "type": "txt"
                }
            ],
            "position": {
                "bottom": 289.6999969482422,
                "height": 184.8000030517578,
                "left": 466.5,
                "right": 666.5,
                "top": 104.89999389648438,
                "width": 200,
                "x": 466.5,
                "y": 104.89999389648438
            },
            "post_job_actions": {
                "HideDatasetActionfastq_out": {
                    "action_arguments": {},
                    "action_type": "HideDatasetAction",
                    "output_name": "fastq_out"
                },
                "HideDatasetActionlog_out": {
                    "action_arguments": {},
                    "action_type": "HideDatasetAction",
                    "output_name": "log_out"
                }
            },
            "tool_id": "toolshed.g2.bx.psu.edu/repos/iuc/presto_buildconsensus/presto_buildconsensus/0.5.4",
            "tool_shed_repository": {
                "changeset_revision": "7c7df98db5a9",
                "name": "presto_buildconsensus",
                "owner": "iuc",
                "tool_shed": "toolshed.g2.bx.psu.edu"
            },
            "tool_state": "{\"__job_resource\": {\"__job_resource__select\": \"no\", \"__current_case__\": 0}, \"act\": \"\", \"bf\": \"BARCODE\", \"capture_log\": true, \"cf\": \"\", \"dep\": false, \"fastq_in\": {\"__class__\": \"ConnectedValue\"}, \"filtering\": {\"filter\": \"error\", \"__current_case__\": 1, \"maxerror\": \"0.1\"}, \"freq\": \"0.6\", \"maxgap\": \"0.5\", \"n\": \"1\", \"pf\": \"PRIMER\", \"prcons\": \"0.6\", \"q\": \"0\", \"__page__\": null, \"__rerun_remap_job_id__\": null}",
            "tool_version": "0.5.4",
            "type": "tool",
            "uuid": "c3ea4af2-6773-4b3c-90bc-6acc35b75dc9",
            "when": null,
            "workflow_outputs": []
        },
        "19": {
            "annotation": "",
            "content_id": "toolshed.g2.bx.psu.edu/repos/iuc/presto_buildconsensus/presto_buildconsensus/0.5.4",
            "errors": null,
            "id": 19,
            "input_connections": {
                "fastq_in": {
                    "id": 16,
                    "output_name": "r2_out"
                }
            },
            "inputs": [],
            "label": null,
            "name": "pRESTO BuildConsensus",
            "outputs": [
                {
                    "name": "fastq_out",
                    "type": "fastq"
                },
                {
                    "name": "log_out",
                    "type": "txt"
                }
            ],
            "position": {
                "bottom": 490.6999969482422,
                "height": 184.8000030517578,
                "left": 475.5,
                "right": 675.5,
                "top": 305.8999938964844,
                "width": 200,
                "x": 475.5,
                "y": 305.8999938964844
            },
            "post_job_actions": {
                "HideDatasetActionfastq_out": {
                    "action_arguments": {},
                    "action_type": "HideDatasetAction",
                    "output_name": "fastq_out"
                },
                "HideDatasetActionlog_out": {
                    "action_arguments": {},
                    "action_type": "HideDatasetAction",
                    "output_name": "log_out"
                }
            },
            "tool_id": "toolshed.g2.bx.psu.edu/repos/iuc/presto_buildconsensus/presto_buildconsensus/0.5.4",
            "tool_shed_repository": {
                "changeset_revision": "7c7df98db5a9",
                "name": "presto_buildconsensus",
                "owner": "iuc",
                "tool_shed": "toolshed.g2.bx.psu.edu"
            },
            "tool_state": "{\"__job_resource\": {\"__job_resource__select\": \"no\", \"__current_case__\": 0}, \"act\": \"\", \"bf\": \"BARCODE\", \"capture_log\": true, \"cf\": \"\", \"dep\": false, \"fastq_in\": {\"__class__\": \"ConnectedValue\"}, \"filtering\": {\"filter\": \"error\", \"__current_case__\": 1, \"maxerror\": \"0.1\"}, \"freq\": \"0.6\", \"maxgap\": \"0.5\", \"n\": \"1\", \"pf\": \"PRIMER\", \"prcons\": \"0.6\", \"q\": \"0\", \"__page__\": null, \"__rerun_remap_job_id__\": null}",
            "tool_version": "0.5.4",
            "type": "tool",
            "uuid": "8f415a11-baa3-475e-a4f1-bd0e20332c81",
            "when": null,
            "workflow_outputs": []
        },
        "20": {
            "annotation": "",
            "content_id": "toolshed.g2.bx.psu.edu/repos/iuc/presto_parselog/presto_parselog/0.5.4",
            "errors": null,
            "id": 20,
            "input_connections": {
                "log_file": {
                    "id": 18,
                    "output_name": "log_out"
                }
            },
            "inputs": [],
            "label": null,
            "name": "pRESTO ParseLog",
            "outputs": [
                {
                    "name": "output",
                    "type": "tsv"
                }
            ],
            "position": {
                "bottom": 540.5,
                "height": 113.60000610351562,
                "left": 738.5,
                "right": 938.5,
                "top": 426.8999938964844,
                "width": 200,
                "x": 738.5,
                "y": 426.8999938964844
            },
            "post_job_actions": {
                "HideDatasetActionoutput": {
                    "action_arguments": {},
                    "action_type": "HideDatasetAction",
                    "output_name": "output"
                }
            },
            "tool_id": "toolshed.g2.bx.psu.edu/repos/iuc/presto_parselog/presto_parselog/0.5.4",
            "tool_shed_repository": {
                "changeset_revision": "488cd05be723",
                "name": "presto_parselog",
                "owner": "iuc",
                "tool_shed": "toolshed.g2.bx.psu.edu"
            },
            "tool_state": "{\"fields\": \"BARCODE SEQCOUNT CONSCOUNT PRIMER PRCONS PRCOUNT PRFREQ ERROR\", \"log_file\": {\"__class__\": \"ConnectedValue\"}, \"__page__\": null, \"__rerun_remap_job_id__\": null}",
            "tool_version": "0.5.4",
            "type": "tool",
            "uuid": "f22644fe-67d6-49d0-8473-cffbdfdb4c65",
            "when": null,
            "workflow_outputs": []
        },
        "21": {
            "annotation": "",
            "content_id": "toolshed.g2.bx.psu.edu/repos/iuc/presto_pairseq/presto_pairseq/0.5.4",
            "errors": null,
            "id": 21,
            "input_connections": {
                "r1_in": {
                    "id": 18,
                    "output_name": "fastq_out"
                },
                "r2_in": {
                    "id": 19,
                    "output_name": "fastq_out"
                }
            },
            "inputs": [],
            "label": null,
            "name": "pRESTO PairSeq",
            "outputs": [
                {
                    "name": "r1_out",
                    "type": "fastq"
                },
                {
                    "name": "r2_out",
                    "type": "fastq"
                }
            ],
            "position": {
                "bottom": 270.8999938964844,
                "height": 154,
                "left": 778.5,
                "right": 978.5,
                "top": 116.89999389648438,
                "width": 200,
                "x": 778.5,
                "y": 116.89999389648438
            },
            "post_job_actions": {
                "HideDatasetActionr1_out": {
                    "action_arguments": {},
                    "action_type": "HideDatasetAction",
                    "output_name": "r1_out"
                },
                "HideDatasetActionr2_out": {
                    "action_arguments": {},
                    "action_type": "HideDatasetAction",
                    "output_name": "r2_out"
                }
            },
            "tool_id": "toolshed.g2.bx.psu.edu/repos/iuc/presto_pairseq/presto_pairseq/0.5.4",
            "tool_shed_repository": {
                "changeset_revision": "f47efbc66fad",
                "name": "presto_pairseq",
                "owner": "iuc",
                "tool_shed": "toolshed.g2.bx.psu.edu"
            },
            "tool_state": "{\"coord\": \"presto\", \"r1_annotations\": \"\", \"r1_in\": {\"__class__\": \"ConnectedValue\"}, \"r2_annotations\": \"\", \"r2_in\": {\"__class__\": \"ConnectedValue\"}, \"__page__\": null, \"__rerun_remap_job_id__\": null}",
            "tool_version": "0.5.4",
            "type": "tool",
            "uuid": "7b2261be-6375-4e49-a04d-d95a8bcba179",
            "when": null,
            "workflow_outputs": []
        },
        "22": {
            "annotation": "",
            "content_id": "toolshed.g2.bx.psu.edu/repos/iuc/presto_parselog/presto_parselog/0.5.4",
            "errors": null,
            "id": 22,
            "input_connections": {
                "log_file": {
                    "id": 19,
                    "output_name": "log_out"
                }
            },
            "inputs": [],
            "label": null,
            "name": "pRESTO ParseLog",
            "outputs": [
                {
                    "name": "output",
                    "type": "tsv"
                }
            ],
            "position": {
                "bottom": 692.5000305175781,
                "height": 113.60000610351562,
                "left": 723.5,
                "right": 923.5,
                "top": 578.9000244140625,
                "width": 200,
                "x": 723.5,
                "y": 578.9000244140625
            },
            "post_job_actions": {
                "HideDatasetActionoutput": {
                    "action_arguments": {},
                    "action_type": "HideDatasetAction",
                    "output_name": "output"
                }
            },
            "tool_id": "toolshed.g2.bx.psu.edu/repos/iuc/presto_parselog/presto_parselog/0.5.4",
            "tool_shed_repository": {
                "changeset_revision": "488cd05be723",
                "name": "presto_parselog",
                "owner": "iuc",
                "tool_shed": "toolshed.g2.bx.psu.edu"
            },
            "tool_state": "{\"fields\": \"BARCODE SEQCOUNT CONSCOUNT PRIMER PRCONS PRCOUNT PRFREQ ERROR\", \"log_file\": {\"__class__\": \"ConnectedValue\"}, \"__page__\": null, \"__rerun_remap_job_id__\": null}",
            "tool_version": "0.5.4",
            "type": "tool",
            "uuid": "3f356e66-df44-4ff6-8a58-0f8527d262d1",
            "when": null,
            "workflow_outputs": []
        },
        "23": {
            "annotation": "",
            "content_id": "toolshed.g2.bx.psu.edu/repos/iuc/presto_assemblepairs/presto_assemblepairs/0.5.4",
            "errors": null,
            "id": 23,
            "input_connections": {
                "cc|r": {
                    "id": 4,
                    "output_name": "output"
                },
                "r1_in": {
                    "id": 21,
                    "output_name": "r1_out"
                },
                "r2_in": {
                    "id": 21,
                    "output_name": "r2_out"
                }
            },
            "inputs": [],
            "label": null,
            "name": "pRESTO AssemblePairs",
            "outputs": [
                {
                    "name": "fastq_out",
                    "type": "fastq"
                },
                {
                    "name": "log_out",
                    "type": "txt"
                }
            ],
            "position": {
                "bottom": 399.8999938964844,
                "height": 266,
                "left": 1041.5,
                "right": 1241.5,
                "top": 133.89999389648438,
                "width": 200,
                "x": 1041.5,
                "y": 133.89999389648438
            },
            "post_job_actions": {
                "HideDatasetActionfastq_out": {
                    "action_arguments": {},
                    "action_type": "HideDatasetAction",
                    "output_name": "fastq_out"
                },
                "HideDatasetActionlog_out": {
                    "action_arguments": {},
                    "action_type": "HideDatasetAction",
                    "output_name": "log_out"
                }
            },
            "tool_id": "toolshed.g2.bx.psu.edu/repos/iuc/presto_assemblepairs/presto_assemblepairs/0.5.4",
            "tool_shed_repository": {
                "changeset_revision": "44c980933450",
                "name": "presto_assemblepairs",
                "owner": "iuc",
                "tool_shed": "toolshed.g2.bx.psu.edu"
            },
            "tool_state": "{\"__job_resource\": {\"__job_resource__select\": \"no\", \"__current_case__\": 0}, \"capture_log\": true, \"cc\": {\"command\": \"sequential\", \"__current_case__\": 3, \"alpha\": \"1e-05\", \"maxerror\": \"0.3\", \"minlen\": \"8\", \"maxlen\": \"1000\", \"scanrev\": true, \"r\": {\"__class__\": \"ConnectedValue\"}, \"minident\": \"0.5\", \"evalue\": \"1e-05\", \"maxhits\": \"100\", \"fill\": false, \"aligner\": \"blastn\"}, \"coord\": \"presto\", \"r1_annotations\": \"CONSCOUNT\", \"r1_in\": {\"__class__\": \"ConnectedValue\"}, \"r2_annotations\": \"PRCONS CONSCOUNT\", \"r2_in\": {\"__class__\": \"ConnectedValue\"}, \"rc\": \"tail\", \"__page__\": null, \"__rerun_remap_job_id__\": null}",
            "tool_version": "0.5.4",
            "type": "tool",
            "uuid": "98e44165-f69f-41eb-8fc9-f527f2cf88d9",
            "when": null,
            "workflow_outputs": []
        },
        "24": {
            "annotation": "",
            "content_id": "toolshed.g2.bx.psu.edu/repos/iuc/presto_filterseq/presto_filterseq/0.5.4",
            "errors": null,
            "id": 24,
            "input_connections": {
                "fastq_in": {
                    "id": 23,
                    "output_name": "fastq_out"
                }
            },
            "inputs": [],
            "label": "mask low quality bases",
            "name": "pRESTO FilterSeq",
            "outputs": [
                {
                    "name": "fastq_out",
                    "type": "fastq"
                },
                {
                    "name": "log_out",
                    "type": "txt"
                }
            ],
            "position": {
                "bottom": 325.6999969482422,
                "height": 184.8000030517578,
                "left": 1336.5,
                "right": 1536.5,
                "top": 140.89999389648438,
                "width": 200,
                "x": 1336.5,
                "y": 140.89999389648438
            },
            "post_job_actions": {
                "HideDatasetActionfastq_out": {
                    "action_arguments": {},
                    "action_type": "HideDatasetAction",
                    "output_name": "fastq_out"
                },
                "HideDatasetActionlog_out": {
                    "action_arguments": {},
                    "action_type": "HideDatasetAction",
                    "output_name": "log_out"
                }
            },
            "tool_id": "toolshed.g2.bx.psu.edu/repos/iuc/presto_filterseq/presto_filterseq/0.5.4",
            "tool_shed_repository": {
                "changeset_revision": "7b102129b1e8",
                "name": "presto_filterseq",
                "owner": "iuc",
                "tool_shed": "toolshed.g2.bx.psu.edu"
            },
            "tool_state": "{\"__job_resource\": {\"__job_resource__select\": \"no\", \"__current_case__\": 0}, \"capture_log\": true, \"cc\": {\"command\": \"maskqual\", \"__current_case__\": 4, \"q\": \"0\"}, \"fastq_in\": {\"__class__\": \"ConnectedValue\"}, \"__page__\": null, \"__rerun_remap_job_id__\": null}",
            "tool_version": "0.5.4",
            "type": "tool",
            "uuid": "35a957eb-f95d-4a61-b94f-055786137e3a",
            "when": null,
            "workflow_outputs": []
        },
        "25": {
            "annotation": "",
            "content_id": "toolshed.g2.bx.psu.edu/repos/iuc/presto_parselog/presto_parselog/0.5.4",
            "errors": null,
            "id": 25,
            "input_connections": {
                "log_file": {
                    "id": 23,
                    "output_name": "log_out"
                }
            },
            "inputs": [],
            "label": null,
            "name": "pRESTO ParseLog",
            "outputs": [
                {
                    "name": "output",
                    "type": "tsv"
                }
            ],
            "position": {
                "bottom": 487.5,
                "height": 113.60000610351562,
                "left": 1331.5,
                "right": 1531.5,
                "top": 373.8999938964844,
                "width": 200,
                "x": 1331.5,
                "y": 373.8999938964844
            },
            "post_job_actions": {
                "HideDatasetActionoutput": {
                    "action_arguments": {},
                    "action_type": "HideDatasetAction",
                    "output_name": "output"
                }
            },
            "tool_id": "toolshed.g2.bx.psu.edu/repos/iuc/presto_parselog/presto_parselog/0.5.4",
            "tool_shed_repository": {
                "changeset_revision": "488cd05be723",
                "name": "presto_parselog",
                "owner": "iuc",
                "tool_shed": "toolshed.g2.bx.psu.edu"
            },
            "tool_state": "{\"fields\": \"ID REFID LENGTH OVERLAP GAP ERROR PVALUE EVALUE1 EVALUE2 IDENTITY FIELDS1 FIELDS2\", \"log_file\": {\"__class__\": \"ConnectedValue\"}, \"__page__\": null, \"__rerun_remap_job_id__\": null}",
            "tool_version": "0.5.4",
            "type": "tool",
            "uuid": "f1a2593f-94df-46a8-b5f5-b879bb845b6e",
            "when": null,
            "workflow_outputs": []
        },
        "26": {
            "annotation": "",
            "content_id": "toolshed.g2.bx.psu.edu/repos/iuc/presto_maskprimers/presto_maskprimers/0.5.4",
            "errors": null,
            "id": 26,
            "input_connections": {
                "fastq_in": {
                    "id": 24,
                    "output_name": "fastq_out"
                },
                "primers_in": {
                    "id": 3,
                    "output_name": "output"
                }
            },
            "inputs": [],
            "label": null,
            "name": "pRESTO MaskPrimers",
            "outputs": [
                {
                    "name": "fastq_out",
                    "type": "fastq"
                },
                {
                    "name": "log_out",
                    "type": "txt"
                }
            ],
            "position": {
                "bottom": 358.1000061035156,
                "height": 215.20001220703125,
                "left": 1594.5,
                "right": 1794.5,
                "top": 142.89999389648438,
                "width": 200,
                "x": 1594.5,
                "y": 142.89999389648438
            },
            "post_job_actions": {
                "HideDatasetActionfastq_out": {
                    "action_arguments": {},
                    "action_type": "HideDatasetAction",
                    "output_name": "fastq_out"
                },
                "HideDatasetActionlog_out": {
                    "action_arguments": {},
                    "action_type": "HideDatasetAction",
                    "output_name": "log_out"
                }
            },
            "tool_id": "toolshed.g2.bx.psu.edu/repos/iuc/presto_maskprimers/presto_maskprimers/0.5.4",
            "tool_shed_repository": {
                "changeset_revision": "14e648d05cce",
                "name": "presto_maskprimers",
                "owner": "iuc",
                "tool_shed": "toolshed.g2.bx.psu.edu"
            },
            "tool_state": "{\"__job_resource\": {\"__job_resource__select\": \"no\", \"__current_case__\": 0}, \"barcode\": false, \"capture_log\": true, \"cc\": {\"command\": \"align\", \"__current_case__\": 0, \"maxlen\": \"50\", \"skiprc\": false, \"gap_open\": \"1\", \"gap_extend\": \"1\"}, \"fastq_in\": {\"__class__\": \"ConnectedValue\"}, \"maxerror\": \"0.2\", \"mode\": \"cut\", \"primers_in\": {\"__class__\": \"ConnectedValue\"}, \"revpr\": false, \"__page__\": null, \"__rerun_remap_job_id__\": null}",
            "tool_version": "0.5.4",
            "type": "tool",
            "uuid": "622b1c14-8d64-4c84-bd3f-b6eca9b897ec",
            "when": null,
            "workflow_outputs": []
        },
        "27": {
            "annotation": "",
            "content_id": "toolshed.g2.bx.psu.edu/repos/iuc/presto_parselog/presto_parselog/0.5.4",
            "errors": null,
            "id": 27,
            "input_connections": {
                "log_file": {
                    "id": 24,
                    "output_name": "log_out"
                }
            },
            "inputs": [],
            "label": null,
            "name": "pRESTO ParseLog",
            "outputs": [
                {
                    "name": "output",
                    "type": "tsv"
                }
            ],
            "position": {
                "bottom": 488.5,
                "height": 113.60000610351562,
                "left": 1581.5,
                "right": 1781.5,
                "top": 374.8999938964844,
                "width": 200,
                "x": 1581.5,
                "y": 374.8999938964844
            },
            "post_job_actions": {
                "HideDatasetActionoutput": {
                    "action_arguments": {},
                    "action_type": "HideDatasetAction",
                    "output_name": "output"
                }
            },
            "tool_id": "toolshed.g2.bx.psu.edu/repos/iuc/presto_parselog/presto_parselog/0.5.4",
            "tool_shed_repository": {
                "changeset_revision": "488cd05be723",
                "name": "presto_parselog",
                "owner": "iuc",
                "tool_shed": "toolshed.g2.bx.psu.edu"
            },
            "tool_state": "{\"fields\": \"ID MASKED\", \"log_file\": {\"__class__\": \"ConnectedValue\"}, \"__page__\": null, \"__rerun_remap_job_id__\": null}",
            "tool_version": "0.5.4",
            "type": "tool",
            "uuid": "b39440fc-98e6-4441-b856-6f23286e9884",
            "when": null,
            "workflow_outputs": []
        },
        "28": {
            "annotation": "",
            "content_id": "toolshed.g2.bx.psu.edu/repos/iuc/presto_parselog/presto_parselog/0.5.4",
            "errors": null,
            "id": 28,
            "input_connections": {
                "log_file": {
                    "id": 26,
                    "output_name": "log_out"
                }
            },
            "inputs": [],
            "label": null,
            "name": "pRESTO ParseLog",
            "outputs": [
                {
                    "name": "output",
                    "type": "tsv"
                }
            ],
            "position": {
                "bottom": 350.5,
                "height": 113.60000610351562,
                "left": 1903.5,
                "right": 2103.5,
                "top": 236.89999389648438,
                "width": 200,
                "x": 1903.5,
                "y": 236.89999389648438
            },
            "post_job_actions": {
                "HideDatasetActionoutput": {
                    "action_arguments": {},
                    "action_type": "HideDatasetAction",
                    "output_name": "output"
                }
            },
            "tool_id": "toolshed.g2.bx.psu.edu/repos/iuc/presto_parselog/presto_parselog/0.5.4",
            "tool_shed_repository": {
                "changeset_revision": "488cd05be723",
                "name": "presto_parselog",
                "owner": "iuc",
                "tool_shed": "toolshed.g2.bx.psu.edu"
            },
            "tool_state": "{\"fields\": \"ID PRIMER ERROR\", \"log_file\": {\"__class__\": \"ConnectedValue\"}, \"__page__\": null, \"__rerun_remap_job_id__\": null}",
            "tool_version": "0.5.4",
            "type": "tool",
            "uuid": "df257329-d1be-4396-a501-e85141ef09a9",
            "when": null,
            "workflow_outputs": []
        },
        "29": {
            "annotation": "",
            "content_id": "toolshed.g2.bx.psu.edu/repos/iuc/presto_parseheaders/presto_parseheaders/0.5.4",
            "errors": null,
            "id": 29,
            "input_connections": {
                "fastq_in": {
                    "id": 26,
                    "output_name": "fastq_out"
                }
            },
            "inputs": [],
            "label": "rename cregion based on primers",
            "name": "pRESTO ParseHeaders",
            "outputs": [
                {
                    "name": "output",
                    "type": "fastq"
                }
            ],
            "position": {
                "bottom": 476.5,
                "height": 113.60000610351562,
                "left": 1904.5,
                "right": 2104.5,
                "top": 362.8999938964844,
                "width": 200,
                "x": 1904.5,
                "y": 362.8999938964844
            },
            "post_job_actions": {
                "HideDatasetActionoutput": {
                    "action_arguments": {},
                    "action_type": "HideDatasetAction",
                    "output_name": "output"
                }
            },
            "tool_id": "toolshed.g2.bx.psu.edu/repos/iuc/presto_parseheaders/presto_parseheaders/0.5.4",
            "tool_shed_repository": {
                "changeset_revision": "90315cb06d06",
                "name": "presto_parseheaders",
                "owner": "iuc",
                "tool_shed": "toolshed.g2.bx.psu.edu"
            },
            "tool_state": "{\"cc\": {\"command\": \"rename\", \"__current_case__\": 5, \"f\": \"PRIMER\", \"k\": \"CREGION\", \"act\": \"first\"}, \"fastq_in\": {\"__class__\": \"ConnectedValue\"}, \"__page__\": null, \"__rerun_remap_job_id__\": null}",
            "tool_version": "0.5.4",
            "type": "tool",
            "uuid": "b3ec341d-5309-430d-831d-625e5372eda6",
            "when": null,
            "workflow_outputs": []
        },
        "30": {
            "annotation": "",
            "content_id": "toolshed.g2.bx.psu.edu/repos/iuc/prestor_abseq3/prestor_abseq3/0.5.4",
            "errors": null,
            "id": 30,
            "input_connections": {
                "assemble": {
                    "id": 25,
                    "output_name": "output"
                },
                "cons1": {
                    "id": 20,
                    "output_name": "output"
                },
                "cons2": {
                    "id": 22,
                    "output_name": "output"
                },
                "cregion": {
                    "id": 28,
                    "output_name": "output"
                },
                "maskqual": {
                    "id": 27,
                    "output_name": "output"
                },
                "primer1": {
                    "id": 15,
                    "output_name": "output"
                },
                "primer2": {
                    "id": 17,
                    "output_name": "output"
                },
                "qual1": {
                    "id": 12,
                    "output_name": "output"
                },
                "qual2": {
                    "id": 14,
                    "output_name": "output"
                }
            },
            "inputs": [],
            "label": "Final Report",
            "name": "pRESTOr AbSeq3 Report",
            "outputs": [
                {
                    "name": "output",
                    "type": "html"
                }
            ],
            "position": {
                "bottom": 317.1000061035156,
                "height": 479.20001220703125,
                "left": 2167,
                "right": 2367,
                "top": -162.10000610351562,
                "width": 200,
                "x": 2167,
                "y": -162.10000610351562
            },
            "post_job_actions": {},
            "tool_id": "toolshed.g2.bx.psu.edu/repos/iuc/prestor_abseq3/prestor_abseq3/0.5.4",
            "tool_shed_repository": {
                "changeset_revision": "ef917c03493c",
                "name": "prestor_abseq3",
                "owner": "iuc",
                "tool_shed": "toolshed.g2.bx.psu.edu"
            },
            "tool_state": "{\"assemble\": {\"__class__\": \"ConnectedValue\"}, \"cons1\": {\"__class__\": \"ConnectedValue\"}, \"cons2\": {\"__class__\": \"ConnectedValue\"}, \"cregion\": {\"__class__\": \"ConnectedValue\"}, \"maskqual\": {\"__class__\": \"ConnectedValue\"}, \"primer1\": {\"__class__\": \"ConnectedValue\"}, \"primer2\": {\"__class__\": \"ConnectedValue\"}, \"qual1\": {\"__class__\": \"ConnectedValue\"}, \"qual2\": {\"__class__\": \"ConnectedValue\"}, \"sample\": \"_\", \"__page__\": null, \"__rerun_remap_job_id__\": null}",
            "tool_version": "0.5.4",
            "type": "tool",
            "uuid": "6b84f4c5-3145-4d13-a597-6f0dad6562a4",
            "when": null,
            "workflow_outputs": [
                {
                    "label": "Final pRESTO Report",
                    "output_name": "output",
                    "uuid": "9d1d03b9-e64f-4011-90c1-2f3ceb1cce91"
                }
            ]
        },
        "31": {
            "annotation": "",
            "content_id": "toolshed.g2.bx.psu.edu/repos/iuc/presto_parseheaders/presto_parseheaders/0.5.4",
            "errors": null,
            "id": 31,
            "input_connections": {
                "fastq_in": {
                    "id": 29,
                    "output_name": "output"
                }
            },
            "inputs": [],
            "label": "Final sequences",
            "name": "pRESTO ParseHeaders",
            "outputs": [
                {
                    "name": "output",
                    "type": "fastq"
                }
            ],
            "position": {
                "bottom": 692.1000366210938,
                "height": 93.20001220703125,
                "left": 1518.5,
                "right": 1718.5,
                "top": 598.9000244140625,
                "width": 200,
                "x": 1518.5,
                "y": 598.9000244140625
            },
            "post_job_actions": {
                "HideDatasetActionoutput": {
                    "action_arguments": {},
                    "action_type": "HideDatasetAction",
                    "output_name": "output"
                },
                "RenameDatasetActionoutput": {
                    "action_arguments": {
                        "newname": "Final sequences"
                    },
                    "action_type": "RenameDatasetAction",
                    "output_name": "output"
                }
            },
            "tool_id": "toolshed.g2.bx.psu.edu/repos/iuc/presto_parseheaders/presto_parseheaders/0.5.4",
            "tool_shed_repository": {
                "changeset_revision": "90315cb06d06",
                "name": "presto_parseheaders",
                "owner": "iuc",
                "tool_shed": "toolshed.g2.bx.psu.edu"
            },
            "tool_state": "{\"cc\": {\"command\": \"collapse\", \"__current_case__\": 1, \"f\": \"CONSCOUNT\", \"act\": \"min\"}, \"fastq_in\": {\"__class__\": \"ConnectedValue\"}, \"__page__\": null, \"__rerun_remap_job_id__\": null}",
            "tool_version": "0.5.4",
            "type": "tool",
            "uuid": "21dcf39c-1b57-422c-882c-2defc0082f64",
            "when": null,
            "workflow_outputs": []
        },
        "32": {
            "annotation": "",
            "content_id": "toolshed.g2.bx.psu.edu/repos/iuc/presto_parseheaders/presto_parseheaders/0.5.4",
            "errors": null,
            "id": 32,
            "input_connections": {
                "fastq_in": {
                    "id": 31,
                    "output_name": "output"
                }
            },
            "inputs": [],
            "label": "C-Region Table",
            "name": "pRESTO ParseHeaders",
            "outputs": [
                {
                    "name": "output",
                    "type": "fastq"
                }
            ],
            "position": {
                "bottom": 894.1000366210938,
                "height": 93.20001220703125,
                "left": 1488.5,
                "right": 1688.5,
                "top": 800.9000244140625,
                "width": 200,
                "x": 1488.5,
                "y": 800.9000244140625
            },
            "post_job_actions": {
                "HideDatasetActionoutput": {
                    "action_arguments": {},
                    "action_type": "HideDatasetAction",
                    "output_name": "output"
                },
                "RenameDatasetActionoutput": {
                    "action_arguments": {
                        "newname": "Report on final sequences"
                    },
                    "action_type": "RenameDatasetAction",
                    "output_name": "output"
                }
            },
            "tool_id": "toolshed.g2.bx.psu.edu/repos/iuc/presto_parseheaders/presto_parseheaders/0.5.4",
            "tool_shed_repository": {
                "changeset_revision": "90315cb06d06",
                "name": "presto_parseheaders",
                "owner": "iuc",
                "tool_shed": "toolshed.g2.bx.psu.edu"
            },
            "tool_state": "{\"cc\": {\"command\": \"table\", \"__current_case__\": 6, \"f\": \"ID PRCONS CREGION CONSCOUNT\"}, \"fastq_in\": {\"__class__\": \"ConnectedValue\"}, \"__page__\": null, \"__rerun_remap_job_id__\": null}",
            "tool_version": "0.5.4",
            "type": "tool",
            "uuid": "23d8284d-314b-42c2-877e-4cc62fdac90a",
            "when": null,
            "workflow_outputs": []
        },
        "33": {
            "annotation": "",
            "content_id": "toolshed.g2.bx.psu.edu/repos/iuc/presto_collapseseq/presto_collapseseq/0.5.4",
            "errors": null,
            "id": 33,
            "input_connections": {
                "fastq_in": {
                    "id": 31,
                    "output_name": "output"
                }
            },
            "inputs": [],
            "label": "Unique Sequences",
            "name": "pRESTO CollapseSeq",
            "outputs": [
                {
                    "name": "fastq_out",
                    "type": "fastq"
                }
            ],
            "position": {
                "bottom": 726.9000244140625,
                "height": 134,
                "left": 1830.5,
                "right": 2030.5,
                "top": 592.9000244140625,
                "width": 200,
                "x": 1830.5,
                "y": 592.9000244140625
            },
            "post_job_actions": {
                "RenameDatasetActionfastq_out": {
                    "action_arguments": {
                        "newname": "Unique sequences"
                    },
                    "action_type": "RenameDatasetAction",
                    "output_name": "fastq_out"
                }
            },
            "tool_id": "toolshed.g2.bx.psu.edu/repos/iuc/presto_collapseseq/presto_collapseseq/0.5.4",
            "tool_shed_repository": {
                "changeset_revision": "d1a1b738c119",
                "name": "presto_collapseseq",
                "owner": "iuc",
                "tool_shed": "toolshed.g2.bx.psu.edu"
            },
            "tool_state": "{\"act\": \"sum\", \"capture_log\": false, \"cf\": \"CONSCOUNT\", \"fastq_in\": {\"__class__\": \"ConnectedValue\"}, \"inner\": true, \"keepmiss\": true, \"n\": \"0\", \"representative\": {\"select_by\": \"first\", \"__current_case__\": 0}, \"uf\": \"PRCONS CREGION\", \"__page__\": null, \"__rerun_remap_job_id__\": null}",
            "tool_version": "0.5.4",
            "type": "tool",
            "uuid": "0050eeb5-61ba-4aa8-b397-4e375b7c85ad",
            "when": null,
            "workflow_outputs": [
                {
                    "label": "Unique sequences",
                    "output_name": "fastq_out",
                    "uuid": "4c784720-2da1-464c-974c-2b8598e46651"
                }
            ]
        },
        "34": {
            "annotation": "",
            "content_id": "toolshed.g2.bx.psu.edu/repos/iuc/presto_parseheaders/presto_parseheaders/0.5.4",
            "errors": null,
            "id": 34,
            "input_connections": {
                "fastq_in": {
                    "id": 33,
                    "output_name": "fastq_out"
                }
            },
            "inputs": [],
            "label": "Uniq C-region Table",
            "name": "pRESTO ParseHeaders",
            "outputs": [
                {
                    "name": "output",
                    "type": "fastq"
                }
            ],
            "position": {
                "bottom": 940.9000244140625,
                "height": 134,
                "left": 1799.5,
                "right": 1999.5,
                "top": 806.9000244140625,
                "width": 200,
                "x": 1799.5,
                "y": 806.9000244140625
            },
            "post_job_actions": {
                "RenameDatasetActionoutput": {
                    "action_arguments": {
                        "newname": "Report on Unique Sequences"
                    },
                    "action_type": "RenameDatasetAction",
                    "output_name": "output"
                }
            },
            "tool_id": "toolshed.g2.bx.psu.edu/repos/iuc/presto_parseheaders/presto_parseheaders/0.5.4",
            "tool_shed_repository": {
                "changeset_revision": "90315cb06d06",
                "name": "presto_parseheaders",
                "owner": "iuc",
                "tool_shed": "toolshed.g2.bx.psu.edu"
            },
            "tool_state": "{\"cc\": {\"command\": \"table\", \"__current_case__\": 6, \"f\": \"ID PRCONS CREGION CONSCOUNT DUPCOUNT\"}, \"fastq_in\": {\"__class__\": \"ConnectedValue\"}, \"__page__\": null, \"__rerun_remap_job_id__\": null}",
            "tool_version": "0.5.4",
            "type": "tool",
            "uuid": "d28db240-bb0c-45c1-a964-731f5f344765",
            "when": null,
            "workflow_outputs": [
                {
                    "label": "Unique C-regions",
                    "output_name": "output",
                    "uuid": "a165f7be-62ed-483f-a8b9-ab2414cce0c9"
                }
            ]
        },
        "35": {
            "annotation": "",
            "content_id": "toolshed.g2.bx.psu.edu/repos/iuc/presto_partition/presto_partition/0.5.4",
            "errors": null,
            "id": 35,
            "input_connections": {
                "fastq_in": {
                    "id": 33,
                    "output_name": "fastq_out"
                }
            },
            "inputs": [],
            "label": null,
            "name": "pRESTO Partition",
            "outputs": [
                {
                    "name": "lower_out",
                    "type": "fastq"
                },
                {
                    "name": "upper_out",
                    "type": "fastq"
                }
            ],
            "position": {
                "bottom": 769.7000274658203,
                "height": 184.8000030517578,
                "left": 2130.5,
                "right": 2330.5,
                "top": 584.9000244140625,
                "width": 200,
                "x": 2130.5,
                "y": 584.9000244140625
            },
            "post_job_actions": {
                "HideDatasetActionlower_out": {
                    "action_arguments": {},
                    "action_type": "HideDatasetAction",
                    "output_name": "lower_out"
                },
                "RenameDatasetActionupper_out": {
                    "action_arguments": {
                        "newname": "Unique sequences (>=2  reads)"
                    },
                    "action_type": "RenameDatasetAction",
                    "output_name": "upper_out"
                }
            },
            "tool_id": "toolshed.g2.bx.psu.edu/repos/iuc/presto_partition/presto_partition/0.5.4",
            "tool_shed_repository": {
                "changeset_revision": "0b103d43a2c7",
                "name": "presto_partition",
                "owner": "iuc",
                "tool_shed": "toolshed.g2.bx.psu.edu"
            },
            "tool_state": "{\"fastq_in\": {\"__class__\": \"ConnectedValue\"}, \"field\": \"CONSCOUNT\", \"threshold\": \"2\", \"__page__\": null, \"__rerun_remap_job_id__\": null}",
            "tool_version": "0.5.4",
            "type": "tool",
            "uuid": "8d78450d-cd02-49f6-a1aa-70f5868f8f51",
            "when": null,
            "workflow_outputs": [
                {
                    "label": "Unique sequences (>=2  reads)",
                    "output_name": "upper_out",
                    "uuid": "79d559e4-d2c5-4c40-b238-deaeceb71883"
                }
            ]
        },
        "36": {
            "annotation": "",
            "content_id": "toolshed.g2.bx.psu.edu/repos/iuc/presto_parseheaders/presto_parseheaders/0.5.4",
            "errors": null,
            "id": 36,
            "input_connections": {
                "fastq_in": {
                    "id": 35,
                    "output_name": "upper_out"
                }
            },
            "inputs": [],
            "label": "Unique C-region Table (>=2 obs)",
            "name": "pRESTO ParseHeaders",
            "outputs": [
                {
                    "name": "output",
                    "type": "fastq"
                }
            ],
            "position": {
                "bottom": 927.9000244140625,
                "height": 134,
                "left": 2097.5,
                "right": 2297.5,
                "top": 793.9000244140625,
                "width": 200,
                "x": 2097.5,
                "y": 793.9000244140625
            },
            "post_job_actions": {
                "RenameDatasetActionoutput": {
                    "action_arguments": {
                        "newname": "Report on Unique sequences (>=2 reads)"
                    },
                    "action_type": "RenameDatasetAction",
                    "output_name": "output"
                }
            },
            "tool_id": "toolshed.g2.bx.psu.edu/repos/iuc/presto_parseheaders/presto_parseheaders/0.5.4",
            "tool_shed_repository": {
                "changeset_revision": "90315cb06d06",
                "name": "presto_parseheaders",
                "owner": "iuc",
                "tool_shed": "toolshed.g2.bx.psu.edu"
            },
            "tool_state": "{\"cc\": {\"command\": \"table\", \"__current_case__\": 6, \"f\": \"ID PRCONS CREGION CONSCOUNT DUPCOUNT\"}, \"fastq_in\": {\"__class__\": \"ConnectedValue\"}, \"__page__\": null, \"__rerun_remap_job_id__\": null}",
            "tool_version": "0.5.4",
            "type": "tool",
            "uuid": "9fc1fbe7-e9f7-4480-8d47-eb1c7853210d",
            "when": null,
            "workflow_outputs": [
                {
                    "label": " Unique C-regions (>=2 reads)",
                    "output_name": "output",
                    "uuid": "c5962da6-66ac-4100-9208-eb87aa07186b"
                }
            ]
        }
    },
    "tags": [
        "NEBNext"
    ],
    "uuid": "4ca578f5-2d71-4ca9-9254-baa240d98383",
    "version": 22
}