{
    "a_galaxy_workflow": "true",
    "annotation": "",
    "format-version": "0.1",
    "name": "Workflow constructed from history 'Bioinformatics Assignment'",
    "steps": {
        "0": {
            "annotation": "",
            "content_id": null,
            "errors": null,
            "id": 0,
            "input_connections": {},
            "inputs": [
                {
                    "description": "",
                    "name": "annotation.bed"
                }
            ],
            "label": null,
            "name": "Input dataset",
            "outputs": [],
            "position": {
                "left": 10,
                "top": 10
            },
            "tool_id": null,
            "tool_state": "{\"optional\": false, \"tag\": null}",
            "tool_version": null,
            "type": "data_input",
            "uuid": "fc8b9269-365c-49ad-a5cf-7b2ec3f13b8c",
            "when": null,
            "workflow_outputs": []
        },
        "1": {
            "annotation": "",
            "content_id": null,
            "errors": null,
            "id": 1,
            "input_connections": {},
            "inputs": [
                {
                    "description": "",
                    "name": "NGS0001.R1.fastq.q"
                }
            ],
            "label": null,
            "name": "Input dataset",
            "outputs": [],
            "position": {
                "left": 10,
                "top": 130
            },
            "tool_id": null,
            "tool_state": "{\"optional\": false, \"tag\": null}",
            "tool_version": null,
            "type": "data_input",
            "uuid": "d865ad32-f5bc-4621-be8c-c2b9c6e047fd",
            "when": null,
            "workflow_outputs": []
        },
        "2": {
            "annotation": "",
            "content_id": null,
            "errors": null,
            "id": 2,
            "input_connections": {},
            "inputs": [
                {
                    "description": "",
                    "name": "NGS0001.R2.fastq.q"
                }
            ],
            "label": null,
            "name": "Input dataset",
            "outputs": [],
            "position": {
                "left": 10,
                "top": 250
            },
            "tool_id": null,
            "tool_state": "{\"optional\": false, \"tag\": null}",
            "tool_version": null,
            "type": "data_input",
            "uuid": "e1a68f81-4d64-4243-9f22-75a08230be0b",
            "when": null,
            "workflow_outputs": []
        },
        "3": {
            "annotation": "",
            "content_id": "toolshed.g2.bx.psu.edu/repos/devteam/fastqc/fastqc/0.67",
            "errors": null,
            "id": 3,
            "input_connections": {
                "input_file": {
                    "id": 1,
                    "output_name": "output"
                }
            },
            "inputs": [],
            "label": null,
            "name": "FastQC",
            "outputs": [
                {
                    "name": "html_file",
                    "type": "html"
                },
                {
                    "name": "text_file",
                    "type": "txt"
                }
            ],
            "position": {
                "left": 230,
                "top": 10
            },
            "post_job_actions": {},
            "tool_id": "toolshed.g2.bx.psu.edu/repos/devteam/fastqc/fastqc/0.67",
            "tool_shed_repository": {
                "changeset_revision": "a00a6402d09a",
                "name": "fastqc",
                "owner": "devteam",
                "tool_shed": "toolshed.g2.bx.psu.edu"
            },
            "tool_state": "{\"__workflow_invocation_uuid__\": \"29d0dca0fdcf11e6b560005056a51846\", \"chromInfo\": \"/galaxy-repl/localdata/chrom/hg19.len\", \"contaminants\": null, \"input_file\": null, \"limits\": null, \"__page__\": null, \"__rerun_remap_job_id__\": null}",
            "tool_version": "0.67",
            "type": "tool",
            "uuid": "0d6d5dbe-1cf8-4e0c-8356-42045d8abded",
            "when": null,
            "workflow_outputs": []
        },
        "4": {
            "annotation": "",
            "content_id": "toolshed.g2.bx.psu.edu/repos/devteam/fastqc/fastqc/0.67",
            "errors": null,
            "id": 4,
            "input_connections": {
                "input_file": {
                    "id": 2,
                    "output_name": "output"
                }
            },
            "inputs": [],
            "label": null,
            "name": "FastQC",
            "outputs": [
                {
                    "name": "html_file",
                    "type": "html"
                },
                {
                    "name": "text_file",
                    "type": "txt"
                }
            ],
            "position": {
                "left": 230,
                "top": 130
            },
            "post_job_actions": {},
            "tool_id": "toolshed.g2.bx.psu.edu/repos/devteam/fastqc/fastqc/0.67",
            "tool_shed_repository": {
                "changeset_revision": "a00a6402d09a",
                "name": "fastqc",
                "owner": "devteam",
                "tool_shed": "toolshed.g2.bx.psu.edu"
            },
            "tool_state": "{\"__workflow_invocation_uuid__\": \"29d0dca0fdcf11e6b560005056a51846\", \"chromInfo\": \"/galaxy-repl/localdata/chrom/hg19.len\", \"contaminants\": null, \"input_file\": null, \"limits\": null, \"__page__\": null, \"__rerun_remap_job_id__\": null}",
            "tool_version": "0.67",
            "type": "tool",
            "uuid": "b5a7098c-aa18-40c0-b7c0-e21d002f5ab9",
            "when": null,
            "workflow_outputs": []
        },
        "5": {
            "annotation": "",
            "content_id": "toolshed.g2.bx.psu.edu/repos/pjbriggs/trimmomatic/trimmomatic/0.32.3",
            "errors": null,
            "id": 5,
            "input_connections": {
                "paired_end|paired_input_type_conditional|fastq_r1_in": {
                    "id": 1,
                    "output_name": "output"
                },
                "paired_end|paired_input_type_conditional|fastq_r2_in": {
                    "id": 2,
                    "output_name": "output"
                }
            },
            "inputs": [],
            "label": null,
            "name": "Trimmomatic",
            "outputs": [
                {
                    "name": "fastq_out_r1_paired",
                    "type": "fastqsanger"
                },
                {
                    "name": "fastq_out_r2_paired",
                    "type": "fastqsanger"
                },
                {
                    "name": "fastq_out_r1_unpaired",
                    "type": "fastqsanger"
                },
                {
                    "name": "fastq_out_r2_unpaired",
                    "type": "fastqsanger"
                }
            ],
            "position": {
                "left": 230,
                "top": 250
            },
            "post_job_actions": {},
            "tool_id": "toolshed.g2.bx.psu.edu/repos/pjbriggs/trimmomatic/trimmomatic/0.32.3",
            "tool_shed_repository": {
                "changeset_revision": "f8a9a5eaca8a",
                "name": "trimmomatic",
                "owner": "pjbriggs",
                "tool_shed": "toolshed.g2.bx.psu.edu"
            },
            "tool_state": "{\"__workflow_invocation_uuid__\": \"29d0dca0fdcf11e6b560005056a51846\", \"chromInfo\": \"/galaxy-repl/localdata/chrom/hg19.len\", \"illuminaclip\": {\"do_illuminaclip\": true, \"__current_case__\": 0, \"adapter_fasta\": \"NexteraPE-PE.fa\", \"seed_mismatches\": \"2\", \"palindrome_clip_threshold\": \"30\", \"simple_clip_threshold\": \"10\"}, \"operations\": [{\"__index__\": 0, \"operation\": {\"name\": \"MINLEN\", \"__current_case__\": 1, \"minlen\": \"50\"}}], \"paired_end\": {\"is_paired_end\": true, \"__current_case__\": 1, \"paired_input_type_conditional\": {\"paired_input_type\": \"pair_of_files\", \"__current_case__\": 0, \"fastq_r1_in\": null, \"fastq_r2_in\": null}}, \"__page__\": null, \"__rerun_remap_job_id__\": null}",
            "tool_version": "0.32.3",
            "type": "tool",
            "uuid": "c10ba205-283c-4bbe-b6a1-52c338c91260",
            "when": null,
            "workflow_outputs": []
        },
        "6": {
            "annotation": "",
            "content_id": "toolshed.g2.bx.psu.edu/repos/devteam/fastqc/fastqc/0.67",
            "errors": null,
            "id": 6,
            "input_connections": {
                "input_file": {
                    "id": 5,
                    "output_name": "fastq_out_r1_paired"
                }
            },
            "inputs": [],
            "label": null,
            "name": "FastQC",
            "outputs": [
                {
                    "name": "html_file",
                    "type": "html"
                },
                {
                    "name": "text_file",
                    "type": "txt"
                }
            ],
            "position": {
                "left": 450,
                "top": 10
            },
            "post_job_actions": {},
            "tool_id": "toolshed.g2.bx.psu.edu/repos/devteam/fastqc/fastqc/0.67",
            "tool_shed_repository": {
                "changeset_revision": "a00a6402d09a",
                "name": "fastqc",
                "owner": "devteam",
                "tool_shed": "toolshed.g2.bx.psu.edu"
            },
            "tool_state": "{\"__workflow_invocation_uuid__\": \"29d0dca0fdcf11e6b560005056a51846\", \"chromInfo\": \"/galaxy-repl/localdata/chrom/hg19.len\", \"contaminants\": null, \"input_file\": null, \"limits\": null, \"__page__\": null, \"__rerun_remap_job_id__\": null}",
            "tool_version": "0.67",
            "type": "tool",
            "uuid": "c71dd06f-3c1c-4a6a-a876-1efaba93ac1d",
            "when": null,
            "workflow_outputs": []
        },
        "7": {
            "annotation": "",
            "content_id": "toolshed.g2.bx.psu.edu/repos/devteam/fastqc/fastqc/0.67",
            "errors": null,
            "id": 7,
            "input_connections": {
                "input_file": {
                    "id": 5,
                    "output_name": "fastq_out_r2_paired"
                }
            },
            "inputs": [],
            "label": null,
            "name": "FastQC",
            "outputs": [
                {
                    "name": "html_file",
                    "type": "html"
                },
                {
                    "name": "text_file",
                    "type": "txt"
                }
            ],
            "position": {
                "left": 450,
                "top": 130
            },
            "post_job_actions": {},
            "tool_id": "toolshed.g2.bx.psu.edu/repos/devteam/fastqc/fastqc/0.67",
            "tool_shed_repository": {
                "changeset_revision": "a00a6402d09a",
                "name": "fastqc",
                "owner": "devteam",
                "tool_shed": "toolshed.g2.bx.psu.edu"
            },
            "tool_state": "{\"__workflow_invocation_uuid__\": \"29d0dca0fdcf11e6b560005056a51846\", \"chromInfo\": \"/galaxy-repl/localdata/chrom/hg19.len\", \"contaminants\": null, \"input_file\": null, \"limits\": null, \"__page__\": null, \"__rerun_remap_job_id__\": null}",
            "tool_version": "0.67",
            "type": "tool",
            "uuid": "dd453c9a-3a75-4114-a037-b6b270df839a",
            "when": null,
            "workflow_outputs": []
        },
        "8": {
            "annotation": "",
            "content_id": "toolshed.g2.bx.psu.edu/repos/devteam/bwa/bwa_mem/0.7.12.1",
            "errors": null,
            "id": 8,
            "input_connections": {
                "fastq_input|fastq_input1": {
                    "id": 5,
                    "output_name": "fastq_out_r1_paired"
                },
                "fastq_input|fastq_input2": {
                    "id": 5,
                    "output_name": "fastq_out_r2_paired"
                }
            },
            "inputs": [],
            "label": null,
            "name": "Map with BWA-MEM",
            "outputs": [
                {
                    "name": "bam_output",
                    "type": "bam"
                }
            ],
            "position": {
                "left": 450,
                "top": 250
            },
            "post_job_actions": {},
            "tool_id": "toolshed.g2.bx.psu.edu/repos/devteam/bwa/bwa_mem/0.7.12.1",
            "tool_shed_repository": {
                "changeset_revision": "546ada4a9f43",
                "name": "bwa",
                "owner": "devteam",
                "tool_shed": "toolshed.g2.bx.psu.edu"
            },
            "tool_state": "{\"__workflow_invocation_uuid__\": \"29d0dca0fdcf11e6b560005056a51846\", \"analysis_type\": {\"analysis_type_selector\": \"illumina\", \"__current_case__\": 0}, \"chromInfo\": \"/galaxy-repl/localdata/chrom/hg19.len\", \"fastq_input\": {\"fastq_input_selector\": \"paired\", \"__current_case__\": 0, \"fastq_input1\": null, \"fastq_input2\": null, \"iset_stats\": \"250,50\"}, \"reference_source\": {\"reference_source_selector\": \"cached\", \"__current_case__\": 0, \"ref_file\": \"hg19\"}, \"rg\": {\"rg_selector\": \"set\", \"__current_case__\": 1, \"read_group_id_conditional\": {\"do_auto_name\": false, \"__current_case__\": 1, \"ID\": \"11V6WR1.111.D1375ACXX.1.NGS001\"}, \"read_group_sm_conditional\": {\"do_auto_name\": false, \"__current_case__\": 1, \"SM\": \"NGS001\"}, \"PL\": \"ILLUMINA\", \"read_group_lb_conditional\": {\"do_auto_name\": false, \"__current_case__\": 1, \"LB\": \"nextera-ngs001-blood\"}, \"CN\": \"\", \"DS\": \"\", \"DT\": \"2017-02-28\", \"FO\": \"\", \"KS\": \"\", \"PG\": \"\", \"PI\": null, \"PU\": \"11V6WR1\"}, \"__page__\": null, \"__rerun_remap_job_id__\": null}",
            "tool_version": "0.7.12.1",
            "type": "tool",
            "uuid": "c54ee5ea-9126-4cff-83ad-d08b8c380909",
            "when": null,
            "workflow_outputs": []
        },
        "9": {
            "annotation": "",
            "content_id": "toolshed.g2.bx.psu.edu/repos/devteam/picard/picard_MarkDuplicates/1.136.0",
            "errors": null,
            "id": 9,
            "input_connections": {
                "inputFile": {
                    "id": 8,
                    "output_name": "bam_output"
                }
            },
            "inputs": [],
            "label": null,
            "name": "MarkDuplicates",
            "outputs": [
                {
                    "name": "metrics_file",
                    "type": "txt"
                },
                {
                    "name": "outFile",
                    "type": "bam"
                }
            ],
            "position": {
                "left": 670,
                "top": 10
            },
            "post_job_actions": {},
            "tool_id": "toolshed.g2.bx.psu.edu/repos/devteam/picard/picard_MarkDuplicates/1.136.0",
            "tool_shed_repository": {
                "changeset_revision": "efc56ee1ade4",
                "name": "picard",
                "owner": "devteam",
                "tool_shed": "toolshed.g2.bx.psu.edu"
            },
            "tool_state": "{\"__workflow_invocation_uuid__\": \"29d0dca0fdcf11e6b560005056a51846\", \"assume_sorted\": true, \"chromInfo\": \"/galaxy-repl/localdata/chrom/hg19.len\", \"comments\": [], \"duplicate_scoring_strategy\": \"SUM_OF_BASE_QUALITIES\", \"inputFile\": null, \"optical_duplicate_pixel_distance\": \"100\", \"read_name_regex\": \"[a-zA-Z0-9]+:[0-9]:([0-9]+):([0-9]+):([0-9]+).*.\", \"remove_duplicates\": false, \"validation_stringency\": \"LENIENT\", \"__page__\": null, \"__rerun_remap_job_id__\": null}",
            "tool_version": "1.136.0",
            "type": "tool",
            "uuid": "53e48ff8-cedb-4675-ac0a-8d6390c44332",
            "when": null,
            "workflow_outputs": []
        },
        "10": {
            "annotation": "",
            "content_id": "toolshed.g2.bx.psu.edu/repos/devteam/samtool_filter2/samtool_filter2/1.1.2",
            "errors": null,
            "id": 10,
            "input_connections": {
                "input1": {
                    "id": 9,
                    "output_name": "outFile"
                }
            },
            "inputs": [],
            "label": null,
            "name": "Filter SAM or BAM, output SAM or BAM",
            "outputs": [
                {
                    "name": "output1",
                    "type": "sam"
                }
            ],
            "position": {
                "left": 890,
                "top": 10
            },
            "post_job_actions": {},
            "tool_id": "toolshed.g2.bx.psu.edu/repos/devteam/samtool_filter2/samtool_filter2/1.1.2",
            "tool_shed_repository": {
                "changeset_revision": "dc6ff68ea5e8",
                "name": "samtool_filter2",
                "owner": "devteam",
                "tool_shed": "toolshed.g2.bx.psu.edu"
            },
            "tool_state": "{\"__workflow_invocation_uuid__\": \"29d0dca0fdcf11e6b560005056a51846\", \"bed_file\": null, \"chromInfo\": \"/galaxy-repl/localdata/chrom/hg19.len\", \"flag\": {\"filter\": \"yes\", \"__current_case__\": 1, \"reqBits\": null, \"skipBits\": [\"0x0004\", \"0x0100\", \"0x0200\", \"0x0400\"]}, \"header\": \"-h\", \"input1\": null, \"library\": \"\", \"mapq\": \"20\", \"outputtype\": \"bam\", \"possibly_select_inverse\": false, \"read_group\": \"\", \"regions\": \"\", \"__page__\": null, \"__rerun_remap_job_id__\": null}",
            "tool_version": "1.1.2",
            "type": "tool",
            "uuid": "094247f1-aa4c-4489-aa67-480bb249c7b0",
            "when": null,
            "workflow_outputs": []
        },
        "11": {
            "annotation": "",
            "content_id": "toolshed.g2.bx.psu.edu/repos/devteam/samtools_flagstat/samtools_flagstat/2.0",
            "errors": null,
            "id": 11,
            "input_connections": {
                "input1": {
                    "id": 9,
                    "output_name": "outFile"
                }
            },
            "inputs": [],
            "label": null,
            "name": "Flagstat",
            "outputs": [
                {
                    "name": "output1",
                    "type": "txt"
                }
            ],
            "position": {
                "left": 890,
                "top": 130
            },
            "post_job_actions": {},
            "tool_id": "toolshed.g2.bx.psu.edu/repos/devteam/samtools_flagstat/samtools_flagstat/2.0",
            "tool_shed_repository": {
                "changeset_revision": "0072bf593791",
                "name": "samtools_flagstat",
                "owner": "devteam",
                "tool_shed": "toolshed.g2.bx.psu.edu"
            },
            "tool_state": "{\"__workflow_invocation_uuid__\": \"29d0dca0fdcf11e6b560005056a51846\", \"chromInfo\": \"/galaxy-repl/localdata/chrom/hg19.len\", \"input1\": null, \"__page__\": null, \"__rerun_remap_job_id__\": null}",
            "tool_version": "2.0",
            "type": "tool",
            "uuid": "660c6e26-3a5e-4a54-a35b-4a593a1df132",
            "when": null,
            "workflow_outputs": []
        },
        "12": {
            "annotation": "",
            "content_id": "toolshed.g2.bx.psu.edu/repos/devteam/samtools_flagstat/samtools_flagstat/2.0",
            "errors": null,
            "id": 12,
            "input_connections": {
                "input1": {
                    "id": 10,
                    "output_name": "output1"
                }
            },
            "inputs": [],
            "label": null,
            "name": "Flagstat",
            "outputs": [
                {
                    "name": "output1",
                    "type": "txt"
                }
            ],
            "position": {
                "left": 1110,
                "top": 10
            },
            "post_job_actions": {},
            "tool_id": "toolshed.g2.bx.psu.edu/repos/devteam/samtools_flagstat/samtools_flagstat/2.0",
            "tool_shed_repository": {
                "changeset_revision": "0072bf593791",
                "name": "samtools_flagstat",
                "owner": "devteam",
                "tool_shed": "toolshed.g2.bx.psu.edu"
            },
            "tool_state": "{\"__workflow_invocation_uuid__\": \"29d0dca0fdcf11e6b560005056a51846\", \"chromInfo\": \"/galaxy-repl/localdata/chrom/hg19.len\", \"input1\": null, \"__page__\": null, \"__rerun_remap_job_id__\": null}",
            "tool_version": "2.0",
            "type": "tool",
            "uuid": "c163fe6c-fdeb-4900-b8d7-2e9d58d49772",
            "when": null,
            "workflow_outputs": []
        },
        "13": {
            "annotation": "",
            "content_id": "toolshed.g2.bx.psu.edu/repos/devteam/bam_to_sam/bam_to_sam/2.0",
            "errors": null,
            "id": 13,
            "input_connections": {
                "input1": {
                    "id": 10,
                    "output_name": "output1"
                }
            },
            "inputs": [],
            "label": null,
            "name": "BAM-to-SAM",
            "outputs": [
                {
                    "name": "output1",
                    "type": "sam"
                }
            ],
            "position": {
                "left": 1110,
                "top": 130
            },
            "post_job_actions": {},
            "tool_id": "toolshed.g2.bx.psu.edu/repos/devteam/bam_to_sam/bam_to_sam/2.0",
            "tool_shed_repository": {
                "changeset_revision": "af7c50162f0b",
                "name": "bam_to_sam",
                "owner": "devteam",
                "tool_shed": "toolshed.g2.bx.psu.edu"
            },
            "tool_state": "{\"__workflow_invocation_uuid__\": \"29d0dca0fdcf11e6b560005056a51846\", \"chromInfo\": \"/galaxy-repl/localdata/chrom/hg19.len\", \"header\": \"-h\", \"input1\": null, \"__page__\": null, \"__rerun_remap_job_id__\": null}",
            "tool_version": "2.0",
            "type": "tool",
            "uuid": "6eb839ca-0241-48c5-b939-657025b7bc14",
            "when": null,
            "workflow_outputs": []
        },
        "14": {
            "annotation": "",
            "content_id": "toolshed.g2.bx.psu.edu/repos/devteam/samtools_idxstats/samtools_idxstats/2.0",
            "errors": null,
            "id": 14,
            "input_connections": {
                "input": {
                    "id": 10,
                    "output_name": "output1"
                }
            },
            "inputs": [],
            "label": null,
            "name": "IdxStats",
            "outputs": [
                {
                    "name": "output",
                    "type": "tabular"
                }
            ],
            "position": {
                "left": 1110,
                "top": 250
            },
            "post_job_actions": {},
            "tool_id": "toolshed.g2.bx.psu.edu/repos/devteam/samtools_idxstats/samtools_idxstats/2.0",
            "tool_shed_repository": {
                "changeset_revision": "87398ae795c7",
                "name": "samtools_idxstats",
                "owner": "devteam",
                "tool_shed": "toolshed.g2.bx.psu.edu"
            },
            "tool_state": "{\"__workflow_invocation_uuid__\": \"29d0dca0fdcf11e6b560005056a51846\", \"chromInfo\": \"/galaxy-repl/localdata/chrom/hg19.len\", \"input\": null, \"__page__\": null, \"__rerun_remap_job_id__\": null}",
            "tool_version": "2.0",
            "type": "tool",
            "uuid": "adc48223-cbb0-42eb-88bc-afc8a4891cec",
            "when": null,
            "workflow_outputs": []
        },
        "15": {
            "annotation": "",
            "content_id": "toolshed.g2.bx.psu.edu/repos/devteam/picard/picard_CollectInsertSizeMetrics/1.136.0",
            "errors": null,
            "id": 15,
            "input_connections": {
                "inputFile": {
                    "id": 10,
                    "output_name": "output1"
                }
            },
            "inputs": [],
            "label": null,
            "name": "CollectInsertSizeMetrics",
            "outputs": [
                {
                    "name": "outFile",
                    "type": "tabular"
                },
                {
                    "name": "histFile",
                    "type": "pdf"
                }
            ],
            "position": {
                "left": 1110,
                "top": 370
            },
            "post_job_actions": {},
            "tool_id": "toolshed.g2.bx.psu.edu/repos/devteam/picard/picard_CollectInsertSizeMetrics/1.136.0",
            "tool_shed_repository": {
                "changeset_revision": "efc56ee1ade4",
                "name": "picard",
                "owner": "devteam",
                "tool_shed": "toolshed.g2.bx.psu.edu"
            },
            "tool_state": "{\"__workflow_invocation_uuid__\": \"29d0dca0fdcf11e6b560005056a51846\", \"assume_sorted\": true, \"chromInfo\": \"/galaxy-repl/localdata/chrom/hg19.len\", \"deviations\": \"10.0\", \"hist_width\": null, \"inputFile\": null, \"metric_accumulation_level\": [\"ALL_READS\"], \"min_pct\": \"0.05\", \"reference_source\": {\"reference_source_selector\": \"cached\", \"__current_case__\": 0, \"ref_file\": \"hg19\"}, \"validation_stringency\": \"LENIENT\", \"__page__\": null, \"__rerun_remap_job_id__\": null}",
            "tool_version": "1.136.0",
            "type": "tool",
            "uuid": "9a4563d9-b578-4bf5-ad31-c3a8b26739e2",
            "when": null,
            "workflow_outputs": []
        },
        "16": {
            "annotation": "",
            "content_id": "toolshed.g2.bx.psu.edu/repos/iuc/bedtools/bedtools_coveragebed/2.22.1",
            "errors": null,
            "id": 16,
            "input_connections": {
                "inputA": {
                    "id": 10,
                    "output_name": "output1"
                },
                "inputB": {
                    "id": 0,
                    "output_name": "output"
                }
            },
            "inputs": [],
            "label": null,
            "name": "Compute both the depth and breadth of coverage",
            "outputs": [
                {
                    "name": "output",
                    "type": "bed"
                }
            ],
            "position": {
                "left": 1110,
                "top": 490
            },
            "post_job_actions": {},
            "tool_id": "toolshed.g2.bx.psu.edu/repos/iuc/bedtools/bedtools_coveragebed/2.22.1",
            "tool_shed_repository": {
                "changeset_revision": "2cd7e321d259",
                "name": "bedtools",
                "owner": "iuc",
                "tool_shed": "toolshed.g2.bx.psu.edu"
            },
            "tool_state": "{\"__workflow_invocation_uuid__\": \"29d0dca0fdcf11e6b560005056a51846\", \"chromInfo\": \"/galaxy-repl/localdata/chrom/hg19.len\", \"d\": true, \"hist\": false, \"inputA\": null, \"inputB\": null, \"split\": false, \"strandedness\": false, \"__page__\": null, \"__rerun_remap_job_id__\": null}",
            "tool_version": "2.22.1",
            "type": "tool",
            "uuid": "63d55501-a7e0-4df1-bca8-f018d6dea185",
            "when": null,
            "workflow_outputs": []
        },
        "17": {
            "annotation": "",
            "content_id": "toolshed.g2.bx.psu.edu/repos/devteam/freebayes/freebayes/0.4.1",
            "errors": null,
            "id": 17,
            "input_connections": {
                "reference_source|input_bams_0|input_bam": {
                    "id": 10,
                    "output_name": "output1"
                }
            },
            "inputs": [],
            "label": null,
            "name": "FreeBayes",
            "outputs": [
                {
                    "name": "output_vcf",
                    "type": "vcf"
                }
            ],
            "position": {
                "left": 1110,
                "top": 610
            },
            "post_job_actions": {},
            "tool_id": "toolshed.g2.bx.psu.edu/repos/devteam/freebayes/freebayes/0.4.1",
            "tool_shed_repository": {
                "changeset_revision": "99684adf84de",
                "name": "freebayes",
                "owner": "devteam",
                "tool_shed": "toolshed.g2.bx.psu.edu"
            },
            "tool_state": "{\"__workflow_invocation_uuid__\": \"29d0dca0fdcf11e6b560005056a51846\", \"chromInfo\": \"/galaxy-repl/localdata/chrom/hg19.len\", \"options_type\": {\"options_type_selector\": \"simple\", \"__current_case__\": 1}, \"reference_source\": {\"reference_source_selector\": \"cached\", \"__current_case__\": 0, \"input_bams\": [{\"__index__\": 0, \"input_bam\": null}], \"ref_file\": \"hg19\"}, \"target_limit_type\": {\"target_limit_type_selector\": \"do_not_limit\", \"__current_case__\": 0}, \"__page__\": null, \"__rerun_remap_job_id__\": null}",
            "tool_version": "0.4.1",
            "type": "tool",
            "uuid": "17c8db16-3d9d-42b2-8726-1c1faaa74e6c",
            "when": null,
            "workflow_outputs": []
        },
        "18": {
            "annotation": "",
            "content_id": "toolshed.g2.bx.psu.edu/repos/devteam/bam_to_sam/bam_to_sam/2.0",
            "errors": null,
            "id": 18,
            "input_connections": {
                "input1": {
                    "id": 13,
                    "output_name": "output1"
                }
            },
            "inputs": [],
            "label": null,
            "name": "BAM-to-SAM",
            "outputs": [
                {
                    "name": "output1",
                    "type": "sam"
                }
            ],
            "position": {
                "left": 1330,
                "top": 10
            },
            "post_job_actions": {},
            "tool_id": "toolshed.g2.bx.psu.edu/repos/devteam/bam_to_sam/bam_to_sam/2.0",
            "tool_shed_repository": {
                "changeset_revision": "af7c50162f0b",
                "name": "bam_to_sam",
                "owner": "devteam",
                "tool_shed": "toolshed.g2.bx.psu.edu"
            },
            "tool_state": "{\"__workflow_invocation_uuid__\": \"29d0dca0fdcf11e6b560005056a51846\", \"chromInfo\": \"/galaxy-repl/localdata/chrom/hg19.len\", \"header\": \"\", \"input1\": null, \"__page__\": null, \"__rerun_remap_job_id__\": null}",
            "tool_version": "2.0",
            "type": "tool",
            "uuid": "e7134642-160a-4462-8d29-5ffb966defa0",
            "when": null,
            "workflow_outputs": []
        },
        "19": {
            "annotation": "",
            "content_id": "sort1",
            "errors": null,
            "id": 19,
            "input_connections": {
                "input": {
                    "id": 16,
                    "output_name": "output"
                }
            },
            "inputs": [],
            "label": null,
            "name": "Sort",
            "outputs": [
                {
                    "name": "out_file1",
                    "type": "input"
                }
            ],
            "position": {
                "left": 1330,
                "top": 130
            },
            "post_job_actions": {},
            "tool_id": "sort1",
            "tool_state": "{\"__workflow_invocation_uuid__\": \"29d0dca0fdcf11e6b560005056a51846\", \"chromInfo\": \"/galaxy-repl/localdata/chrom/hg19.len\", \"column\": \"1\", \"column_set\": [{\"__index__\": 0, \"other_column\": \"2\", \"other_style\": \"num\", \"other_order\": \"ASC\"}, {\"__index__\": 1, \"other_column\": \"5\", \"other_style\": \"num\", \"other_order\": \"ASC\"}], \"input\": null, \"order\": \"ASC\", \"style\": \"num\", \"__page__\": null, \"__rerun_remap_job_id__\": null}",
            "tool_version": "1.0.3",
            "type": "tool",
            "uuid": "7ec66f55-49d5-48fa-ac98-9e3fdf6f56de",
            "when": null,
            "workflow_outputs": []
        },
        "20": {
            "annotation": "",
            "content_id": "toolshed.g2.bx.psu.edu/repos/devteam/vcffilter/vcffilter2/1.0.0_rc1.0",
            "errors": null,
            "id": 20,
            "input_connections": {
                "input1": {
                    "id": 17,
                    "output_name": "output_vcf"
                }
            },
            "inputs": [],
            "label": null,
            "name": "VCFfilter:",
            "outputs": [
                {
                    "name": "out_file1",
                    "type": "vcf"
                }
            ],
            "position": {
                "left": 1330,
                "top": 250
            },
            "post_job_actions": {},
            "tool_id": "toolshed.g2.bx.psu.edu/repos/devteam/vcffilter/vcffilter2/1.0.0_rc1.0",
            "tool_shed_repository": {
                "changeset_revision": "fa24bf0598f4",
                "name": "vcffilter",
                "owner": "devteam",
                "tool_shed": "toolshed.g2.bx.psu.edu"
            },
            "tool_state": "{\"__workflow_invocation_uuid__\": \"29d0dca0fdcf11e6b560005056a51846\", \"chromInfo\": \"/galaxy-repl/localdata/chrom/hg19.len\", \"filterList\": \"-f \\\"QUAL > 1 & QUAL / AO > 10 & SAF > 0 & SAR > 0 & RPR > 1 & RPL > 1\\\"\", \"input1\": null, \"__page__\": null, \"__rerun_remap_job_id__\": null}",
            "tool_version": "1.0.0_rc1.0",
            "type": "tool",
            "uuid": "9d3bcc32-2140-4895-8966-b59af321ce27",
            "when": null,
            "workflow_outputs": []
        },
        "21": {
            "annotation": "",
            "content_id": "Summary_Statistics1",
            "errors": null,
            "id": 21,
            "input_connections": {
                "input": {
                    "id": 19,
                    "output_name": "out_file1"
                }
            },
            "inputs": [],
            "label": null,
            "name": "Summary Statistics",
            "outputs": [
                {
                    "name": "out_file1",
                    "type": "tabular"
                }
            ],
            "position": {
                "left": 1550,
                "top": 10
            },
            "post_job_actions": {},
            "tool_id": "Summary_Statistics1",
            "tool_state": "{\"__workflow_invocation_uuid__\": \"29d0dca0fdcf11e6b560005056a51846\", \"chromInfo\": \"/galaxy-repl/localdata/chrom/hg19.len\", \"cond\": \"c6\", \"input\": null, \"__page__\": null, \"__rerun_remap_job_id__\": null}",
            "tool_version": "1.1.1",
            "type": "tool",
            "uuid": "e47e241b-f9e6-43da-8d6b-849da96872c7",
            "when": null,
            "workflow_outputs": []
        },
        "22": {
            "annotation": "",
            "content_id": "toolshed.g2.bx.psu.edu/repos/devteam/table_annovar/table_annovar/0.2",
            "errors": null,
            "id": 22,
            "input_connections": {
                "input": {
                    "id": 20,
                    "output_name": "out_file1"
                }
            },
            "inputs": [],
            "label": null,
            "name": "ANNOVAR Annotate VCF",
            "outputs": [
                {
                    "name": "output",
                    "type": "tabular"
                }
            ],
            "position": {
                "left": 1550,
                "top": 130
            },
            "post_job_actions": {},
            "tool_id": "toolshed.g2.bx.psu.edu/repos/devteam/table_annovar/table_annovar/0.2",
            "tool_shed_repository": {
                "changeset_revision": "d4e292ddda05",
                "name": "table_annovar",
                "owner": "devteam",
                "tool_shed": "toolshed.g2.bx.psu.edu"
            },
            "tool_state": "{\"__workflow_invocation_uuid__\": \"29d0dca0fdcf11e6b560005056a51846\", \"chromInfo\": \"/galaxy-repl/localdata/chrom/hg19.len\", \"filters\": [\"1000g2012apr_all\", \"avsift\", \"snp137NonFlagged\", \"esp6500si_all\", \"snp137\", \"cosmic67\"], \"gene_anns\": [\"refGene\", \"gencodeV19\"], \"input\": null, \"out_format\": \"tabular\", \"regions\": [\"genomicSuperDups\", \"phastConsElements46way\"], \"__page__\": null, \"__rerun_remap_job_id__\": null}",
            "tool_version": "0.2",
            "type": "tool",
            "uuid": "1f24ca9d-1881-47f5-8844-b1f14440c89d",
            "when": null,
            "workflow_outputs": []
        },
        "23": {
            "annotation": "",
            "content_id": "Filter1",
            "errors": null,
            "id": 23,
            "input_connections": {
                "input": {
                    "id": 22,
                    "output_name": "output"
                }
            },
            "inputs": [],
            "label": null,
            "name": "Filter",
            "outputs": [
                {
                    "name": "out_file1",
                    "type": "input"
                }
            ],
            "position": {
                "left": 1770,
                "top": 10
            },
            "post_job_actions": {},
            "tool_id": "Filter1",
            "tool_state": "{\"__workflow_invocation_uuid__\": \"29d0dca0fdcf11e6b560005056a51846\", \"chromInfo\": \"/galaxy-repl/localdata/chrom/hg19.len\", \"cond\": \"c20==\\\".\\\" and c6==\\\"exonic\\\"\", \"header_lines\": \"0\", \"input\": null, \"__page__\": null, \"__rerun_remap_job_id__\": null}",
            "tool_version": "1.1.0",
            "type": "tool",
            "uuid": "830193b7-3c2f-450c-8257-4f44a5b86bed",
            "when": null,
            "workflow_outputs": []
        }
    },
    "tags": [],
    "uuid": "84454b02-44ed-4f95-b4da-dbc7051fac91",
    "version": 0
}