{
    "a_galaxy_workflow": "true",
    "annotation": "",
    "creator": [
        {
            "class": "Person",
            "identifier": "",
            "name": "Guerler"
        }
    ],
    "format-version": "0.1",
    "license": "MIT",
    "name": "Intra-genome interaction prediction",
    "report": {
        "markdown": "\n# Workflow Execution Report\n\n## Workflow Inputs\n```galaxy\ninvocation_inputs()\n```\n\n## Workflow Outputs\n```galaxy\ninvocation_outputs()\n```\n\n## Workflow\n```galaxy\nworkflow_display()\n```\n\r\n```galaxy\njob_metrics(step=\"toolshed.g2.bx.psu.edu/repos/iuc/collection_element_identifiers/collection_element_identifiers/0.0.2\")\n```\r\n"
    },
    "steps": {
        "0": {
            "annotation": "",
            "content_id": null,
            "errors": null,
            "id": 0,
            "input_connections": {},
            "inputs": [
                {
                    "description": "",
                    "name": "Query FASTA"
                }
            ],
            "label": "Query FASTA",
            "name": "Input dataset",
            "outputs": [],
            "position": {
                "left": 0.0,
                "top": 64.66666666666667
            },
            "tool_id": null,
            "tool_state": "{\"optional\": false, \"tag\": null}",
            "tool_version": null,
            "type": "data_input",
            "uuid": "c95afc0d-b16c-4052-b4dc-df59a4ad13f1",
            "when": null,
            "workflow_outputs": []
        },
        "1": {
            "annotation": "",
            "content_id": null,
            "errors": null,
            "id": 1,
            "input_connections": {},
            "inputs": [
                {
                    "description": "",
                    "name": "Cross reference"
                }
            ],
            "label": "Cross reference",
            "name": "Input dataset",
            "outputs": [],
            "position": {
                "left": 829.3333333333334,
                "top": 0
            },
            "tool_id": null,
            "tool_state": "{\"optional\": false, \"tag\": null}",
            "tool_version": null,
            "type": "data_input",
            "uuid": "4e5a8e5a-b307-44ab-a819-9c387c97a642",
            "when": null,
            "workflow_outputs": []
        },
        "2": {
            "annotation": "",
            "content_id": "toolshed.g2.bx.psu.edu/repos/rnateam/splitfasta/rbc_splitfasta/0.4.0",
            "errors": null,
            "id": 2,
            "input_connections": {
                "inputFile": {
                    "id": 0,
                    "output_name": "output"
                }
            },
            "inputs": [],
            "label": null,
            "name": "Split Fasta",
            "outputs": [
                {
                    "name": "splitted_fasta",
                    "type": "input"
                }
            ],
            "position": {
                "left": 269.3333333333333,
                "top": 103
            },
            "post_job_actions": {
                "HideDatasetActionsplitted_fasta": {
                    "action_arguments": {},
                    "action_type": "HideDatasetAction",
                    "output_name": "splitted_fasta"
                },
                "RenameDatasetActionsplitted_fasta": {
                    "action_arguments": {
                        "newname": "named right now"
                    },
                    "action_type": "RenameDatasetAction",
                    "output_name": "splitted_fasta"
                }
            },
            "tool_id": "toolshed.g2.bx.psu.edu/repos/rnateam/splitfasta/rbc_splitfasta/0.4.0",
            "tool_shed_repository": {
                "changeset_revision": "733ca84b21ee",
                "name": "splitfasta",
                "owner": "rnateam",
                "tool_shed": "toolshed.g2.bx.psu.edu"
            },
            "tool_state": "{\"inputFile\": {\"__class__\": \"ConnectedValue\"}, \"splitmode\": {\"splitmode_select\": \"each\", \"__current_case__\": 1}, \"__page__\": null, \"__rerun_remap_job_id__\": null}",
            "tool_version": "0.4.0",
            "type": "tool",
            "uuid": "f9203d15-c3b7-43a7-badf-ddd6d8183101",
            "when": null,
            "workflow_outputs": [
                {
                    "label": "output",
                    "output_name": "splitted_fasta",
                    "uuid": "806628e6-1db4-4131-8e29-ddac96f0ae14"
                }
            ]
        },
        "3": {
            "annotation": "",
            "content_id": "toolshed.g2.bx.psu.edu/repos/guerler/hhsearch/hhsearch/3.2.0+galaxy0",
            "errors": null,
            "id": 3,
            "input_connections": {
                "i": {
                    "id": 2,
                    "output_name": "splitted_fasta"
                }
            },
            "inputs": [
                {
                    "description": "runtime parameter for tool HHsearch",
                    "name": "db_source"
                },
                {
                    "description": "runtime parameter for tool HHsearch",
                    "name": "db_source"
                },
                {
                    "description": "runtime parameter for tool HHsearch",
                    "name": "db_source_cs219"
                },
                {
                    "description": "runtime parameter for tool HHsearch",
                    "name": "db_source_cs219"
                }
            ],
            "label": null,
            "name": "HHsearch",
            "outputs": [
                {
                    "name": "output",
                    "type": "hhr"
                }
            ],
            "position": {
                "left": 551.3333333333334,
                "top": 29
            },
            "post_job_actions": {
                "ChangeDatatypeActionoutput": {
                    "action_arguments": {
                        "newtype": "txt"
                    },
                    "action_type": "ChangeDatatypeAction",
                    "output_name": "output"
                },
                "HideDatasetActionoutput": {
                    "action_arguments": {},
                    "action_type": "HideDatasetAction",
                    "output_name": "output"
                }
            },
            "tool_id": "toolshed.g2.bx.psu.edu/repos/guerler/hhsearch/hhsearch/3.2.0+galaxy0",
            "tool_shed_repository": {
                "changeset_revision": "589e4d51bda4",
                "name": "hhsearch",
                "owner": "guerler",
                "tool_shed": "toolshed.g2.bx.psu.edu"
            },
            "tool_state": "{\"__job_resource\": {\"__job_resource__select\": \"no\", \"__current_case__\": 0}, \"db_source\": {\"db_source_selector\": \"history\", \"__current_case__\": 1, \"ffdata\": {\"__class__\": \"RuntimeValue\"}, \"ffindex\": {\"__class__\": \"RuntimeValue\"}}, \"db_source_cs219\": {\"db_source_selector\": \"history\", \"__current_case__\": 1, \"ffdata\": {\"__class__\": \"RuntimeValue\"}, \"ffindex\": {\"__class__\": \"RuntimeValue\"}}, \"e\": \"0.001\", \"i\": {\"__class__\": \"ConnectedValue\"}, \"method\": \"hhsearch\", \"__page__\": null, \"__rerun_remap_job_id__\": null}",
            "tool_version": "3.2.0+galaxy0",
            "type": "tool",
            "uuid": "1bfd8eab-5cae-4277-acad-4eb0451aeb92",
            "when": null,
            "workflow_outputs": []
        },
        "4": {
            "annotation": "",
            "content_id": "__FILTER_FAILED_DATASETS__",
            "errors": null,
            "id": 4,
            "input_connections": {
                "input": {
                    "id": 3,
                    "output_name": "output"
                }
            },
            "inputs": [],
            "label": null,
            "name": "Filter failed datasets",
            "outputs": [
                {
                    "name": "output",
                    "type": "input"
                }
            ],
            "position": {
                "left": 829.3333333333334,
                "top": 124
            },
            "post_job_actions": {},
            "tool_id": "__FILTER_FAILED_DATASETS__",
            "tool_state": "{\"input\": {\"__class__\": \"ConnectedValue\"}, \"__page__\": null, \"__rerun_remap_job_id__\": null}",
            "tool_version": "1.0.0",
            "type": "tool",
            "uuid": "6bc2be33-d1c1-4922-b6cd-62b7d59ce605",
            "when": null,
            "workflow_outputs": [
                {
                    "label": null,
                    "output_name": "output",
                    "uuid": "971afb9d-131d-4162-bb98-eca9523aaf8c"
                }
            ]
        },
        "5": {
            "annotation": "",
            "content_id": "toolshed.g2.bx.psu.edu/repos/iuc/collection_element_identifiers/collection_element_identifiers/0.0.2",
            "errors": null,
            "id": 5,
            "input_connections": {
                "input_collection": {
                    "id": 3,
                    "output_name": "output"
                }
            },
            "inputs": [],
            "label": null,
            "name": "Extract element identifiers",
            "outputs": [
                {
                    "name": "output",
                    "type": "txt"
                }
            ],
            "position": {
                "left": 829.3333333333334,
                "top": 280
            },
            "post_job_actions": {
                "ChangeDatatypeActionoutput": {
                    "action_arguments": {
                        "newtype": "tabular"
                    },
                    "action_type": "ChangeDatatypeAction",
                    "output_name": "output"
                },
                "HideDatasetActionoutput": {
                    "action_arguments": {},
                    "action_type": "HideDatasetAction",
                    "output_name": "output"
                }
            },
            "tool_id": "toolshed.g2.bx.psu.edu/repos/iuc/collection_element_identifiers/collection_element_identifiers/0.0.2",
            "tool_shed_repository": {
                "changeset_revision": "d3c07d270a50",
                "name": "collection_element_identifiers",
                "owner": "iuc",
                "tool_shed": "toolshed.g2.bx.psu.edu"
            },
            "tool_state": "{\"input_collection\": {\"__class__\": \"ConnectedValue\"}, \"__page__\": null, \"__rerun_remap_job_id__\": null}",
            "tool_version": "0.0.2",
            "type": "tool",
            "uuid": "94f127ca-32cd-45b4-857e-6ee2780d5959",
            "when": null,
            "workflow_outputs": []
        },
        "6": {
            "annotation": "",
            "content_id": "toolshed.g2.bx.psu.edu/repos/guerler/spring_minz/spring_minz/0.2+galaxy0",
            "errors": null,
            "id": 6,
            "input_connections": {
                "crossreference": {
                    "id": 1,
                    "output_name": "output"
                },
                "targets": {
                    "id": 4,
                    "output_name": "output"
                }
            },
            "inputs": [],
            "label": null,
            "name": "SPRING Min-Z",
            "outputs": [
                {
                    "name": "output",
                    "type": "tabular"
                }
            ],
            "position": {
                "left": 1109.3333333333333,
                "top": 81
            },
            "post_job_actions": {},
            "tool_id": "toolshed.g2.bx.psu.edu/repos/guerler/spring_minz/spring_minz/0.2+galaxy0",
            "tool_shed_repository": {
                "changeset_revision": "aaf729ca617f",
                "name": "spring_minz",
                "owner": "guerler",
                "tool_shed": "toolshed.g2.bx.psu.edu"
            },
            "tool_state": "{\"crossreference\": {\"__class__\": \"ConnectedValue\"}, \"input_type\": {\"input_type_selector\": \"no\", \"__current_case__\": 1}, \"logfile\": false, \"minscore\": \"10\", \"targets\": {\"__class__\": \"ConnectedValue\"}, \"__page__\": null, \"__rerun_remap_job_id__\": null}",
            "tool_version": "0.2+galaxy0",
            "type": "tool",
            "uuid": "02d53e3e-fc47-4e81-893e-452c591441a9",
            "when": null,
            "workflow_outputs": [
                {
                    "label": "SPRING min-Z Table",
                    "output_name": "output",
                    "uuid": "a65a9973-3f33-4ee4-ad7c-ee4039680fe1"
                }
            ]
        },
        "7": {
            "annotation": "",
            "content_id": "toolshed.g2.bx.psu.edu/repos/guerler/ffindex_dbkit_create/ffindex_dbkit_create/0.2+galaxy0",
            "errors": null,
            "id": 7,
            "input_connections": {
                "input": {
                    "id": 5,
                    "output_name": "output"
                },
                "inputs": {
                    "id": 3,
                    "output_name": "output"
                }
            },
            "inputs": [],
            "label": null,
            "name": "DBKit Create",
            "outputs": [
                {
                    "name": "index",
                    "type": "ffindex"
                },
                {
                    "name": "database",
                    "type": "ffdata"
                }
            ],
            "position": {
                "left": 1109.3333333333333,
                "top": 289
            },
            "post_job_actions": {
                "HideDatasetActiondatabase": {
                    "action_arguments": {},
                    "action_type": "HideDatasetAction",
                    "output_name": "database"
                },
                "HideDatasetActionindex": {
                    "action_arguments": {},
                    "action_type": "HideDatasetAction",
                    "output_name": "index"
                }
            },
            "tool_id": "toolshed.g2.bx.psu.edu/repos/guerler/ffindex_dbkit_create/ffindex_dbkit_create/0.2+galaxy0",
            "tool_shed_repository": {
                "changeset_revision": "3b449f158132",
                "name": "ffindex_dbkit_create",
                "owner": "guerler",
                "tool_shed": "toolshed.g2.bx.psu.edu"
            },
            "tool_state": "{\"advanced\": {\"type\": \"false\", \"__current_case__\": 1, \"idprefix\": \"\", \"idextension\": \"\", \"idlength\": \"0\", \"idcase\": \"\"}, \"input\": {\"__class__\": \"ConnectedValue\"}, \"inputs\": {\"__class__\": \"ConnectedValue\"}, \"logfile\": false, \"__page__\": null, \"__rerun_remap_job_id__\": null}",
            "tool_version": "0.2+galaxy0",
            "type": "tool",
            "uuid": "a7f59b5f-c6cc-4e61-832f-c58cf3a98bdb",
            "when": null,
            "workflow_outputs": []
        },
        "8": {
            "annotation": "",
            "content_id": "toolshed.g2.bx.psu.edu/repos/guerler/spring_model_all/spring_model_all/0.2+galaxy0",
            "errors": null,
            "id": 8,
            "input_connections": {
                "crossreference": {
                    "id": 1,
                    "output_name": "output"
                },
                "hhr_source|ffdata": {
                    "id": 7,
                    "output_name": "database"
                },
                "hhr_source|ffindex": {
                    "id": 7,
                    "output_name": "index"
                },
                "pairs": {
                    "id": 6,
                    "output_name": "output"
                }
            },
            "inputs": [],
            "label": null,
            "name": "SPRING Model-All",
            "outputs": [
                {
                    "name": "models",
                    "type": "input"
                },
                {
                    "name": "log",
                    "type": "tabular"
                }
            ],
            "position": {
                "left": 1399.3333468967014,
                "top": 91.00000000000004
            },
            "post_job_actions": {
                "HideDatasetActionlog": {
                    "action_arguments": {},
                    "action_type": "HideDatasetAction",
                    "output_name": "log"
                }
            },
            "tool_id": "toolshed.g2.bx.psu.edu/repos/guerler/spring_model_all/spring_model_all/0.2+galaxy0",
            "tool_shed_repository": {
                "changeset_revision": "cfcfe731de55",
                "name": "spring_model_all",
                "owner": "guerler",
                "tool_shed": "toolshed.g2.bx.psu.edu"
            },
            "tool_state": "{\"crossreference\": {\"__class__\": \"ConnectedValue\"}, \"hhr_source\": {\"hhr_source_selector\": \"history\", \"__current_case__\": 1, \"ffdata\": {\"__class__\": \"ConnectedValue\"}, \"ffindex\": {\"__class__\": \"ConnectedValue\"}}, \"logfile\": true, \"pairs\": {\"__class__\": \"ConnectedValue\"}, \"pdb_source\": {\"pdb_source_selector\": \"indexed\", \"__current_case__\": 0, \"pdb\": \"pdb_2021-03\", \"zipped\": \"gz\"}, \"__page__\": null, \"__rerun_remap_job_id__\": null}",
            "tool_version": "0.2+galaxy0",
            "type": "tool",
            "uuid": "7cc2e95b-b1ca-40ea-b7ca-cd6f1c0491fe",
            "when": null,
            "workflow_outputs": [
                {
                    "label": null,
                    "output_name": "log",
                    "uuid": "c9b4b1eb-3880-46e8-a584-3222b0ec74c0"
                }
            ]
        }
    },
    "tags": [],
    "uuid": "a2a170f4-186b-4155-bc12-39735b9157e5",
    "version": 11
}