{
    "a_galaxy_workflow": "true",
    "annotation": "",
    "format-version": "0.1",
    "name": "Workflow  'K22063917 Assignment FINAL - SnpEffeff'",
    "steps": {
        "0": {
            "annotation": "",
            "content_id": null,
            "errors": null,
            "id": 0,
            "input_connections": {},
            "inputs": [
                {
                    "description": "",
                    "name": "annotation.bed"
                }
            ],
            "label": "annotation.bed",
            "name": "Input dataset",
            "outputs": [],
            "position": {
                "left": 10,
                "top": 10
            },
            "tool_id": null,
            "tool_state": "{\"optional\": false, \"tag\": null}",
            "tool_version": null,
            "type": "data_input",
            "uuid": "9136875b-2750-42e0-94eb-868165f23ae8",
            "when": null,
            "workflow_outputs": []
        },
        "1": {
            "annotation": "",
            "content_id": null,
            "errors": null,
            "id": 1,
            "input_connections": {},
            "inputs": [
                {
                    "description": "",
                    "name": "NGS0001.R1.fastq.qz"
                }
            ],
            "label": "NGS0001.R1.fastq.qz",
            "name": "Input dataset",
            "outputs": [],
            "position": {
                "left": 10,
                "top": 130
            },
            "tool_id": null,
            "tool_state": "{\"optional\": false, \"tag\": null}",
            "tool_version": null,
            "type": "data_input",
            "uuid": "a8d444eb-ab3f-47f3-8e91-7f15f83d4c6d",
            "when": null,
            "workflow_outputs": []
        },
        "2": {
            "annotation": "",
            "content_id": null,
            "errors": null,
            "id": 2,
            "input_connections": {},
            "inputs": [
                {
                    "description": "",
                    "name": "NGS0001.R2.fastq.qz"
                }
            ],
            "label": "NGS0001.R2.fastq.qz",
            "name": "Input dataset",
            "outputs": [],
            "position": {
                "left": 10,
                "top": 250
            },
            "tool_id": null,
            "tool_state": "{\"optional\": false, \"tag\": null}",
            "tool_version": null,
            "type": "data_input",
            "uuid": "10cd8e5f-61b9-4258-be96-014306130bd9",
            "when": null,
            "workflow_outputs": []
        },
        "3": {
            "annotation": "",
            "content_id": "toolshed.g2.bx.psu.edu/repos/devteam/fastqc/fastqc/0.67",
            "errors": null,
            "id": 3,
            "input_connections": {
                "input_file": {
                    "id": 1,
                    "output_name": "output"
                }
            },
            "inputs": [],
            "label": null,
            "name": "FastQC",
            "outputs": [
                {
                    "name": "html_file",
                    "type": "html"
                },
                {
                    "name": "text_file",
                    "type": "txt"
                }
            ],
            "position": {
                "left": 230,
                "top": 10
            },
            "post_job_actions": {},
            "tool_id": "toolshed.g2.bx.psu.edu/repos/devteam/fastqc/fastqc/0.67",
            "tool_shed_repository": {
                "changeset_revision": "a00a6402d09a",
                "name": "fastqc",
                "owner": "devteam",
                "tool_shed": "toolshed.g2.bx.psu.edu"
            },
            "tool_state": "{\"__input_ext\": \"fastqsanger\", \"chromInfo\": \"/cvmfs/data.galaxyproject.org/managed/len/ucsc/hg19.len\", \"contaminants\": null, \"input_file\": null, \"limits\": null, \"__page__\": null, \"__rerun_remap_job_id__\": null}",
            "tool_version": "0.67",
            "type": "tool",
            "uuid": "3ff8371f-8568-4fd7-b18d-63a7ebf6257e",
            "when": null,
            "workflow_outputs": []
        },
        "4": {
            "annotation": "",
            "content_id": "toolshed.g2.bx.psu.edu/repos/devteam/fastqc/fastqc/0.67",
            "errors": null,
            "id": 4,
            "input_connections": {
                "input_file": {
                    "id": 2,
                    "output_name": "output"
                }
            },
            "inputs": [],
            "label": null,
            "name": "FastQC",
            "outputs": [
                {
                    "name": "html_file",
                    "type": "html"
                },
                {
                    "name": "text_file",
                    "type": "txt"
                }
            ],
            "position": {
                "left": 230,
                "top": 130
            },
            "post_job_actions": {},
            "tool_id": "toolshed.g2.bx.psu.edu/repos/devteam/fastqc/fastqc/0.67",
            "tool_shed_repository": {
                "changeset_revision": "a00a6402d09a",
                "name": "fastqc",
                "owner": "devteam",
                "tool_shed": "toolshed.g2.bx.psu.edu"
            },
            "tool_state": "{\"__input_ext\": \"fastqsanger\", \"chromInfo\": \"/cvmfs/data.galaxyproject.org/managed/len/ucsc/hg19.len\", \"contaminants\": null, \"input_file\": null, \"limits\": null, \"__page__\": null, \"__rerun_remap_job_id__\": null}",
            "tool_version": "0.67",
            "type": "tool",
            "uuid": "bd64b77f-9a3e-44ab-810a-7c618b47fc7b",
            "when": null,
            "workflow_outputs": []
        },
        "5": {
            "annotation": "",
            "content_id": "toolshed.g2.bx.psu.edu/repos/pjbriggs/trimmomatic/trimmomatic/0.32.3",
            "errors": null,
            "id": 5,
            "input_connections": {
                "paired_end|paired_input_type_conditional|fastq_r1_in": {
                    "id": 1,
                    "output_name": "output"
                },
                "paired_end|paired_input_type_conditional|fastq_r2_in": {
                    "id": 2,
                    "output_name": "output"
                }
            },
            "inputs": [],
            "label": null,
            "name": "Trimmomatic",
            "outputs": [
                {
                    "name": "fastq_out_r1_paired",
                    "type": "fastqsanger"
                },
                {
                    "name": "fastq_out_r2_paired",
                    "type": "fastqsanger"
                },
                {
                    "name": "fastq_out_r1_unpaired",
                    "type": "fastqsanger"
                },
                {
                    "name": "fastq_out_r2_unpaired",
                    "type": "fastqsanger"
                }
            ],
            "position": {
                "left": 230,
                "top": 250
            },
            "post_job_actions": {},
            "tool_id": "toolshed.g2.bx.psu.edu/repos/pjbriggs/trimmomatic/trimmomatic/0.32.3",
            "tool_shed_repository": {
                "changeset_revision": "f8a9a5eaca8a",
                "name": "trimmomatic",
                "owner": "pjbriggs",
                "tool_shed": "toolshed.g2.bx.psu.edu"
            },
            "tool_state": "{\"__input_ext\": \"fastqsanger\", \"chromInfo\": \"/cvmfs/data.galaxyproject.org/managed/len/ucsc/hg19.len\", \"illuminaclip\": {\"do_illuminaclip\": false, \"__current_case__\": 1}, \"operations\": [{\"__index__\": 0, \"operation\": {\"name\": \"SLIDINGWINDOW\", \"__current_case__\": 0, \"window_size\": \"4\", \"required_quality\": \"20\"}}, {\"__index__\": 1, \"operation\": {\"name\": \"MINLEN\", \"__current_case__\": 1, \"minlen\": \"50\"}}], \"paired_end\": {\"is_paired_end\": true, \"__current_case__\": 1, \"paired_input_type_conditional\": {\"paired_input_type\": \"pair_of_files\", \"__current_case__\": 0, \"fastq_r1_in\": null, \"fastq_r2_in\": null}}, \"__page__\": null, \"__rerun_remap_job_id__\": null}",
            "tool_version": "0.32.3",
            "type": "tool",
            "uuid": "a74608a5-104f-4d24-b61d-f54780ee9daf",
            "when": null,
            "workflow_outputs": []
        },
        "6": {
            "annotation": "",
            "content_id": "toolshed.g2.bx.psu.edu/repos/devteam/fastqc/fastqc/0.67",
            "errors": null,
            "id": 6,
            "input_connections": {
                "input_file": {
                    "id": 5,
                    "output_name": "fastq_out_r1_paired"
                }
            },
            "inputs": [],
            "label": null,
            "name": "FastQC",
            "outputs": [
                {
                    "name": "html_file",
                    "type": "html"
                },
                {
                    "name": "text_file",
                    "type": "txt"
                }
            ],
            "position": {
                "left": 450,
                "top": 10
            },
            "post_job_actions": {},
            "tool_id": "toolshed.g2.bx.psu.edu/repos/devteam/fastqc/fastqc/0.67",
            "tool_shed_repository": {
                "changeset_revision": "a00a6402d09a",
                "name": "fastqc",
                "owner": "devteam",
                "tool_shed": "toolshed.g2.bx.psu.edu"
            },
            "tool_state": "{\"__input_ext\": \"fastqsanger\", \"chromInfo\": \"/cvmfs/data.galaxyproject.org/managed/len/ucsc/hg19.len\", \"contaminants\": null, \"input_file\": null, \"limits\": null, \"__page__\": null, \"__rerun_remap_job_id__\": null}",
            "tool_version": "0.67",
            "type": "tool",
            "uuid": "7f39454f-7a6a-4de2-bcf8-ead09240561e",
            "when": null,
            "workflow_outputs": []
        },
        "7": {
            "annotation": "",
            "content_id": "toolshed.g2.bx.psu.edu/repos/devteam/fastqc/fastqc/0.67",
            "errors": null,
            "id": 7,
            "input_connections": {
                "input_file": {
                    "id": 5,
                    "output_name": "fastq_out_r2_paired"
                }
            },
            "inputs": [],
            "label": null,
            "name": "FastQC",
            "outputs": [
                {
                    "name": "html_file",
                    "type": "html"
                },
                {
                    "name": "text_file",
                    "type": "txt"
                }
            ],
            "position": {
                "left": 450,
                "top": 130
            },
            "post_job_actions": {},
            "tool_id": "toolshed.g2.bx.psu.edu/repos/devteam/fastqc/fastqc/0.67",
            "tool_shed_repository": {
                "changeset_revision": "a00a6402d09a",
                "name": "fastqc",
                "owner": "devteam",
                "tool_shed": "toolshed.g2.bx.psu.edu"
            },
            "tool_state": "{\"__input_ext\": \"fastqsanger\", \"chromInfo\": \"/cvmfs/data.galaxyproject.org/managed/len/ucsc/hg19.len\", \"contaminants\": null, \"input_file\": null, \"limits\": null, \"__page__\": null, \"__rerun_remap_job_id__\": null}",
            "tool_version": "0.67",
            "type": "tool",
            "uuid": "bca4c6df-df69-4905-a929-79bd34db9304",
            "when": null,
            "workflow_outputs": []
        },
        "8": {
            "annotation": "",
            "content_id": "toolshed.g2.bx.psu.edu/repos/devteam/bwa/bwa_mem/0.7.12.1",
            "errors": null,
            "id": 8,
            "input_connections": {
                "fastq_input|fastq_input1": {
                    "id": 5,
                    "output_name": "fastq_out_r1_paired"
                },
                "fastq_input|fastq_input2": {
                    "id": 5,
                    "output_name": "fastq_out_r2_paired"
                }
            },
            "inputs": [],
            "label": null,
            "name": "Map with BWA-MEM",
            "outputs": [
                {
                    "name": "bam_output",
                    "type": "bam"
                }
            ],
            "position": {
                "left": 450,
                "top": 250
            },
            "post_job_actions": {},
            "tool_id": "toolshed.g2.bx.psu.edu/repos/devteam/bwa/bwa_mem/0.7.12.1",
            "tool_shed_repository": {
                "changeset_revision": "546ada4a9f43",
                "name": "bwa",
                "owner": "devteam",
                "tool_shed": "toolshed.g2.bx.psu.edu"
            },
            "tool_state": "{\"__input_ext\": \"fastqsanger\", \"analysis_type\": {\"analysis_type_selector\": \"illumina\", \"__current_case__\": 0}, \"chromInfo\": \"/cvmfs/data.galaxyproject.org/managed/len/ucsc/hg19.len\", \"fastq_input\": {\"fastq_input_selector\": \"paired\", \"__current_case__\": 0, \"fastq_input1\": null, \"fastq_input2\": null, \"iset_stats\": \"250,50\"}, \"reference_source\": {\"reference_source_selector\": \"cached\", \"__current_case__\": 0, \"ref_file\": \"hg19\"}, \"rg\": {\"rg_selector\": \"set\", \"__current_case__\": 1, \"read_group_id_conditional\": {\"do_auto_name\": false, \"__current_case__\": 1, \"ID\": \"11V6WR1.111.D1375ACXX.1.NGS0001\"}, \"read_group_sm_conditional\": {\"do_auto_name\": false, \"__current_case__\": 1, \"SM\": \"NGS0001\"}, \"PL\": \"ILLUMINA\", \"read_group_lb_conditional\": {\"do_auto_name\": false, \"__current_case__\": 1, \"LB\": \"NGS0001-blood\"}, \"CN\": \"\", \"DS\": \"\", \"DT\": \"\", \"FO\": \"\", \"KS\": \"\", \"PG\": \"\", \"PI\": null, \"PU\": \"D1375ACXX.1\"}, \"__page__\": null, \"__rerun_remap_job_id__\": null}",
            "tool_version": "0.7.12.1",
            "type": "tool",
            "uuid": "0ee1d46b-074c-45ed-bae3-7a350cf83a98",
            "when": null,
            "workflow_outputs": []
        },
        "9": {
            "annotation": "",
            "content_id": "toolshed.g2.bx.psu.edu/repos/devteam/picard/picard_MarkDuplicates/1.136.0",
            "errors": null,
            "id": 9,
            "input_connections": {
                "inputFile": {
                    "id": 8,
                    "output_name": "bam_output"
                }
            },
            "inputs": [],
            "label": null,
            "name": "MarkDuplicates",
            "outputs": [
                {
                    "name": "metrics_file",
                    "type": "txt"
                },
                {
                    "name": "outFile",
                    "type": "bam"
                }
            ],
            "position": {
                "left": 670,
                "top": 10
            },
            "post_job_actions": {},
            "tool_id": "toolshed.g2.bx.psu.edu/repos/devteam/picard/picard_MarkDuplicates/1.136.0",
            "tool_shed_repository": {
                "changeset_revision": "efc56ee1ade4",
                "name": "picard",
                "owner": "devteam",
                "tool_shed": "toolshed.g2.bx.psu.edu"
            },
            "tool_state": "{\"__input_ext\": \"bam\", \"assume_sorted\": true, \"chromInfo\": \"/cvmfs/data.galaxyproject.org/managed/len/ucsc/hg19.len\", \"comments\": [], \"duplicate_scoring_strategy\": \"SUM_OF_BASE_QUALITIES\", \"inputFile\": null, \"optical_duplicate_pixel_distance\": \"100\", \"read_name_regex\": \"[a-zA-Z0-9]+:[0-9]:([0-9]+):([0-9]+):([0-9]+).*.\", \"remove_duplicates\": false, \"validation_stringency\": \"LENIENT\", \"__page__\": null, \"__rerun_remap_job_id__\": null}",
            "tool_version": "1.136.0",
            "type": "tool",
            "uuid": "f61db4b1-5cc0-4f82-8eed-f8b478921bcd",
            "when": null,
            "workflow_outputs": []
        },
        "10": {
            "annotation": "",
            "content_id": "toolshed.g2.bx.psu.edu/repos/devteam/samtool_filter2/samtool_filter2/1.1.2",
            "errors": null,
            "id": 10,
            "input_connections": {
                "input1": {
                    "id": 9,
                    "output_name": "outFile"
                }
            },
            "inputs": [],
            "label": null,
            "name": "Filter SAM or BAM, output SAM or BAM",
            "outputs": [
                {
                    "name": "output1",
                    "type": "sam"
                }
            ],
            "position": {
                "left": 890,
                "top": 10
            },
            "post_job_actions": {},
            "tool_id": "toolshed.g2.bx.psu.edu/repos/devteam/samtool_filter2/samtool_filter2/1.1.2",
            "tool_shed_repository": {
                "changeset_revision": "dc6ff68ea5e8",
                "name": "samtool_filter2",
                "owner": "devteam",
                "tool_shed": "toolshed.g2.bx.psu.edu"
            },
            "tool_state": "{\"__input_ext\": \"bam\", \"bed_file\": null, \"chromInfo\": \"/cvmfs/data.galaxyproject.org/managed/len/ucsc/hg19.len\", \"flag\": {\"filter\": \"yes\", \"__current_case__\": 1, \"reqBits\": null, \"skipBits\": [\"0x0004\", \"0x0100\", \"0x0200\", \"0x0400\"]}, \"header\": \"-h\", \"input1\": null, \"library\": \"\", \"mapq\": \"20\", \"outputtype\": \"bam\", \"possibly_select_inverse\": false, \"read_group\": \"\", \"regions\": \"\", \"__page__\": null, \"__rerun_remap_job_id__\": null}",
            "tool_version": "1.1.2",
            "type": "tool",
            "uuid": "15ea7793-915c-48f9-beb6-297506a66933",
            "when": null,
            "workflow_outputs": []
        },
        "11": {
            "annotation": "",
            "content_id": "toolshed.g2.bx.psu.edu/repos/devteam/samtools_flagstat/samtools_flagstat/2.0",
            "errors": null,
            "id": 11,
            "input_connections": {
                "input1": {
                    "id": 9,
                    "output_name": "outFile"
                }
            },
            "inputs": [],
            "label": null,
            "name": "Flagstat",
            "outputs": [
                {
                    "name": "output1",
                    "type": "txt"
                }
            ],
            "position": {
                "left": 890,
                "top": 130
            },
            "post_job_actions": {},
            "tool_id": "toolshed.g2.bx.psu.edu/repos/devteam/samtools_flagstat/samtools_flagstat/2.0",
            "tool_shed_repository": {
                "changeset_revision": "0072bf593791",
                "name": "samtools_flagstat",
                "owner": "devteam",
                "tool_shed": "toolshed.g2.bx.psu.edu"
            },
            "tool_state": "{\"__input_ext\": \"bam\", \"chromInfo\": \"/cvmfs/data.galaxyproject.org/managed/len/ucsc/hg19.len\", \"input1\": null, \"__page__\": null, \"__rerun_remap_job_id__\": null}",
            "tool_version": "2.0",
            "type": "tool",
            "uuid": "71fa2c5a-c1d4-4fbc-8721-6fbc86496637",
            "when": null,
            "workflow_outputs": []
        },
        "12": {
            "annotation": "",
            "content_id": "toolshed.g2.bx.psu.edu/repos/devteam/samtools_flagstat/samtools_flagstat/2.0",
            "errors": null,
            "id": 12,
            "input_connections": {
                "input1": {
                    "id": 10,
                    "output_name": "output1"
                }
            },
            "inputs": [],
            "label": null,
            "name": "Flagstat",
            "outputs": [
                {
                    "name": "output1",
                    "type": "txt"
                }
            ],
            "position": {
                "left": 1110,
                "top": 10
            },
            "post_job_actions": {},
            "tool_id": "toolshed.g2.bx.psu.edu/repos/devteam/samtools_flagstat/samtools_flagstat/2.0",
            "tool_shed_repository": {
                "changeset_revision": "0072bf593791",
                "name": "samtools_flagstat",
                "owner": "devteam",
                "tool_shed": "toolshed.g2.bx.psu.edu"
            },
            "tool_state": "{\"__input_ext\": \"bam\", \"chromInfo\": \"/cvmfs/data.galaxyproject.org/managed/len/ucsc/hg19.len\", \"input1\": null, \"__page__\": null, \"__rerun_remap_job_id__\": null}",
            "tool_version": "2.0",
            "type": "tool",
            "uuid": "eba3d644-cea2-40b5-91f9-c958f160df4a",
            "when": null,
            "workflow_outputs": []
        },
        "13": {
            "annotation": "",
            "content_id": "toolshed.g2.bx.psu.edu/repos/devteam/bam_to_sam/bam_to_sam/2.0",
            "errors": null,
            "id": 13,
            "input_connections": {
                "input1": {
                    "id": 10,
                    "output_name": "output1"
                }
            },
            "inputs": [],
            "label": null,
            "name": "BAM-to-SAM",
            "outputs": [
                {
                    "name": "output1",
                    "type": "sam"
                }
            ],
            "position": {
                "left": 1110,
                "top": 130
            },
            "post_job_actions": {},
            "tool_id": "toolshed.g2.bx.psu.edu/repos/devteam/bam_to_sam/bam_to_sam/2.0",
            "tool_shed_repository": {
                "changeset_revision": "af7c50162f0b",
                "name": "bam_to_sam",
                "owner": "devteam",
                "tool_shed": "toolshed.g2.bx.psu.edu"
            },
            "tool_state": "{\"__input_ext\": \"bam\", \"chromInfo\": \"/cvmfs/data.galaxyproject.org/managed/len/ucsc/hg19.len\", \"header\": \"\", \"input1\": null, \"__page__\": null, \"__rerun_remap_job_id__\": null}",
            "tool_version": "2.0",
            "type": "tool",
            "uuid": "3e0ab1e0-ab0b-4528-a1d9-821cd1ca7431",
            "when": null,
            "workflow_outputs": []
        },
        "14": {
            "annotation": "",
            "content_id": "toolshed.g2.bx.psu.edu/repos/devteam/samtools_idxstats/samtools_idxstats/2.0",
            "errors": null,
            "id": 14,
            "input_connections": {
                "input": {
                    "id": 10,
                    "output_name": "output1"
                }
            },
            "inputs": [],
            "label": null,
            "name": "IdxStats",
            "outputs": [
                {
                    "name": "output",
                    "type": "tabular"
                }
            ],
            "position": {
                "left": 1110,
                "top": 250
            },
            "post_job_actions": {},
            "tool_id": "toolshed.g2.bx.psu.edu/repos/devteam/samtools_idxstats/samtools_idxstats/2.0",
            "tool_shed_repository": {
                "changeset_revision": "87398ae795c7",
                "name": "samtools_idxstats",
                "owner": "devteam",
                "tool_shed": "toolshed.g2.bx.psu.edu"
            },
            "tool_state": "{\"__input_ext\": \"bam\", \"chromInfo\": \"/cvmfs/data.galaxyproject.org/managed/len/ucsc/hg19.len\", \"input\": null, \"__page__\": null, \"__rerun_remap_job_id__\": null}",
            "tool_version": "2.0",
            "type": "tool",
            "uuid": "eb453288-5169-4a31-834b-5d75ba91aeae",
            "when": null,
            "workflow_outputs": []
        },
        "15": {
            "annotation": "",
            "content_id": "toolshed.g2.bx.psu.edu/repos/devteam/picard/picard_CollectInsertSizeMetrics/1.136.0",
            "errors": null,
            "id": 15,
            "input_connections": {
                "inputFile": {
                    "id": 10,
                    "output_name": "output1"
                }
            },
            "inputs": [],
            "label": null,
            "name": "CollectInsertSizeMetrics",
            "outputs": [
                {
                    "name": "outFile",
                    "type": "tabular"
                },
                {
                    "name": "histFile",
                    "type": "pdf"
                }
            ],
            "position": {
                "left": 1110,
                "top": 370
            },
            "post_job_actions": {},
            "tool_id": "toolshed.g2.bx.psu.edu/repos/devteam/picard/picard_CollectInsertSizeMetrics/1.136.0",
            "tool_shed_repository": {
                "changeset_revision": "efc56ee1ade4",
                "name": "picard",
                "owner": "devteam",
                "tool_shed": "toolshed.g2.bx.psu.edu"
            },
            "tool_state": "{\"__input_ext\": \"bam\", \"assume_sorted\": true, \"chromInfo\": \"/cvmfs/data.galaxyproject.org/managed/len/ucsc/hg19.len\", \"deviations\": \"10.0\", \"hist_width\": null, \"inputFile\": null, \"metric_accumulation_level\": [\"ALL_READS\"], \"min_pct\": \"0.05\", \"reference_source\": {\"reference_source_selector\": \"cached\", \"__current_case__\": 0, \"ref_file\": \"hg19\"}, \"validation_stringency\": \"LENIENT\", \"__page__\": null, \"__rerun_remap_job_id__\": null}",
            "tool_version": "1.136.0",
            "type": "tool",
            "uuid": "84143b73-7412-465b-81e3-96999e65d6a2",
            "when": null,
            "workflow_outputs": []
        },
        "16": {
            "annotation": "",
            "content_id": "toolshed.g2.bx.psu.edu/repos/iuc/bedtools/bedtools_coveragebed/2.22.1",
            "errors": null,
            "id": 16,
            "input_connections": {
                "inputA": {
                    "id": 10,
                    "output_name": "output1"
                },
                "inputB": {
                    "id": 0,
                    "output_name": "output"
                }
            },
            "inputs": [],
            "label": null,
            "name": "Compute both the depth and breadth of coverage",
            "outputs": [
                {
                    "name": "output",
                    "type": "bed"
                }
            ],
            "position": {
                "left": 1110,
                "top": 490
            },
            "post_job_actions": {},
            "tool_id": "toolshed.g2.bx.psu.edu/repos/iuc/bedtools/bedtools_coveragebed/2.22.1",
            "tool_shed_repository": {
                "changeset_revision": "2cd7e321d259",
                "name": "bedtools",
                "owner": "iuc",
                "tool_shed": "toolshed.g2.bx.psu.edu"
            },
            "tool_state": "{\"__input_ext\": \"bam\", \"chromInfo\": \"/cvmfs/data.galaxyproject.org/managed/len/ucsc/hg19.len\", \"d\": true, \"hist\": false, \"inputA\": null, \"inputB\": null, \"split\": false, \"strandedness\": false, \"__page__\": null, \"__rerun_remap_job_id__\": null}",
            "tool_version": "2.22.1",
            "type": "tool",
            "uuid": "0a3c4f95-5fbc-4fe0-9d6b-9c7e9b6347fc",
            "when": null,
            "workflow_outputs": []
        },
        "17": {
            "annotation": "",
            "content_id": "toolshed.g2.bx.psu.edu/repos/devteam/freebayes/freebayes/0.4.1",
            "errors": null,
            "id": 17,
            "input_connections": {
                "reference_source|input_bams_0|input_bam": {
                    "id": 10,
                    "output_name": "output1"
                }
            },
            "inputs": [],
            "label": null,
            "name": "FreeBayes",
            "outputs": [
                {
                    "name": "output_vcf",
                    "type": "vcf"
                }
            ],
            "position": {
                "left": 1110,
                "top": 610
            },
            "post_job_actions": {},
            "tool_id": "toolshed.g2.bx.psu.edu/repos/devteam/freebayes/freebayes/0.4.1",
            "tool_shed_repository": {
                "changeset_revision": "99684adf84de",
                "name": "freebayes",
                "owner": "devteam",
                "tool_shed": "toolshed.g2.bx.psu.edu"
            },
            "tool_state": "{\"__input_ext\": \"bam\", \"chromInfo\": \"/cvmfs/data.galaxyproject.org/managed/len/ucsc/hg19.len\", \"options_type\": {\"options_type_selector\": \"simple\", \"__current_case__\": 1}, \"reference_source\": {\"reference_source_selector\": \"cached\", \"__current_case__\": 0, \"input_bams\": [{\"__index__\": 0, \"input_bam\": null}], \"ref_file\": \"hg19\"}, \"target_limit_type\": {\"target_limit_type_selector\": \"do_not_limit\", \"__current_case__\": 0}, \"__page__\": null, \"__rerun_remap_job_id__\": null}",
            "tool_version": "0.4.1",
            "type": "tool",
            "uuid": "a1a625e7-1c24-43da-9876-c6d14a31a156",
            "when": null,
            "workflow_outputs": []
        },
        "18": {
            "annotation": "",
            "content_id": "sort1",
            "errors": null,
            "id": 18,
            "input_connections": {
                "input": {
                    "id": 16,
                    "output_name": "output"
                }
            },
            "inputs": [],
            "label": null,
            "name": "Sort",
            "outputs": [
                {
                    "name": "out_file1",
                    "type": "input"
                }
            ],
            "position": {
                "left": 1330,
                "top": 10
            },
            "post_job_actions": {},
            "tool_id": "sort1",
            "tool_state": "{\"__input_ext\": \"bed\", \"chromInfo\": \"/cvmfs/data.galaxyproject.org/managed/len/ucsc/hg19.len\", \"column\": \"1\", \"column_set\": [{\"__index__\": 0, \"other_column\": \"2\", \"other_style\": \"num\", \"other_order\": \"ASC\"}, {\"__index__\": 1, \"other_column\": \"5\", \"other_style\": \"num\", \"other_order\": \"ASC\"}], \"header_lines\": \"0\", \"input\": null, \"order\": \"ASC\", \"style\": \"num\", \"__page__\": null, \"__rerun_remap_job_id__\": null}",
            "tool_version": "1.2.0",
            "type": "tool",
            "uuid": "c4b31e11-fc57-4296-b432-99fd6243219e",
            "when": null,
            "workflow_outputs": []
        },
        "19": {
            "annotation": "",
            "content_id": "toolshed.g2.bx.psu.edu/repos/devteam/vcffilter/vcffilter2/1.0.0_rc3+galaxy3",
            "errors": null,
            "id": 19,
            "input_connections": {
                "input1": {
                    "id": 17,
                    "output_name": "output_vcf"
                }
            },
            "inputs": [],
            "label": null,
            "name": "VCFfilter:",
            "outputs": [
                {
                    "name": "out_file1",
                    "type": "vcf"
                }
            ],
            "position": {
                "left": 1330,
                "top": 130
            },
            "post_job_actions": {},
            "tool_id": "toolshed.g2.bx.psu.edu/repos/devteam/vcffilter/vcffilter2/1.0.0_rc3+galaxy3",
            "tool_shed_repository": {
                "changeset_revision": "fa24bf0598f4",
                "name": "vcffilter",
                "owner": "devteam",
                "tool_shed": "toolshed.g2.bx.psu.edu"
            },
            "tool_state": "{\"__input_ext\": \"vcf\", \"allele_tag\": false, \"append_filter\": false, \"chromInfo\": \"/cvmfs/data.galaxyproject.org/managed/len/ucsc/hg19.len\", \"filter_repeat\": [{\"__index__\": 0, \"filter_type\": \"-f\", \"filter_value\": \"QUAL > 1 & QUAL / AO > 10 & SAF > 0 & SAR > 0 & RPR > 1 & RPL > 1\"}], \"filter_sites\": false, \"input1\": null, \"invert\": false, \"or\": false, \"region\": \"\", \"tag_fail\": false, \"tag_pass\": false, \"__page__\": null, \"__rerun_remap_job_id__\": null}",
            "tool_version": "1.0.0_rc3+galaxy3",
            "type": "tool",
            "uuid": "c9de1e13-224a-4b85-813b-99c262ce2a08",
            "when": null,
            "workflow_outputs": []
        },
        "20": {
            "annotation": "",
            "content_id": "toolshed.g2.bx.psu.edu/repos/devteam/vcffilter/vcffilter2/1.0.0_rc3+galaxy3",
            "errors": null,
            "id": 20,
            "input_connections": {
                "input1": {
                    "id": 17,
                    "output_name": "output_vcf"
                }
            },
            "inputs": [],
            "label": null,
            "name": "VCFfilter:",
            "outputs": [
                {
                    "name": "out_file1",
                    "type": "vcf"
                }
            ],
            "position": {
                "left": 1330,
                "top": 250
            },
            "post_job_actions": {},
            "tool_id": "toolshed.g2.bx.psu.edu/repos/devteam/vcffilter/vcffilter2/1.0.0_rc3+galaxy3",
            "tool_shed_repository": {
                "changeset_revision": "fa24bf0598f4",
                "name": "vcffilter",
                "owner": "devteam",
                "tool_shed": "toolshed.g2.bx.psu.edu"
            },
            "tool_state": "{\"__input_ext\": \"vcf\", \"allele_tag\": false, \"append_filter\": false, \"chromInfo\": \"/cvmfs/data.galaxyproject.org/managed/len/ucsc/hg19.len\", \"filter_repeat\": [{\"__index__\": 0, \"filter_type\": \"-f\", \"filter_value\": \"QUAL > 1 & QUAL / AO > 10 & SAF > 0 & SAR > 0 & RPR > 1 & RPL > 1\"}, {\"__index__\": 1, \"filter_type\": \"-f\", \"filter_value\": \"DP > 10\"}], \"filter_sites\": false, \"input1\": null, \"invert\": false, \"or\": false, \"region\": \"\", \"tag_fail\": false, \"tag_pass\": false, \"__page__\": null, \"__rerun_remap_job_id__\": null}",
            "tool_version": "1.0.0_rc3+galaxy3",
            "type": "tool",
            "uuid": "a234971d-10a0-4200-9c16-8b2f4c7cfd01",
            "when": null,
            "workflow_outputs": []
        },
        "21": {
            "annotation": "",
            "content_id": "toolshed.g2.bx.psu.edu/repos/devteam/vcffilter/vcffilter2/1.0.0_rc3+galaxy3",
            "errors": null,
            "id": 21,
            "input_connections": {
                "input1": {
                    "id": 17,
                    "output_name": "output_vcf"
                }
            },
            "inputs": [],
            "label": null,
            "name": "VCFfilter:",
            "outputs": [
                {
                    "name": "out_file1",
                    "type": "vcf"
                }
            ],
            "position": {
                "left": 1330,
                "top": 370
            },
            "post_job_actions": {},
            "tool_id": "toolshed.g2.bx.psu.edu/repos/devteam/vcffilter/vcffilter2/1.0.0_rc3+galaxy3",
            "tool_shed_repository": {
                "changeset_revision": "fa24bf0598f4",
                "name": "vcffilter",
                "owner": "devteam",
                "tool_shed": "toolshed.g2.bx.psu.edu"
            },
            "tool_state": "{\"__input_ext\": \"vcf\", \"allele_tag\": false, \"append_filter\": false, \"chromInfo\": \"/cvmfs/data.galaxyproject.org/managed/len/ucsc/hg19.len\", \"filter_repeat\": [{\"__index__\": 0, \"filter_type\": \"-f\", \"filter_value\": \"QUAL > 1 & QUAL / AO > 10 & SAF > 0 & SAR > 0 & RPR > 1 & RPL > 1\"}, {\"__index__\": 1, \"filter_type\": \"-f\", \"filter_value\": \"DP > 10\"}, {\"__index__\": 2, \"filter_type\": \"-f\", \"filter_value\": \"QR > 20\"}, {\"__index__\": 3, \"filter_type\": \"-f\", \"filter_value\": \"QA > 20\"}, {\"__index__\": 4, \"filter_type\": \"-f\", \"filter_value\": \"PAIRED = 1\"}, {\"__index__\": 5, \"filter_type\": \"-f\", \"filter_value\": \"PAIREDR = 1\"}, {\"__index__\": 6, \"filter_type\": \"-f\", \"filter_value\": \"MQM > 20\"}, {\"__index__\": 7, \"filter_type\": \"-f\", \"filter_value\": \"MQMR > 20\"}], \"filter_sites\": false, \"input1\": null, \"invert\": false, \"or\": false, \"region\": \"\", \"tag_fail\": false, \"tag_pass\": false, \"__page__\": null, \"__rerun_remap_job_id__\": null}",
            "tool_version": "1.0.0_rc3+galaxy3",
            "type": "tool",
            "uuid": "d5a472bb-7845-4106-aae5-064e71d4f658",
            "when": null,
            "workflow_outputs": []
        },
        "22": {
            "annotation": "",
            "content_id": "Summary_Statistics1",
            "errors": null,
            "id": 22,
            "input_connections": {
                "input": {
                    "id": 18,
                    "output_name": "out_file1"
                }
            },
            "inputs": [],
            "label": null,
            "name": "Summary Statistics",
            "outputs": [
                {
                    "name": "out_file1",
                    "type": "tabular"
                }
            ],
            "position": {
                "left": 1550,
                "top": 10
            },
            "post_job_actions": {},
            "tool_id": "Summary_Statistics1",
            "tool_state": "{\"__input_ext\": \"bed\", \"chromInfo\": \"/cvmfs/data.galaxyproject.org/managed/len/ucsc/hg19.len\", \"cond\": \"c6\", \"input\": null, \"__page__\": null, \"__rerun_remap_job_id__\": null}",
            "tool_version": "1.1.2",
            "type": "tool",
            "uuid": "6a9d197d-7b9a-465e-9c12-225ea82cd827",
            "when": null,
            "workflow_outputs": []
        },
        "23": {
            "annotation": "",
            "content_id": "toolshed.g2.bx.psu.edu/repos/iuc/snpeff/snpEff/4.3+T.galaxy2",
            "errors": null,
            "id": 23,
            "input_connections": {
                "input": {
                    "id": 21,
                    "output_name": "out_file1"
                }
            },
            "inputs": [],
            "label": null,
            "name": "SnpEff eff:",
            "outputs": [
                {
                    "name": "snpeff_output",
                    "type": "vcf"
                },
                {
                    "name": "statsFile",
                    "type": "html"
                }
            ],
            "position": {
                "left": 1550,
                "top": 130
            },
            "post_job_actions": {},
            "tool_id": "toolshed.g2.bx.psu.edu/repos/iuc/snpeff/snpEff/4.3+T.galaxy2",
            "tool_shed_repository": {
                "changeset_revision": "5b80f544c67f",
                "name": "snpeff",
                "owner": "iuc",
                "tool_shed": "toolshed.g2.bx.psu.edu"
            },
            "tool_state": "{\"__input_ext\": \"vcf\", \"annotations\": null, \"chr\": \"\", \"chromInfo\": \"/cvmfs/data.galaxyproject.org/managed/len/ucsc/hg19.len\", \"csvStats\": false, \"filter\": {\"specificEffects\": \"no\", \"__current_case__\": 0}, \"filterOut\": null, \"generate_stats\": true, \"input\": null, \"inputFormat\": \"vcf\", \"intervals\": null, \"noLog\": true, \"offset\": \"default\", \"outputConditional\": {\"outputFormat\": \"bedAnn\", \"__current_case__\": 3}, \"snpDb\": {\"genomeSrc\": \"named\", \"__current_case__\": 2, \"genome_version\": \"GRCh38.86\"}, \"spliceRegion\": {\"setSpliceRegions\": \"no\", \"__current_case__\": 0}, \"spliceSiteSize\": \"2\", \"transcripts\": null, \"udLength\": \"5000\", \"__page__\": null, \"__rerun_remap_job_id__\": null}",
            "tool_version": "4.3+T.galaxy2",
            "type": "tool",
            "uuid": "45fc26c1-2ff6-412e-a145-4c13792822c4",
            "when": null,
            "workflow_outputs": []
        }
    },
    "tags": [],
    "uuid": "fedbd6f7-412c-4373-8521-c8d402ae9e8c",
    "version": 0
}