{
    "a_galaxy_workflow": "true",
    "annotation": "",
    "format-version": "0.1",
    "name": "Copy of amp-seq_treatment shared by user kyakuno",
    "steps": {
        "0": {
            "annotation": "",
            "content_id": null,
            "errors": null,
            "id": 0,
            "input_connections": {},
            "inputs": [
                {
                    "description": "",
                    "name": "R1"
                }
            ],
            "label": "R1",
            "name": "Input dataset",
            "outputs": [],
            "position": {
                "left": 0.0,
                "top": 76.5
            },
            "tool_id": null,
            "tool_state": "{\"optional\": false, \"tag\": null}",
            "tool_version": null,
            "type": "data_input",
            "uuid": "95524240-643f-4513-9a84-bd2de4f18e51",
            "when": null,
            "workflow_outputs": [
                {
                    "label": null,
                    "output_name": "output",
                    "uuid": "0af83639-77b2-4f0a-91ef-49b578f62991"
                }
            ]
        },
        "1": {
            "annotation": "",
            "content_id": null,
            "errors": null,
            "id": 1,
            "input_connections": {},
            "inputs": [
                {
                    "description": "",
                    "name": "R2"
                }
            ],
            "label": "R2",
            "name": "Input dataset",
            "outputs": [],
            "position": {
                "left": 240.046875,
                "top": 157.359375
            },
            "tool_id": null,
            "tool_state": "{\"optional\": false, \"tag\": null}",
            "tool_version": null,
            "type": "data_input",
            "uuid": "4a21c529-51c9-4cb7-8d67-cd66fe6961cf",
            "when": null,
            "workflow_outputs": [
                {
                    "label": null,
                    "output_name": "output",
                    "uuid": "600b77ed-b97d-4df6-9cf3-f593d87d1ee5"
                }
            ]
        },
        "2": {
            "annotation": "",
            "content_id": "toolshed.g2.bx.psu.edu/repos/devteam/fastqc/fastqc/0.72+galaxy1",
            "errors": null,
            "id": 2,
            "input_connections": {
                "input_file": {
                    "id": 0,
                    "output_name": "output"
                }
            },
            "inputs": [
                {
                    "description": "runtime parameter for tool FastQC",
                    "name": "adapters"
                },
                {
                    "description": "runtime parameter for tool FastQC",
                    "name": "contaminants"
                },
                {
                    "description": "runtime parameter for tool FastQC",
                    "name": "limits"
                }
            ],
            "label": "R1_FastQC",
            "name": "FastQC",
            "outputs": [
                {
                    "name": "html_file",
                    "type": "html"
                },
                {
                    "name": "text_file",
                    "type": "txt"
                }
            ],
            "position": {
                "left": 243.046875,
                "top": 367.5
            },
            "post_job_actions": {
                "HideDatasetActiontext_file": {
                    "action_arguments": {},
                    "action_type": "HideDatasetAction",
                    "output_name": "text_file"
                }
            },
            "tool_id": "toolshed.g2.bx.psu.edu/repos/devteam/fastqc/fastqc/0.72+galaxy1",
            "tool_shed_repository": {
                "changeset_revision": "e7b2202befea",
                "name": "fastqc",
                "owner": "devteam",
                "tool_shed": "toolshed.g2.bx.psu.edu"
            },
            "tool_state": "{\"adapters\": {\"__class__\": \"RuntimeValue\"}, \"contaminants\": {\"__class__\": \"RuntimeValue\"}, \"input_file\": {\"__class__\": \"ConnectedValue\"}, \"kmers\": \"7\", \"limits\": {\"__class__\": \"RuntimeValue\"}, \"min_length\": null, \"nogroup\": false, \"__page__\": null, \"__rerun_remap_job_id__\": null}",
            "tool_version": "0.72+galaxy1",
            "type": "tool",
            "uuid": "1afe0df8-5e00-49c9-9d2d-54eef9f8f202",
            "when": null,
            "workflow_outputs": [
                {
                    "label": "FastQC on input dataset(s): Webpage",
                    "output_name": "html_file",
                    "uuid": "1361402c-009c-4697-b6b9-f995b44a26e6"
                }
            ]
        },
        "3": {
            "annotation": "",
            "content_id": "toolshed.g2.bx.psu.edu/repos/pjbriggs/trimmomatic/trimmomatic/0.38.0",
            "errors": null,
            "id": 3,
            "input_connections": {
                "readtype|fastq_r1_in": {
                    "id": 0,
                    "output_name": "output"
                },
                "readtype|fastq_r2_in": {
                    "id": 1,
                    "output_name": "output"
                }
            },
            "inputs": [
                {
                    "description": "runtime parameter for tool Trimmomatic",
                    "name": "readtype"
                },
                {
                    "description": "runtime parameter for tool Trimmomatic",
                    "name": "readtype"
                }
            ],
            "label": "Trimmomatic",
            "name": "Trimmomatic",
            "outputs": [
                {
                    "name": "fastq_out_r1_paired",
                    "type": "input"
                },
                {
                    "name": "fastq_out_r2_paired",
                    "type": "input"
                },
                {
                    "name": "fastq_out_r1_unpaired",
                    "type": "input"
                },
                {
                    "name": "fastq_out_r2_unpaired",
                    "type": "input"
                }
            ],
            "position": {
                "left": 488.0,
                "top": 0.0
            },
            "post_job_actions": {
                "HideDatasetActionfastq_out_r1_unpaired": {
                    "action_arguments": {},
                    "action_type": "HideDatasetAction",
                    "output_name": "fastq_out_r1_unpaired"
                },
                "HideDatasetActionfastq_out_r2_unpaired": {
                    "action_arguments": {},
                    "action_type": "HideDatasetAction",
                    "output_name": "fastq_out_r2_unpaired"
                }
            },
            "tool_id": "toolshed.g2.bx.psu.edu/repos/pjbriggs/trimmomatic/trimmomatic/0.38.0",
            "tool_shed_repository": {
                "changeset_revision": "898b67846b47",
                "name": "trimmomatic",
                "owner": "pjbriggs",
                "tool_shed": "toolshed.g2.bx.psu.edu"
            },
            "tool_state": "{\"__job_resource\": {\"__job_resource__select\": \"no\", \"__current_case__\": 0}, \"illuminaclip\": {\"do_illuminaclip\": true, \"__current_case__\": 0, \"adapter_type\": {\"standard_or_custom\": \"standard\", \"__current_case__\": 0, \"adapter_fasta\": \"NexteraPE-PE.fa\"}, \"seed_mismatches\": \"2\", \"palindrome_clip_threshold\": \"30\", \"simple_clip_threshold\": \"10\", \"min_adapter_len\": \"8\", \"keep_both_reads\": true}, \"operations\": [{\"__index__\": 0, \"operation\": {\"name\": \"SLIDINGWINDOW\", \"__current_case__\": 0, \"window_size\": \"4\", \"required_quality\": \"20\"}}], \"output_err\": false, \"output_logs\": false, \"readtype\": {\"single_or_paired\": \"pair_of_files\", \"__current_case__\": 1, \"fastq_r1_in\": {\"__class__\": \"RuntimeValue\"}, \"fastq_r2_in\": {\"__class__\": \"RuntimeValue\"}}, \"__page__\": null, \"__rerun_remap_job_id__\": null}",
            "tool_version": "0.38.0",
            "type": "tool",
            "uuid": "16d6e778-1555-4725-a808-61e2b9758d16",
            "when": null,
            "workflow_outputs": [
                {
                    "label": "Trimmed_R1",
                    "output_name": "fastq_out_r1_paired",
                    "uuid": "c5a23b3d-4dec-4527-92dc-b01a75fdfc42"
                },
                {
                    "label": "Trimmed_R2",
                    "output_name": "fastq_out_r2_paired",
                    "uuid": "6366cf77-00a0-4981-9bd9-8629983a3ca2"
                }
            ]
        },
        "4": {
            "annotation": "",
            "content_id": "toolshed.g2.bx.psu.edu/repos/devteam/fastqc/fastqc/0.72+galaxy1",
            "errors": null,
            "id": 4,
            "input_connections": {
                "input_file": {
                    "id": 1,
                    "output_name": "output"
                }
            },
            "inputs": [
                {
                    "description": "runtime parameter for tool FastQC",
                    "name": "adapters"
                },
                {
                    "description": "runtime parameter for tool FastQC",
                    "name": "contaminants"
                },
                {
                    "description": "runtime parameter for tool FastQC",
                    "name": "limits"
                }
            ],
            "label": "R2_FastQC",
            "name": "FastQC",
            "outputs": [
                {
                    "name": "html_file",
                    "type": "html"
                },
                {
                    "name": "text_file",
                    "type": "txt"
                }
            ],
            "position": {
                "left": 488.046875,
                "top": 372.359375
            },
            "post_job_actions": {
                "HideDatasetActiontext_file": {
                    "action_arguments": {},
                    "action_type": "HideDatasetAction",
                    "output_name": "text_file"
                }
            },
            "tool_id": "toolshed.g2.bx.psu.edu/repos/devteam/fastqc/fastqc/0.72+galaxy1",
            "tool_shed_repository": {
                "changeset_revision": "e7b2202befea",
                "name": "fastqc",
                "owner": "devteam",
                "tool_shed": "toolshed.g2.bx.psu.edu"
            },
            "tool_state": "{\"adapters\": {\"__class__\": \"RuntimeValue\"}, \"contaminants\": {\"__class__\": \"RuntimeValue\"}, \"input_file\": {\"__class__\": \"ConnectedValue\"}, \"kmers\": \"7\", \"limits\": {\"__class__\": \"RuntimeValue\"}, \"min_length\": null, \"nogroup\": false, \"__page__\": null, \"__rerun_remap_job_id__\": null}",
            "tool_version": "0.72+galaxy1",
            "type": "tool",
            "uuid": "e94a016f-123b-47e4-96dd-947d65a83c7b",
            "when": null,
            "workflow_outputs": [
                {
                    "label": null,
                    "output_name": "html_file",
                    "uuid": "4a69bf87-8195-4692-8d2a-f16496c15666"
                }
            ]
        },
        "5": {
            "annotation": "",
            "content_id": "toolshed.g2.bx.psu.edu/repos/lparsons/fastq_join/fastq_join/1.1.2-806.1",
            "errors": null,
            "id": 5,
            "input_connections": {
                "input_type|read1": {
                    "id": 3,
                    "output_name": "fastq_out_r1_paired"
                },
                "input_type|read2": {
                    "id": 3,
                    "output_name": "fastq_out_r2_paired"
                }
            },
            "inputs": [
                {
                    "description": "runtime parameter for tool fastq-join",
                    "name": "input_type"
                },
                {
                    "description": "runtime parameter for tool fastq-join",
                    "name": "input_type"
                }
            ],
            "label": null,
            "name": "fastq-join",
            "outputs": [
                {
                    "name": "outputJoined",
                    "type": "fastqsanger"
                },
                {
                    "name": "outputUnmatched1",
                    "type": "fastqsanger"
                },
                {
                    "name": "outputUnmatched2",
                    "type": "fastqsanger"
                }
            ],
            "position": {
                "left": 765.15625,
                "top": 30.0
            },
            "post_job_actions": {
                "ChangeDatatypeActionoutputJoined": {
                    "action_arguments": {
                        "newtype": "fastq"
                    },
                    "action_type": "ChangeDatatypeAction",
                    "output_name": "outputJoined"
                },
                "HideDatasetActionoutputUnmatched1": {
                    "action_arguments": {},
                    "action_type": "HideDatasetAction",
                    "output_name": "outputUnmatched1"
                },
                "HideDatasetActionoutputUnmatched2": {
                    "action_arguments": {},
                    "action_type": "HideDatasetAction",
                    "output_name": "outputUnmatched2"
                }
            },
            "tool_id": "toolshed.g2.bx.psu.edu/repos/lparsons/fastq_join/fastq_join/1.1.2-806.1",
            "tool_shed_repository": {
                "changeset_revision": "8ec3dfde378b",
                "name": "fastq_join",
                "owner": "lparsons",
                "tool_shed": "toolshed.g2.bx.psu.edu"
            },
            "tool_state": "{\"input_type\": {\"input_type_selector\": \"paired\", \"__current_case__\": 0, \"read1\": {\"__class__\": \"RuntimeValue\"}, \"read2\": {\"__class__\": \"RuntimeValue\"}}, \"minOverlap\": \"6\", \"pctMaxDiff\": \"8.0\", \"splitChar\": \" \", \"stitchLengthReport\": false, \"__page__\": null, \"__rerun_remap_job_id__\": null}",
            "tool_version": "1.1.2-806.1",
            "type": "tool",
            "uuid": "60424b3a-f1d2-4e98-919d-71ab9ed1d891",
            "when": null,
            "workflow_outputs": [
                {
                    "label": "Merged_data",
                    "output_name": "outputJoined",
                    "uuid": "763ea9bb-2d4c-48f2-b17d-0aa574fcee5f"
                }
            ]
        },
        "6": {
            "annotation": "",
            "content_id": "toolshed.g2.bx.psu.edu/repos/devteam/fastqc/fastqc/0.72+galaxy1",
            "errors": null,
            "id": 6,
            "input_connections": {
                "input_file": {
                    "id": 5,
                    "output_name": "outputJoined"
                }
            },
            "inputs": [
                {
                    "description": "runtime parameter for tool FastQC",
                    "name": "adapters"
                },
                {
                    "description": "runtime parameter for tool FastQC",
                    "name": "contaminants"
                },
                {
                    "description": "runtime parameter for tool FastQC",
                    "name": "input_file"
                },
                {
                    "description": "runtime parameter for tool FastQC",
                    "name": "limits"
                }
            ],
            "label": "Merged_FastQC",
            "name": "FastQC",
            "outputs": [
                {
                    "name": "html_file",
                    "type": "html"
                },
                {
                    "name": "text_file",
                    "type": "txt"
                }
            ],
            "position": {
                "left": 1013.15625,
                "top": 29.0
            },
            "post_job_actions": {},
            "tool_id": "toolshed.g2.bx.psu.edu/repos/devteam/fastqc/fastqc/0.72+galaxy1",
            "tool_shed_repository": {
                "changeset_revision": "e7b2202befea",
                "name": "fastqc",
                "owner": "devteam",
                "tool_shed": "toolshed.g2.bx.psu.edu"
            },
            "tool_state": "{\"adapters\": {\"__class__\": \"RuntimeValue\"}, \"contaminants\": {\"__class__\": \"RuntimeValue\"}, \"input_file\": {\"__class__\": \"RuntimeValue\"}, \"kmers\": \"7\", \"limits\": {\"__class__\": \"RuntimeValue\"}, \"min_length\": null, \"nogroup\": false, \"__page__\": null, \"__rerun_remap_job_id__\": null}",
            "tool_version": "0.72+galaxy1",
            "type": "tool",
            "uuid": "341fd14b-2d9a-4d2c-8839-c0308b3914d6",
            "when": null,
            "workflow_outputs": [
                {
                    "label": null,
                    "output_name": "text_file",
                    "uuid": "d4039ad6-073c-47ac-847e-7cc46929d756"
                },
                {
                    "label": "Merged_data\u306eQC\u7d50\u679c",
                    "output_name": "html_file",
                    "uuid": "8fb6d1f4-ab1d-4fe9-8a3f-46039c0f00d5"
                }
            ]
        }
    },
    "tags": [],
    "uuid": "2a463d94-d49d-4407-9640-1aedd685400b",
    "version": 0
}