{
    "a_galaxy_workflow": "true",
    "annotation": "",
    "format-version": "0.1",
    "name": "Prueba Lidia desde original",
    "steps": {
        "0": {
            "annotation": "",
            "content_id": "bwa_wrapper",
            "errors": null,
            "id": 0,
            "input_connections": {},
            "inputs": [],
            "label": null,
            "name": "Map with BWA for Illumina",
            "outputs": [
                {
                    "name": "output",
                    "type": "sam"
                }
            ],
            "position": {
                "left": 128.8000030517578,
                "top": 311.1999969482422
            },
            "post_job_actions": {
                "HideDatasetActionoutput": {
                    "action_arguments": {},
                    "action_type": "HideDatasetAction",
                    "output_name": "output"
                }
            },
            "tool_id": "bwa_wrapper",
            "tool_shed_repository": {
                "changeset_revision": "b4427dbb6ced",
                "name": "bwa_wrappers",
                "owner": "devteam",
                "tool_shed": "toolshed.g2.bx.psu.edu"
            },
            "tool_state": "{\"genomeSource\": {\"refGenomeSource\": \"indexed\", \"__current_case__\": 0, \"indices\": \"/galaxy/data/hg19/bwa_index/hg19.fa\"}, \"paired\": {\"sPaired\": \"single\", \"__current_case__\": 0, \"input1\": null}, \"params\": {\"source_select\": \"pre_set\", \"__current_case__\": 0}, \"suppressHeader\": true, \"__page__\": null, \"__rerun_remap_job_id__\": null}",
            "tool_version": "1.2.1",
            "type": "tool",
            "uuid": "None",
            "when": null,
            "workflow_outputs": []
        },
        "1": {
            "annotation": "",
            "content_id": "Grep1",
            "errors": null,
            "id": 1,
            "input_connections": {
                "input": {
                    "id": 0,
                    "output_name": "output"
                }
            },
            "inputs": [],
            "label": null,
            "name": "Select",
            "outputs": [
                {
                    "name": "out_file1",
                    "type": "input"
                }
            ],
            "position": {
                "left": 492,
                "top": 468.00001525878906
            },
            "post_job_actions": {
                "HideDatasetActionout_file1": {
                    "action_arguments": {},
                    "action_type": "HideDatasetAction",
                    "output_name": "out_file1"
                }
            },
            "tool_id": "Grep1",
            "tool_state": "{\"input\": null, \"invert\": \"false\", \"pattern\": \"X0:i:1\", \"__page__\": null, \"__rerun_remap_job_id__\": null}",
            "tool_version": "1.0.1",
            "type": "tool",
            "uuid": "None",
            "when": null,
            "workflow_outputs": []
        },
        "2": {
            "annotation": "",
            "content_id": "sam_bw_filter",
            "errors": null,
            "id": 2,
            "input_connections": {
                "input1": {
                    "id": 1,
                    "output_name": "out_file1"
                }
            },
            "inputs": [],
            "label": null,
            "name": "Filter SAM",
            "outputs": [
                {
                    "name": "out_file1",
                    "type": "sam"
                }
            ],
            "position": {
                "left": 332.4000244140625,
                "top": 609.5999908447266
            },
            "post_job_actions": {
                "HideDatasetActionout_file1": {
                    "action_arguments": {},
                    "action_type": "HideDatasetAction",
                    "output_name": "out_file1"
                }
            },
            "tool_id": "sam_bw_filter",
            "tool_shed_repository": {
                "changeset_revision": "0b2424a404d9",
                "name": "sam_bitwise_flag_filter",
                "owner": "devteam",
                "tool_shed": "toolshed.g2.bx.psu.edu"
            },
            "tool_state": "{\"bits\": [{\"__index__\": 0, \"flags\": \"--0x0004\", \"states\": \"0\"}, {\"__index__\": 1, \"flags\": \"--0x0010\", \"states\": \"0\"}], \"chromInfo\": \"/galaxy/home/g2main/galaxy_main/tool-data/shared/ucsc/chrom/hg19.len\", \"input1\": null, \"__page__\": null, \"__rerun_remap_job_id__\": null}",
            "tool_version": "1.0.0",
            "type": "tool",
            "uuid": "None",
            "when": null,
            "workflow_outputs": []
        },
        "3": {
            "annotation": "",
            "content_id": "sam_bw_filter",
            "errors": null,
            "id": 3,
            "input_connections": {
                "input1": {
                    "id": 1,
                    "output_name": "out_file1"
                }
            },
            "inputs": [],
            "label": null,
            "name": "Filter SAM",
            "outputs": [
                {
                    "name": "out_file1",
                    "type": "sam"
                }
            ],
            "position": {
                "left": 270,
                "top": 878.4000396728516
            },
            "post_job_actions": {
                "HideDatasetActionout_file1": {
                    "action_arguments": {},
                    "action_type": "HideDatasetAction",
                    "output_name": "out_file1"
                }
            },
            "tool_id": "sam_bw_filter",
            "tool_shed_repository": {
                "changeset_revision": "0b2424a404d9",
                "name": "sam_bitwise_flag_filter",
                "owner": "devteam",
                "tool_shed": "toolshed.g2.bx.psu.edu"
            },
            "tool_state": "{\"bits\": [{\"__index__\": 0, \"flags\": \"--0x0004\", \"states\": \"0\"}, {\"__index__\": 1, \"flags\": \"--0x0010\", \"states\": \"1\"}], \"input1\": null, \"__page__\": null, \"__rerun_remap_job_id__\": null}",
            "tool_version": "1.0.0",
            "type": "tool",
            "uuid": "None",
            "when": null,
            "workflow_outputs": []
        },
        "4": {
            "annotation": "",
            "content_id": "sam_to_bam",
            "errors": null,
            "id": 4,
            "input_connections": {
                "source|input1": {
                    "id": 2,
                    "output_name": "out_file1"
                }
            },
            "inputs": [],
            "label": null,
            "name": "SAM-to-BAM",
            "outputs": [
                {
                    "name": "output1",
                    "type": "bam"
                }
            ],
            "position": {
                "left": 438,
                "top": 784.8000030517578
            },
            "post_job_actions": {
                "HideDatasetActionoutput1": {
                    "action_arguments": {},
                    "action_type": "HideDatasetAction",
                    "output_name": "output1"
                }
            },
            "tool_id": "sam_to_bam",
            "tool_shed_repository": {
                "changeset_revision": "9bd1568619cd",
                "name": "sam_to_bam",
                "owner": "devteam",
                "tool_shed": "toolshed.g2.bx.psu.edu"
            },
            "tool_state": "{\"chromInfo\": \"/galaxy/home/g2main/galaxy_main/tool-data/shared/ucsc/chrom/hg19.len\", \"source\": {\"index_source\": \"cached\", \"input1\": null, \"__current_case__\": 0}, \"__page__\": null, \"__rerun_remap_job_id__\": null}",
            "tool_version": "1.1.1",
            "type": "tool",
            "uuid": "None",
            "when": null,
            "workflow_outputs": []
        },
        "5": {
            "annotation": "",
            "content_id": "sam_to_bam",
            "errors": null,
            "id": 5,
            "input_connections": {
                "source|input1": {
                    "id": 3,
                    "output_name": "out_file1"
                }
            },
            "inputs": [],
            "label": null,
            "name": "SAM-to-BAM",
            "outputs": [
                {
                    "name": "output1",
                    "type": "bam"
                }
            ],
            "position": {
                "left": 403.20001220703125,
                "top": 1042.8000030517578
            },
            "post_job_actions": {
                "HideDatasetActionoutput1": {
                    "action_arguments": {},
                    "action_type": "HideDatasetAction",
                    "output_name": "output1"
                }
            },
            "tool_id": "sam_to_bam",
            "tool_shed_repository": {
                "changeset_revision": "9bd1568619cd",
                "name": "sam_to_bam",
                "owner": "devteam",
                "tool_shed": "toolshed.g2.bx.psu.edu"
            },
            "tool_state": "{\"source\": {\"index_source\": \"cached\", \"input1\": null, \"__current_case__\": 0}, \"__page__\": null, \"__rerun_remap_job_id__\": null}",
            "tool_version": "1.1.1",
            "type": "tool",
            "uuid": "None",
            "when": null,
            "workflow_outputs": []
        },
        "6": {
            "annotation": "",
            "content_id": "sam_pileup",
            "errors": null,
            "id": 6,
            "input_connections": {
                "refOrHistory|input1": {
                    "id": 4,
                    "output_name": "output1"
                }
            },
            "inputs": [],
            "label": null,
            "name": "Generate pileup",
            "outputs": [
                {
                    "name": "output1",
                    "type": "tabular"
                }
            ],
            "position": {
                "left": 642,
                "top": 756.0000152587891
            },
            "post_job_actions": {
                "HideDatasetActionoutput1": {
                    "action_arguments": {},
                    "action_type": "HideDatasetAction",
                    "output_name": "output1"
                }
            },
            "tool_id": "sam_pileup",
            "tool_shed_repository": {
                "changeset_revision": "a3b4ad6858ff",
                "name": "sam_pileup",
                "owner": "devteam",
                "tool_shed": "toolshed.g2.bx.psu.edu"
            },
            "tool_state": "{\"c\": {\"consensus\": \"no\", \"__current_case__\": 0}, \"chromInfo\": \"/galaxy/home/g2main/galaxy_main/tool-data/shared/ucsc/chrom/hg19.len\", \"indels\": \"no\", \"lastCol\": \"no\", \"mapCap\": \"60\", \"refOrHistory\": {\"reference\": \"indexed\", \"__current_case__\": 0, \"input1\": null}, \"__page__\": null, \"__rerun_remap_job_id__\": null}",
            "tool_version": "1.1.1",
            "type": "tool",
            "uuid": "None",
            "when": null,
            "workflow_outputs": []
        },
        "7": {
            "annotation": "",
            "content_id": "sam_pileup",
            "errors": null,
            "id": 7,
            "input_connections": {
                "refOrHistory|input1": {
                    "id": 5,
                    "output_name": "output1"
                }
            },
            "inputs": [],
            "label": null,
            "name": "Generate pileup",
            "outputs": [
                {
                    "name": "output1",
                    "type": "tabular"
                }
            ],
            "position": {
                "left": 630,
                "top": 1038.000015258789
            },
            "post_job_actions": {
                "HideDatasetActionoutput1": {
                    "action_arguments": {},
                    "action_type": "HideDatasetAction",
                    "output_name": "output1"
                }
            },
            "tool_id": "sam_pileup",
            "tool_shed_repository": {
                "changeset_revision": "a3b4ad6858ff",
                "name": "sam_pileup",
                "owner": "devteam",
                "tool_shed": "toolshed.g2.bx.psu.edu"
            },
            "tool_state": "{\"c\": {\"consensus\": \"no\", \"__current_case__\": 0}, \"indels\": \"no\", \"lastCol\": \"no\", \"mapCap\": \"60\", \"refOrHistory\": {\"reference\": \"indexed\", \"__current_case__\": 0, \"input1\": null}, \"__page__\": null, \"__rerun_remap_job_id__\": null}",
            "tool_version": "1.1.1",
            "type": "tool",
            "uuid": "None",
            "when": null,
            "workflow_outputs": []
        },
        "8": {
            "annotation": "",
            "content_id": "pileup_parser",
            "errors": null,
            "id": 8,
            "input_connections": {
                "input": {
                    "id": 6,
                    "output_name": "output1"
                }
            },
            "inputs": [],
            "label": null,
            "name": "Filter pileup",
            "outputs": [
                {
                    "name": "out_file1",
                    "type": "tabular"
                }
            ],
            "position": {
                "left": 774,
                "top": 531.6000213623047
            },
            "post_job_actions": {
                "HideDatasetActionout_file1": {
                    "action_arguments": {},
                    "action_type": "HideDatasetAction",
                    "output_name": "out_file1"
                }
            },
            "tool_id": "pileup_parser",
            "tool_shed_repository": {
                "changeset_revision": "85bedbea8a12",
                "name": "pileup_parser",
                "owner": "devteam",
                "tool_shed": "toolshed.g2.bx.psu.edu"
            },
            "tool_state": "{\"chromInfo\": \"/galaxy/home/g2main/galaxy_main/tool-data/shared/ucsc/chrom/hg19.len\", \"cvrg_cutoff\": \"100\", \"diff\": \"Yes\", \"input\": null, \"interval\": \"Yes\", \"pileup_type\": {\"type_select\": \"six\", \"__current_case__\": 1}, \"qc_base\": \"No\", \"qv_cutoff\": \"30\", \"snps_only\": \"No\", \"__page__\": null, \"__rerun_remap_job_id__\": null}",
            "tool_version": "1.0.2",
            "type": "tool",
            "uuid": "None",
            "when": null,
            "workflow_outputs": []
        },
        "9": {
            "annotation": "",
            "content_id": "pileup_parser",
            "errors": null,
            "id": 9,
            "input_connections": {
                "input": {
                    "id": 7,
                    "output_name": "output1"
                }
            },
            "inputs": [],
            "label": null,
            "name": "Filter pileup",
            "outputs": [
                {
                    "name": "out_file1",
                    "type": "tabular"
                }
            ],
            "position": {
                "left": 736.800048828125,
                "top": 1227.6000518798828
            },
            "post_job_actions": {
                "HideDatasetActionout_file1": {
                    "action_arguments": {},
                    "action_type": "HideDatasetAction",
                    "output_name": "out_file1"
                }
            },
            "tool_id": "pileup_parser",
            "tool_shed_repository": {
                "changeset_revision": "85bedbea8a12",
                "name": "pileup_parser",
                "owner": "devteam",
                "tool_shed": "toolshed.g2.bx.psu.edu"
            },
            "tool_state": "{\"cvrg_cutoff\": \"100\", \"diff\": \"Yes\", \"input\": null, \"interval\": \"Yes\", \"pileup_type\": {\"type_select\": \"six\", \"__current_case__\": 1}, \"qc_base\": \"No\", \"qv_cutoff\": \"30\", \"snps_only\": \"No\", \"__page__\": null, \"__rerun_remap_job_id__\": null}",
            "tool_version": "1.0.2",
            "type": "tool",
            "uuid": "None",
            "when": null,
            "workflow_outputs": []
        },
        "10": {
            "annotation": "",
            "content_id": "Filter1",
            "errors": null,
            "id": 10,
            "input_connections": {
                "input": {
                    "id": 8,
                    "output_name": "out_file1"
                }
            },
            "inputs": [],
            "label": null,
            "name": "Filter",
            "outputs": [
                {
                    "name": "out_file1",
                    "type": "input"
                }
            ],
            "position": {
                "left": 884.4000244140625,
                "top": 232.8000030517578
            },
            "post_job_actions": {
                "HideDatasetActionout_file1": {
                    "action_arguments": {},
                    "action_type": "HideDatasetAction",
                    "output_name": "out_file1"
                }
            },
            "tool_id": "Filter1",
            "tool_state": "{\"chromInfo\": \"/galaxy/home/g2main/galaxy_main/tool-data/shared/ucsc/chrom/hg19.len\", \"cond\": \"c1=='chrM' and c10 >= 100\", \"input\": null, \"__page__\": null, \"__rerun_remap_job_id__\": null}",
            "tool_version": "1.0.1",
            "type": "tool",
            "uuid": "None",
            "when": null,
            "workflow_outputs": []
        },
        "11": {
            "annotation": "",
            "content_id": "Filter1",
            "errors": null,
            "id": 11,
            "input_connections": {
                "input": {
                    "id": 9,
                    "output_name": "out_file1"
                }
            },
            "inputs": [],
            "label": null,
            "name": "Filter",
            "outputs": [
                {
                    "name": "out_file1",
                    "type": "input"
                }
            ],
            "position": {
                "left": 888,
                "top": 1444.8000030517578
            },
            "post_job_actions": {
                "HideDatasetActionout_file1": {
                    "action_arguments": {},
                    "action_type": "HideDatasetAction",
                    "output_name": "out_file1"
                }
            },
            "tool_id": "Filter1",
            "tool_state": "{\"cond\": \"c1=='chrM' and c10 >= 100\", \"input\": null, \"__page__\": null, \"__rerun_remap_job_id__\": null}",
            "tool_version": "1.0.1",
            "type": "tool",
            "uuid": "None",
            "when": null,
            "workflow_outputs": []
        },
        "12": {
            "annotation": "",
            "content_id": "Filter1",
            "errors": null,
            "id": 12,
            "input_connections": {
                "input": {
                    "id": 10,
                    "output_name": "out_file1"
                }
            },
            "inputs": [],
            "label": null,
            "name": "Filter",
            "outputs": [
                {
                    "name": "out_file1",
                    "type": "input"
                }
            ],
            "position": {
                "left": 1128,
                "top": 174.00000762939453
            },
            "post_job_actions": {
                "HideDatasetActionout_file1": {
                    "action_arguments": {},
                    "action_type": "HideDatasetAction",
                    "output_name": "out_file1"
                }
            },
            "tool_id": "Filter1",
            "tool_state": "{\"cond\": \"c6/c10 >= 0.01 and c11/c10 >= 0.01\", \"input\": null, \"__page__\": null, \"__rerun_remap_job_id__\": null}",
            "tool_version": "1.0.1",
            "type": "tool",
            "uuid": "None",
            "when": null,
            "workflow_outputs": []
        },
        "13": {
            "annotation": "",
            "content_id": "Filter1",
            "errors": null,
            "id": 13,
            "input_connections": {
                "input": {
                    "id": 10,
                    "output_name": "out_file1"
                }
            },
            "inputs": [],
            "label": null,
            "name": "Filter",
            "outputs": [
                {
                    "name": "out_file1",
                    "type": "input"
                }
            ],
            "position": {
                "left": 1134,
                "top": 302.40000915527344
            },
            "post_job_actions": {
                "HideDatasetActionout_file1": {
                    "action_arguments": {},
                    "action_type": "HideDatasetAction",
                    "output_name": "out_file1"
                }
            },
            "tool_id": "Filter1",
            "tool_state": "{\"cond\": \"c7/c10 >= 0.01 and c11/c10 >= 0.01\", \"input\": null, \"__page__\": null, \"__rerun_remap_job_id__\": null}",
            "tool_version": "1.0.1",
            "type": "tool",
            "uuid": "None",
            "when": null,
            "workflow_outputs": []
        },
        "14": {
            "annotation": "",
            "content_id": "Filter1",
            "errors": null,
            "id": 14,
            "input_connections": {
                "input": {
                    "id": 10,
                    "output_name": "out_file1"
                }
            },
            "inputs": [],
            "label": null,
            "name": "Filter",
            "outputs": [
                {
                    "name": "out_file1",
                    "type": "input"
                }
            ],
            "position": {
                "left": 1129.2000732421875,
                "top": 433.2000274658203
            },
            "post_job_actions": {
                "HideDatasetActionout_file1": {
                    "action_arguments": {},
                    "action_type": "HideDatasetAction",
                    "output_name": "out_file1"
                }
            },
            "tool_id": "Filter1",
            "tool_state": "{\"cond\": \"c8/c10 >= 0.01 and c11/c10 >= 0.01\", \"input\": null, \"__page__\": null, \"__rerun_remap_job_id__\": null}",
            "tool_version": "1.0.1",
            "type": "tool",
            "uuid": "None",
            "when": null,
            "workflow_outputs": []
        },
        "15": {
            "annotation": "",
            "content_id": "Filter1",
            "errors": null,
            "id": 15,
            "input_connections": {
                "input": {
                    "id": 10,
                    "output_name": "out_file1"
                }
            },
            "inputs": [],
            "label": null,
            "name": "Filter",
            "outputs": [
                {
                    "name": "out_file1",
                    "type": "input"
                }
            ],
            "position": {
                "left": 1134,
                "top": 565.2000274658203
            },
            "post_job_actions": {
                "HideDatasetActionout_file1": {
                    "action_arguments": {},
                    "action_type": "HideDatasetAction",
                    "output_name": "out_file1"
                }
            },
            "tool_id": "Filter1",
            "tool_state": "{\"cond\": \"c9/c10 >= 0.01 and c11/c10 >= 0.01\", \"input\": null, \"__page__\": null, \"__rerun_remap_job_id__\": null}",
            "tool_version": "1.0.1",
            "type": "tool",
            "uuid": "None",
            "when": null,
            "workflow_outputs": []
        },
        "16": {
            "annotation": "",
            "content_id": "Filter1",
            "errors": null,
            "id": 16,
            "input_connections": {
                "input": {
                    "id": 11,
                    "output_name": "out_file1"
                }
            },
            "inputs": [],
            "label": null,
            "name": "Filter",
            "outputs": [
                {
                    "name": "out_file1",
                    "type": "input"
                }
            ],
            "position": {
                "left": 1135.2000732421875,
                "top": 1104.0000762939453
            },
            "post_job_actions": {
                "HideDatasetActionout_file1": {
                    "action_arguments": {},
                    "action_type": "HideDatasetAction",
                    "output_name": "out_file1"
                }
            },
            "tool_id": "Filter1",
            "tool_state": "{\"cond\": \"c6/c10 >= 0.01 and c11/c10 >= 0.01\", \"input\": null, \"__page__\": null, \"__rerun_remap_job_id__\": null}",
            "tool_version": "1.0.1",
            "type": "tool",
            "uuid": "None",
            "when": null,
            "workflow_outputs": []
        },
        "17": {
            "annotation": "",
            "content_id": "Filter1",
            "errors": null,
            "id": 17,
            "input_connections": {
                "input": {
                    "id": 11,
                    "output_name": "out_file1"
                }
            },
            "inputs": [],
            "label": null,
            "name": "Filter",
            "outputs": [
                {
                    "name": "out_file1",
                    "type": "input"
                }
            ],
            "position": {
                "left": 1128,
                "top": 1232.3999786376953
            },
            "post_job_actions": {
                "HideDatasetActionout_file1": {
                    "action_arguments": {},
                    "action_type": "HideDatasetAction",
                    "output_name": "out_file1"
                }
            },
            "tool_id": "Filter1",
            "tool_state": "{\"cond\": \"c7/c10 >= 0.01 and c11/c10 >= 0.01\", \"input\": null, \"__page__\": null, \"__rerun_remap_job_id__\": null}",
            "tool_version": "1.0.1",
            "type": "tool",
            "uuid": "None",
            "when": null,
            "workflow_outputs": []
        },
        "18": {
            "annotation": "",
            "content_id": "Filter1",
            "errors": null,
            "id": 18,
            "input_connections": {
                "input": {
                    "id": 11,
                    "output_name": "out_file1"
                }
            },
            "inputs": [],
            "label": null,
            "name": "Filter",
            "outputs": [
                {
                    "name": "out_file1",
                    "type": "input"
                }
            ],
            "position": {
                "left": 1134,
                "top": 1353.6000518798828
            },
            "post_job_actions": {
                "HideDatasetActionout_file1": {
                    "action_arguments": {},
                    "action_type": "HideDatasetAction",
                    "output_name": "out_file1"
                }
            },
            "tool_id": "Filter1",
            "tool_state": "{\"cond\": \"c8/c10 >= 0.01 and c11/c10 >= 0.01\", \"input\": null, \"__page__\": null, \"__rerun_remap_job_id__\": null}",
            "tool_version": "1.0.1",
            "type": "tool",
            "uuid": "None",
            "when": null,
            "workflow_outputs": []
        },
        "19": {
            "annotation": "",
            "content_id": "Filter1",
            "errors": null,
            "id": 19,
            "input_connections": {
                "input": {
                    "id": 11,
                    "output_name": "out_file1"
                }
            },
            "inputs": [],
            "label": null,
            "name": "Filter",
            "outputs": [
                {
                    "name": "out_file1",
                    "type": "input"
                }
            ],
            "position": {
                "left": 1128,
                "top": 1448.3999786376953
            },
            "post_job_actions": {
                "HideDatasetActionout_file1": {
                    "action_arguments": {},
                    "action_type": "HideDatasetAction",
                    "output_name": "out_file1"
                }
            },
            "tool_id": "Filter1",
            "tool_state": "{\"cond\": \"c9/c10 >= 0.01 and c11/c10 >= 0.01\", \"input\": null, \"__page__\": null, \"__rerun_remap_job_id__\": null}",
            "tool_version": "1.0.1",
            "type": "tool",
            "uuid": "None",
            "when": null,
            "workflow_outputs": []
        },
        "20": {
            "annotation": "",
            "content_id": "cat1",
            "errors": null,
            "id": 20,
            "input_connections": {
                "input1": {
                    "id": 12,
                    "output_name": "out_file1"
                },
                "queries_0|input2": {
                    "id": 13,
                    "output_name": "out_file1"
                },
                "queries_1|input2": {
                    "id": 14,
                    "output_name": "out_file1"
                },
                "queries_2|input2": {
                    "id": 15,
                    "output_name": "out_file1"
                }
            },
            "inputs": [],
            "label": null,
            "name": "Concatenate datasets",
            "outputs": [
                {
                    "name": "out_file1",
                    "type": "input"
                }
            ],
            "position": {
                "left": 1393.2000732421875,
                "top": 636.0000152587891
            },
            "post_job_actions": {
                "HideDatasetActionout_file1": {
                    "action_arguments": {},
                    "action_type": "HideDatasetAction",
                    "output_name": "out_file1"
                }
            },
            "tool_id": "cat1",
            "tool_state": "{\"input1\": null, \"queries\": [{\"__index__\": 0, \"input2\": null}, {\"__index__\": 1, \"input2\": null}, {\"__index__\": 2, \"input2\": null}], \"__page__\": null, \"__rerun_remap_job_id__\": null}",
            "tool_version": "1.0.0",
            "type": "tool",
            "uuid": "None",
            "when": null,
            "workflow_outputs": []
        },
        "21": {
            "annotation": "",
            "content_id": "cat1",
            "errors": null,
            "id": 21,
            "input_connections": {
                "input1": {
                    "id": 16,
                    "output_name": "out_file1"
                },
                "queries_0|input2": {
                    "id": 17,
                    "output_name": "out_file1"
                },
                "queries_1|input2": {
                    "id": 18,
                    "output_name": "out_file1"
                },
                "queries_2|input2": {
                    "id": 19,
                    "output_name": "out_file1"
                }
            },
            "inputs": [],
            "label": null,
            "name": "Concatenate datasets",
            "outputs": [
                {
                    "name": "out_file1",
                    "type": "input"
                }
            ],
            "position": {
                "left": 1396.800048828125,
                "top": 861.6000518798828
            },
            "post_job_actions": {
                "HideDatasetActionout_file1": {
                    "action_arguments": {},
                    "action_type": "HideDatasetAction",
                    "output_name": "out_file1"
                }
            },
            "tool_id": "cat1",
            "tool_state": "{\"input1\": null, \"queries\": [{\"__index__\": 0, \"input2\": null}, {\"__index__\": 1, \"input2\": null}, {\"__index__\": 2, \"input2\": null}], \"__page__\": null, \"__rerun_remap_job_id__\": null}",
            "tool_version": "1.0.0",
            "type": "tool",
            "uuid": "None",
            "when": null,
            "workflow_outputs": []
        },
        "22": {
            "annotation": "",
            "content_id": "Grouping1",
            "errors": null,
            "id": 22,
            "input_connections": {
                "input1": {
                    "id": 20,
                    "output_name": "out_file1"
                }
            },
            "inputs": [],
            "label": null,
            "name": "Group",
            "outputs": [
                {
                    "name": "out_file1",
                    "type": "tabular"
                }
            ],
            "position": {
                "left": 1447.2000732421875,
                "top": 463.2000274658203
            },
            "post_job_actions": {
                "HideDatasetActionout_file1": {
                    "action_arguments": {},
                    "action_type": "HideDatasetAction",
                    "output_name": "out_file1"
                }
            },
            "tool_id": "Grouping1",
            "tool_state": "{\"groupcol\": \"2\", \"ignorecase\": false, \"input1\": null, \"operations\": [{\"__index__\": 0, \"optype\": \"length\", \"opcol\": \"2\", \"opround\": \"yes\"}], \"__page__\": null, \"__rerun_remap_job_id__\": null}",
            "tool_version": "1.9.3",
            "type": "tool",
            "uuid": "None",
            "when": null,
            "workflow_outputs": []
        },
        "23": {
            "annotation": "",
            "content_id": "Grouping1",
            "errors": null,
            "id": 23,
            "input_connections": {
                "input1": {
                    "id": 21,
                    "output_name": "out_file1"
                }
            },
            "inputs": [],
            "label": null,
            "name": "Group",
            "outputs": [
                {
                    "name": "out_file1",
                    "type": "tabular"
                }
            ],
            "position": {
                "left": 1489.2000732421875,
                "top": 1104.0000762939453
            },
            "post_job_actions": {
                "HideDatasetActionout_file1": {
                    "action_arguments": {},
                    "action_type": "HideDatasetAction",
                    "output_name": "out_file1"
                }
            },
            "tool_id": "Grouping1",
            "tool_state": "{\"groupcol\": \"2\", \"ignorecase\": false, \"input1\": null, \"operations\": [{\"__index__\": 0, \"optype\": \"length\", \"opcol\": \"2\", \"opround\": \"yes\"}], \"__page__\": null, \"__rerun_remap_job_id__\": null}",
            "tool_version": "1.9.3",
            "type": "tool",
            "uuid": "None",
            "when": null,
            "workflow_outputs": []
        },
        "24": {
            "annotation": "",
            "content_id": "join1",
            "errors": null,
            "id": 24,
            "input_connections": {
                "input1": {
                    "id": 10,
                    "output_name": "out_file1"
                },
                "input2": {
                    "id": 22,
                    "output_name": "out_file1"
                }
            },
            "inputs": [],
            "label": null,
            "name": "Join two Datasets",
            "outputs": [
                {
                    "name": "out_file1",
                    "type": "tabular"
                }
            ],
            "position": {
                "left": 1504.800048828125,
                "top": 282.00001525878906
            },
            "post_job_actions": {
                "HideDatasetActionout_file1": {
                    "action_arguments": {},
                    "action_type": "HideDatasetAction",
                    "output_name": "out_file1"
                }
            },
            "tool_id": "join1",
            "tool_state": "{\"field1\": \"2\", \"field2\": \"1\", \"fill_empty_columns\": {\"fill_empty_columns_switch\": \"fill_empty\", \"__current_case__\": 1, \"fill_columns_by\": \"fill_unjoined_only\", \"do_fill_empty_columns\": {\"column_fill_type\": \"single_fill_value\", \"__current_case__\": 0, \"fill_value\": \"0\"}}, \"input1\": null, \"input2\": null, \"partial\": \"\", \"unmatched\": \"-u\", \"__page__\": null, \"__rerun_remap_job_id__\": null}",
            "tool_version": "2.0.2",
            "type": "tool",
            "uuid": "None",
            "when": null,
            "workflow_outputs": []
        },
        "25": {
            "annotation": "",
            "content_id": "join1",
            "errors": null,
            "id": 25,
            "input_connections": {
                "input1": {
                    "id": 11,
                    "output_name": "out_file1"
                },
                "input2": {
                    "id": 23,
                    "output_name": "out_file1"
                }
            },
            "inputs": [],
            "label": null,
            "name": "Join two Datasets",
            "outputs": [
                {
                    "name": "out_file1",
                    "type": "tabular"
                }
            ],
            "position": {
                "left": 1537.2000732421875,
                "top": 1222.8000030517578
            },
            "post_job_actions": {
                "HideDatasetActionout_file1": {
                    "action_arguments": {},
                    "action_type": "HideDatasetAction",
                    "output_name": "out_file1"
                }
            },
            "tool_id": "join1",
            "tool_state": "{\"field1\": \"2\", \"field2\": \"1\", \"fill_empty_columns\": {\"fill_empty_columns_switch\": \"fill_empty\", \"__current_case__\": 1, \"fill_columns_by\": \"fill_unjoined_only\", \"do_fill_empty_columns\": {\"column_fill_type\": \"single_fill_value\", \"__current_case__\": 0, \"fill_value\": \"0\"}}, \"input1\": null, \"input2\": null, \"partial\": \"\", \"unmatched\": \"-u\", \"__page__\": null, \"__rerun_remap_job_id__\": null}",
            "tool_version": "2.0.2",
            "type": "tool",
            "uuid": "None",
            "when": null,
            "workflow_outputs": []
        },
        "26": {
            "annotation": "",
            "content_id": "Cut1",
            "errors": null,
            "id": 26,
            "input_connections": {
                "input": {
                    "id": 24,
                    "output_name": "out_file1"
                }
            },
            "inputs": [],
            "label": null,
            "name": "Cut",
            "outputs": [
                {
                    "name": "out_file1",
                    "type": "tabular"
                }
            ],
            "position": {
                "left": 1689.60009765625,
                "top": 705.5999908447266
            },
            "post_job_actions": {
                "ChangeDatatypeActionout_file1": {
                    "action_arguments": {
                        "newtype": "interval"
                    },
                    "action_type": "ChangeDatatypeAction",
                    "output_name": "out_file1"
                },
                "HideDatasetActionout_file1": {
                    "action_arguments": {},
                    "action_type": "HideDatasetAction",
                    "output_name": "out_file1"
                },
                "RenameDatasetActionout_file1": {
                    "action_arguments": {
                        "newname": "plus"
                    },
                    "action_type": "RenameDatasetAction",
                    "output_name": "out_file1"
                }
            },
            "tool_id": "Cut1",
            "tool_state": "{\"columnList\": \"c1,c2,c3,c4,c6,c7,c8,c9,c10,c11,c13\", \"delimiter\": \"T\", \"input\": null, \"__page__\": null, \"__rerun_remap_job_id__\": null}",
            "tool_version": "1.0.1",
            "type": "tool",
            "uuid": "None",
            "when": null,
            "workflow_outputs": []
        },
        "27": {
            "annotation": "",
            "content_id": "Cut1",
            "errors": null,
            "id": 27,
            "input_connections": {
                "input": {
                    "id": 25,
                    "output_name": "out_file1"
                }
            },
            "inputs": [],
            "label": null,
            "name": "Cut",
            "outputs": [
                {
                    "name": "out_file1",
                    "type": "tabular"
                }
            ],
            "position": {
                "left": 1676.4000244140625,
                "top": 822.0000152587891
            },
            "post_job_actions": {
                "ChangeDatatypeActionout_file1": {
                    "action_arguments": {
                        "newtype": "interval"
                    },
                    "action_type": "ChangeDatatypeAction",
                    "output_name": "out_file1"
                },
                "HideDatasetActionout_file1": {
                    "action_arguments": {},
                    "action_type": "HideDatasetAction",
                    "output_name": "out_file1"
                },
                "RenameDatasetActionout_file1": {
                    "action_arguments": {
                        "newname": "minus"
                    },
                    "action_type": "RenameDatasetAction",
                    "output_name": "out_file1"
                }
            },
            "tool_id": "Cut1",
            "tool_state": "{\"columnList\": \"c1,c2,c3,c4,c6,c7,c8,c9,c10,c11,c13\", \"delimiter\": \"T\", \"input\": null, \"__page__\": null, \"__rerun_remap_job_id__\": null}",
            "tool_version": "1.0.1",
            "type": "tool",
            "uuid": "None",
            "when": null,
            "workflow_outputs": []
        },
        "28": {
            "annotation": "",
            "content_id": "join1",
            "errors": null,
            "id": 28,
            "input_connections": {
                "input1": {
                    "id": 26,
                    "output_name": "out_file1"
                },
                "input2": {
                    "id": 27,
                    "output_name": "out_file1"
                }
            },
            "inputs": [],
            "label": null,
            "name": "Join two Datasets",
            "outputs": [
                {
                    "name": "out_file1",
                    "type": "tabular"
                }
            ],
            "position": {
                "left": 1785.60009765625,
                "top": 194.40000915527344
            },
            "post_job_actions": {
                "HideDatasetActionout_file1": {
                    "action_arguments": {},
                    "action_type": "HideDatasetAction",
                    "output_name": "out_file1"
                }
            },
            "tool_id": "join1",
            "tool_state": "{\"field1\": \"2\", \"field2\": \"2\", \"fill_empty_columns\": {\"fill_empty_columns_switch\": \"no_fill\", \"__current_case__\": 0}, \"input1\": null, \"input2\": null, \"partial\": \"\", \"unmatched\": \"\", \"__page__\": null, \"__rerun_remap_job_id__\": null}",
            "tool_version": "2.0.2",
            "type": "tool",
            "uuid": "None",
            "when": null,
            "workflow_outputs": []
        },
        "29": {
            "annotation": "",
            "content_id": "Add_a_column1",
            "errors": null,
            "id": 29,
            "input_connections": {
                "input": {
                    "id": 28,
                    "output_name": "out_file1"
                }
            },
            "inputs": [],
            "label": null,
            "name": "Compute",
            "outputs": [
                {
                    "name": "out_file1",
                    "type": "input"
                }
            ],
            "position": {
                "left": 1896,
                "top": 368.40000915527344
            },
            "post_job_actions": {
                "HideDatasetActionout_file1": {
                    "action_arguments": {},
                    "action_type": "HideDatasetAction",
                    "output_name": "out_file1"
                }
            },
            "tool_id": "Add_a_column1",
            "tool_shed_repository": {
                "changeset_revision": "6595517c2dd8",
                "name": "column_maker",
                "owner": "devteam",
                "tool_shed": "toolshed.g2.bx.psu.edu"
            },
            "tool_state": "{\"cond\": \"c11 == c22\", \"input\": null, \"round\": \"no\", \"__page__\": null, \"__rerun_remap_job_id__\": null}",
            "tool_version": "1.1.0",
            "type": "tool",
            "uuid": "None",
            "when": null,
            "workflow_outputs": []
        },
        "30": {
            "annotation": "",
            "content_id": "Filter1",
            "errors": null,
            "id": 30,
            "input_connections": {
                "input": {
                    "id": 29,
                    "output_name": "out_file1"
                }
            },
            "inputs": [],
            "label": null,
            "name": "Filter",
            "outputs": [
                {
                    "name": "out_file1",
                    "type": "input"
                }
            ],
            "position": {
                "left": 2107.199951171875,
                "top": 168.00000762939453
            },
            "post_job_actions": {
                "HideDatasetActionout_file1": {
                    "action_arguments": {},
                    "action_type": "HideDatasetAction",
                    "output_name": "out_file1"
                }
            },
            "tool_id": "Filter1",
            "tool_state": "{\"cond\": \"c23=='True'\", \"input\": null, \"__page__\": null, \"__rerun_remap_job_id__\": null}",
            "tool_version": "1.0.1",
            "type": "tool",
            "uuid": "None",
            "when": null,
            "workflow_outputs": []
        },
        "31": {
            "annotation": "",
            "content_id": "Filter1",
            "errors": null,
            "id": 31,
            "input_connections": {
                "input": {
                    "id": 29,
                    "output_name": "out_file1"
                }
            },
            "inputs": [],
            "label": null,
            "name": "Filter",
            "outputs": [
                {
                    "name": "out_file1",
                    "type": "input"
                }
            ],
            "position": {
                "left": 2104.800048828125,
                "top": 403.1999969482422
            },
            "post_job_actions": {
                "HideDatasetActionout_file1": {
                    "action_arguments": {},
                    "action_type": "HideDatasetAction",
                    "output_name": "out_file1"
                }
            },
            "tool_id": "Filter1",
            "tool_state": "{\"cond\": \"c23=='False'\", \"input\": null, \"__page__\": null, \"__rerun_remap_job_id__\": null}",
            "tool_version": "1.0.1",
            "type": "tool",
            "uuid": "None",
            "when": null,
            "workflow_outputs": []
        },
        "32": {
            "annotation": "",
            "content_id": "Add_a_column1",
            "errors": null,
            "id": 32,
            "input_connections": {
                "input": {
                    "id": 30,
                    "output_name": "out_file1"
                }
            },
            "inputs": [],
            "label": null,
            "name": "Compute",
            "outputs": [
                {
                    "name": "out_file1",
                    "type": "input"
                }
            ],
            "position": {
                "left": 1860,
                "top": 1081.2000274658203
            },
            "post_job_actions": {
                "HideDatasetActionout_file1": {
                    "action_arguments": {},
                    "action_type": "HideDatasetAction",
                    "output_name": "out_file1"
                }
            },
            "tool_id": "Add_a_column1",
            "tool_shed_repository": {
                "changeset_revision": "6595517c2dd8",
                "name": "column_maker",
                "owner": "devteam",
                "tool_shed": "toolshed.g2.bx.psu.edu"
            },
            "tool_state": "{\"cond\": \"c22\", \"input\": null, \"round\": \"yes\", \"__page__\": null, \"__rerun_remap_job_id__\": null}",
            "tool_version": "1.1.0",
            "type": "tool",
            "uuid": "None",
            "when": null,
            "workflow_outputs": []
        },
        "33": {
            "annotation": "",
            "content_id": "addValue",
            "errors": null,
            "id": 33,
            "input_connections": {
                "input": {
                    "id": 31,
                    "output_name": "out_file1"
                }
            },
            "inputs": [],
            "label": null,
            "name": "Add column",
            "outputs": [
                {
                    "name": "out_file1",
                    "type": "input"
                }
            ],
            "position": {
                "left": 1863.60009765625,
                "top": 1246.8000030517578
            },
            "post_job_actions": {
                "HideDatasetActionout_file1": {
                    "action_arguments": {},
                    "action_type": "HideDatasetAction",
                    "output_name": "out_file1"
                }
            },
            "tool_id": "addValue",
            "tool_state": "{\"exp\": \"0\", \"input\": null, \"iterate\": \"no\", \"__page__\": null, \"__rerun_remap_job_id__\": null}",
            "tool_version": "1.0.0",
            "type": "tool",
            "uuid": "None",
            "when": null,
            "workflow_outputs": []
        },
        "34": {
            "annotation": "",
            "content_id": "cat1",
            "errors": null,
            "id": 34,
            "input_connections": {
                "input1": {
                    "id": 32,
                    "output_name": "out_file1"
                },
                "queries_0|input2": {
                    "id": 33,
                    "output_name": "out_file1"
                }
            },
            "inputs": [],
            "label": null,
            "name": "Concatenate datasets",
            "outputs": [
                {
                    "name": "out_file1",
                    "type": "input"
                }
            ],
            "position": {
                "left": 2072.400146484375,
                "top": 1155.6000518798828
            },
            "post_job_actions": {
                "HideDatasetActionout_file1": {
                    "action_arguments": {},
                    "action_type": "HideDatasetAction",
                    "output_name": "out_file1"
                }
            },
            "tool_id": "cat1",
            "tool_state": "{\"input1\": null, \"queries\": [{\"__index__\": 0, \"input2\": null}], \"__page__\": null, \"__rerun_remap_job_id__\": null}",
            "tool_version": "1.0.0",
            "type": "tool",
            "uuid": "None",
            "when": null,
            "workflow_outputs": []
        },
        "35": {
            "annotation": "",
            "content_id": "Add_a_column1",
            "errors": null,
            "id": 35,
            "input_connections": {
                "input": {
                    "id": 34,
                    "output_name": "out_file1"
                }
            },
            "inputs": [],
            "label": null,
            "name": "Compute",
            "outputs": [
                {
                    "name": "out_file1",
                    "type": "input"
                }
            ],
            "position": {
                "left": 2136,
                "top": 1029.6000518798828
            },
            "post_job_actions": {
                "HideDatasetActionout_file1": {
                    "action_arguments": {},
                    "action_type": "HideDatasetAction",
                    "output_name": "out_file1"
                }
            },
            "tool_id": "Add_a_column1",
            "tool_shed_repository": {
                "changeset_revision": "6595517c2dd8",
                "name": "column_maker",
                "owner": "devteam",
                "tool_shed": "toolshed.g2.bx.psu.edu"
            },
            "tool_state": "{\"cond\": \"c5+c16\", \"input\": null, \"round\": \"yes\", \"__page__\": null, \"__rerun_remap_job_id__\": null}",
            "tool_version": "1.1.0",
            "type": "tool",
            "uuid": "None",
            "when": null,
            "workflow_outputs": []
        },
        "36": {
            "annotation": "",
            "content_id": "Add_a_column1",
            "errors": null,
            "id": 36,
            "input_connections": {
                "input": {
                    "id": 35,
                    "output_name": "out_file1"
                }
            },
            "inputs": [],
            "label": null,
            "name": "Compute",
            "outputs": [
                {
                    "name": "out_file1",
                    "type": "input"
                }
            ],
            "position": {
                "left": 2184,
                "top": 936.0000152587891
            },
            "post_job_actions": {
                "HideDatasetActionout_file1": {
                    "action_arguments": {},
                    "action_type": "HideDatasetAction",
                    "output_name": "out_file1"
                }
            },
            "tool_id": "Add_a_column1",
            "tool_shed_repository": {
                "changeset_revision": "6595517c2dd8",
                "name": "column_maker",
                "owner": "devteam",
                "tool_shed": "toolshed.g2.bx.psu.edu"
            },
            "tool_state": "{\"cond\": \"c6+c17\", \"input\": null, \"round\": \"yes\", \"__page__\": null, \"__rerun_remap_job_id__\": null}",
            "tool_version": "1.1.0",
            "type": "tool",
            "uuid": "None",
            "when": null,
            "workflow_outputs": []
        },
        "37": {
            "annotation": "",
            "content_id": "Add_a_column1",
            "errors": null,
            "id": 37,
            "input_connections": {
                "input": {
                    "id": 36,
                    "output_name": "out_file1"
                }
            },
            "inputs": [],
            "label": null,
            "name": "Compute",
            "outputs": [
                {
                    "name": "out_file1",
                    "type": "input"
                }
            ],
            "position": {
                "left": 2220,
                "top": 830.4000396728516
            },
            "post_job_actions": {
                "HideDatasetActionout_file1": {
                    "action_arguments": {},
                    "action_type": "HideDatasetAction",
                    "output_name": "out_file1"
                }
            },
            "tool_id": "Add_a_column1",
            "tool_shed_repository": {
                "changeset_revision": "6595517c2dd8",
                "name": "column_maker",
                "owner": "devteam",
                "tool_shed": "toolshed.g2.bx.psu.edu"
            },
            "tool_state": "{\"cond\": \"c7+c18\", \"input\": null, \"round\": \"yes\", \"__page__\": null, \"__rerun_remap_job_id__\": null}",
            "tool_version": "1.1.0",
            "type": "tool",
            "uuid": "None",
            "when": null,
            "workflow_outputs": []
        },
        "38": {
            "annotation": "",
            "content_id": "Add_a_column1",
            "errors": null,
            "id": 38,
            "input_connections": {
                "input": {
                    "id": 37,
                    "output_name": "out_file1"
                }
            },
            "inputs": [],
            "label": null,
            "name": "Compute",
            "outputs": [
                {
                    "name": "out_file1",
                    "type": "input"
                }
            ],
            "position": {
                "left": 2288.400146484375,
                "top": 715.2000274658203
            },
            "post_job_actions": {
                "HideDatasetActionout_file1": {
                    "action_arguments": {},
                    "action_type": "HideDatasetAction",
                    "output_name": "out_file1"
                }
            },
            "tool_id": "Add_a_column1",
            "tool_shed_repository": {
                "changeset_revision": "6595517c2dd8",
                "name": "column_maker",
                "owner": "devteam",
                "tool_shed": "toolshed.g2.bx.psu.edu"
            },
            "tool_state": "{\"cond\": \"c8+c19\", \"input\": null, \"round\": \"yes\", \"__page__\": null, \"__rerun_remap_job_id__\": null}",
            "tool_version": "1.1.0",
            "type": "tool",
            "uuid": "None",
            "when": null,
            "workflow_outputs": []
        },
        "39": {
            "annotation": "",
            "content_id": "Add_a_column1",
            "errors": null,
            "id": 39,
            "input_connections": {
                "input": {
                    "id": 38,
                    "output_name": "out_file1"
                }
            },
            "inputs": [],
            "label": null,
            "name": "Compute",
            "outputs": [
                {
                    "name": "out_file1",
                    "type": "input"
                }
            ],
            "position": {
                "left": 2343.60009765625,
                "top": 597.5999908447266
            },
            "post_job_actions": {
                "HideDatasetActionout_file1": {
                    "action_arguments": {},
                    "action_type": "HideDatasetAction",
                    "output_name": "out_file1"
                }
            },
            "tool_id": "Add_a_column1",
            "tool_shed_repository": {
                "changeset_revision": "6595517c2dd8",
                "name": "column_maker",
                "owner": "devteam",
                "tool_shed": "toolshed.g2.bx.psu.edu"
            },
            "tool_state": "{\"cond\": \"c9+c20\", \"input\": null, \"round\": \"yes\", \"__page__\": null, \"__rerun_remap_job_id__\": null}",
            "tool_version": "1.1.0",
            "type": "tool",
            "uuid": "None",
            "when": null,
            "workflow_outputs": []
        },
        "40": {
            "annotation": "",
            "content_id": "Cut1",
            "errors": null,
            "id": 40,
            "input_connections": {
                "input": {
                    "id": 39,
                    "output_name": "out_file1"
                }
            },
            "inputs": [],
            "label": null,
            "name": "Cut",
            "outputs": [
                {
                    "name": "out_file1",
                    "type": "tabular"
                }
            ],
            "position": {
                "left": 2438.400146484375,
                "top": 1184.3999786376953
            },
            "post_job_actions": {},
            "tool_id": "Cut1",
            "tool_state": "{\"columnList\": \"c1,c2,c3,c4,c25,c26,c27,c28,c29,c24\", \"delimiter\": \"T\", \"input\": null, \"__page__\": null, \"__rerun_remap_job_id__\": null}",
            "tool_version": "1.0.1",
            "type": "tool",
            "uuid": "None",
            "when": null,
            "workflow_outputs": [
                {
                    "label": null,
                    "output_name": "out_file1",
                    "uuid": null
                }
            ]
        }
    },
    "tags": [],
    "version": 2
}