{
    "a_galaxy_workflow": "true",
    "annotation": "",
    "format-version": "0.1",
    "name": "RNAseq_2",
    "steps": {
        "0": {
            "annotation": "",
            "content_id": null,
            "errors": null,
            "id": 0,
            "input_connections": {},
            "inputs": [
                {
                    "description": "",
                    "name": "Sample data"
                }
            ],
            "label": "Sample data",
            "name": "Input dataset",
            "outputs": [],
            "position": {
                "left": 200,
                "top": 534
            },
            "tool_id": null,
            "tool_state": "{\"optional\": false, \"tag\": null}",
            "tool_version": null,
            "type": "data_input",
            "uuid": "6ca9741c-b1bb-4957-8f5f-4690f5f29582",
            "when": null,
            "workflow_outputs": [
                {
                    "label": null,
                    "output_name": "output",
                    "uuid": "bcadef02-4a05-4545-9405-3d69099c35c3"
                }
            ]
        },
        "1": {
            "annotation": "",
            "content_id": null,
            "errors": null,
            "id": 1,
            "input_connections": {},
            "inputs": [
                {
                    "description": "",
                    "name": "GFF dataset"
                }
            ],
            "label": "GFF dataset",
            "name": "Input dataset",
            "outputs": [],
            "position": {
                "left": 1382,
                "top": 827
            },
            "tool_id": null,
            "tool_state": "{\"optional\": false, \"tag\": null}",
            "tool_version": null,
            "type": "data_input",
            "uuid": "ad8f10a6-0c30-46c9-8fad-a1dd13734d65",
            "when": null,
            "workflow_outputs": [
                {
                    "label": null,
                    "output_name": "output",
                    "uuid": "a7e879a9-46f0-4c22-9f3e-726204692e82"
                }
            ]
        },
        "2": {
            "annotation": "",
            "content_id": null,
            "errors": null,
            "id": 2,
            "input_connections": {},
            "inputs": [
                {
                    "description": "",
                    "name": "Gene Annotations"
                }
            ],
            "label": "Gene Annotations",
            "name": "Input dataset",
            "outputs": [],
            "position": {
                "left": 2331,
                "top": 1161
            },
            "tool_id": null,
            "tool_state": "{\"optional\": false, \"tag\": null}",
            "tool_version": null,
            "type": "data_input",
            "uuid": "bb95e974-7184-4053-819a-fdebac481af7",
            "when": null,
            "workflow_outputs": [
                {
                    "label": null,
                    "output_name": "output",
                    "uuid": "c168e0c0-a7d1-4c96-b24f-245e23dda896"
                }
            ]
        },
        "3": {
            "annotation": "",
            "content_id": "toolshed.g2.bx.psu.edu/repos/bgruening/text_processing/tp_cut_tool/1.1.0",
            "errors": null,
            "id": 3,
            "input_connections": {
                "input": {
                    "id": 0,
                    "output_name": "output"
                }
            },
            "inputs": [
                {
                    "description": "runtime parameter for tool Advanced Cut",
                    "name": "input"
                }
            ],
            "label": "SRA",
            "name": "Advanced Cut",
            "outputs": [
                {
                    "name": "output",
                    "type": "tabular"
                }
            ],
            "position": {
                "left": 439,
                "top": 440
            },
            "post_job_actions": {},
            "tool_id": "toolshed.g2.bx.psu.edu/repos/bgruening/text_processing/tp_cut_tool/1.1.0",
            "tool_shed_repository": {
                "changeset_revision": "ddf54b12c295",
                "name": "text_processing",
                "owner": "bgruening",
                "tool_shed": "toolshed.g2.bx.psu.edu"
            },
            "tool_state": "{\"complement\": \"\", \"cut_type_options\": {\"cut_element\": \"-f\", \"__current_case__\": 0, \"list\": \"6\"}, \"delimiter\": \"\", \"input\": {\"__class__\": \"RuntimeValue\"}, \"__page__\": null, \"__rerun_remap_job_id__\": null}",
            "tool_version": "1.1.0",
            "type": "tool",
            "uuid": "6dc7c5b6-3d48-4f56-a564-8bc97ed55771",
            "when": null,
            "workflow_outputs": [
                {
                    "label": null,
                    "output_name": "output",
                    "uuid": "f94626be-800b-4399-8cab-19fd5fa9de7f"
                }
            ]
        },
        "4": {
            "annotation": "",
            "content_id": "toolshed.g2.bx.psu.edu/repos/bgruening/text_processing/tp_cut_tool/1.1.0",
            "errors": null,
            "id": 4,
            "input_connections": {
                "input": {
                    "id": 0,
                    "output_name": "output"
                }
            },
            "inputs": [
                {
                    "description": "runtime parameter for tool Advanced Cut",
                    "name": "cut_type_options"
                },
                {
                    "description": "runtime parameter for tool Advanced Cut",
                    "name": "input"
                }
            ],
            "label": null,
            "name": "Advanced Cut",
            "outputs": [
                {
                    "name": "output",
                    "type": "tabular"
                }
            ],
            "position": {
                "left": 2210,
                "top": 1015
            },
            "post_job_actions": {},
            "tool_id": "toolshed.g2.bx.psu.edu/repos/bgruening/text_processing/tp_cut_tool/1.1.0",
            "tool_shed_repository": {
                "changeset_revision": "ddf54b12c295",
                "name": "text_processing",
                "owner": "bgruening",
                "tool_shed": "toolshed.g2.bx.psu.edu"
            },
            "tool_state": "{\"complement\": \"\", \"cut_type_options\": {\"cut_element\": \"-f\", \"__current_case__\": 0, \"list\": {\"__class__\": \"RuntimeValue\"}}, \"delimiter\": \"\", \"input\": {\"__class__\": \"RuntimeValue\"}, \"__page__\": null, \"__rerun_remap_job_id__\": null}",
            "tool_version": "1.1.0",
            "type": "tool",
            "uuid": "e8ffe265-a51d-4dc9-a679-66b15f841119",
            "when": null,
            "workflow_outputs": [
                {
                    "label": null,
                    "output_name": "output",
                    "uuid": "52ae13b4-656d-40d1-ab77-2b3d64cee8a1"
                }
            ]
        },
        "5": {
            "annotation": "",
            "content_id": "toolshed.g2.bx.psu.edu/repos/bgruening/text_processing/tp_tail_tool/1.1.0",
            "errors": null,
            "id": 5,
            "input_connections": {
                "infile": {
                    "id": 3,
                    "output_name": "output"
                }
            },
            "inputs": [
                {
                    "description": "runtime parameter for tool Select last",
                    "name": "infile"
                }
            ],
            "label": "remove header",
            "name": "Select last",
            "outputs": [
                {
                    "name": "outfile",
                    "type": "input"
                }
            ],
            "position": {
                "left": 695,
                "top": 441
            },
            "post_job_actions": {},
            "tool_id": "toolshed.g2.bx.psu.edu/repos/bgruening/text_processing/tp_tail_tool/1.1.0",
            "tool_shed_repository": {
                "changeset_revision": "ddf54b12c295",
                "name": "text_processing",
                "owner": "bgruening",
                "tool_shed": "toolshed.g2.bx.psu.edu"
            },
            "tool_state": "{\"complement\": \"+\", \"infile\": {\"__class__\": \"RuntimeValue\"}, \"num_lines\": \"1\", \"__page__\": null, \"__rerun_remap_job_id__\": null}",
            "tool_version": "1.1.0",
            "type": "tool",
            "uuid": "cffae155-bb5f-4915-946f-1636a3cfba49",
            "when": null,
            "workflow_outputs": [
                {
                    "label": null,
                    "output_name": "outfile",
                    "uuid": "6a2a2bf2-9fc3-4b0e-be77-62f941a16c12"
                }
            ]
        },
        "6": {
            "annotation": "",
            "content_id": "toolshed.g2.bx.psu.edu/repos/iuc/sra_tools/fastq_dump/2.9.1.3",
            "errors": null,
            "id": 6,
            "input_connections": {
                "input|file_list": {
                    "id": 5,
                    "output_name": "outfile"
                }
            },
            "inputs": [
                {
                    "description": "runtime parameter for tool Download and Extract Reads in FASTA/Q",
                    "name": "input"
                }
            ],
            "label": null,
            "name": "Download and Extract Reads in FASTA/Q",
            "outputs": [
                {
                    "name": "list_paired",
                    "type": "input"
                },
                {
                    "name": "output_collection",
                    "type": "input"
                }
            ],
            "position": {
                "left": 957,
                "top": 451
            },
            "post_job_actions": {
                "HideDatasetActionlist_paired": {
                    "action_arguments": {},
                    "action_type": "HideDatasetAction",
                    "output_name": "list_paired"
                },
                "HideDatasetActionoutput_collection": {
                    "action_arguments": {},
                    "action_type": "HideDatasetAction",
                    "output_name": "output_collection"
                }
            },
            "tool_id": "toolshed.g2.bx.psu.edu/repos/iuc/sra_tools/fastq_dump/2.9.1.3",
            "tool_shed_repository": {
                "changeset_revision": "1790dcf3c32d",
                "name": "sra_tools",
                "owner": "iuc",
                "tool_shed": "toolshed.g2.bx.psu.edu"
            },
            "tool_state": "{\"adv\": {\"minID\": null, \"maxID\": null, \"minlen\": null, \"split\": true, \"alignments\": \"both\", \"region\": \"\", \"matepairDist\": \"\", \"readfilter\": \"\", \"spotgroups\": \"\", \"clip\": false, \"skip_technical\": false}, \"input\": {\"input_select\": \"file_list\", \"__current_case__\": 2, \"file_list\": {\"__class__\": \"RuntimeValue\"}}, \"outputformat\": \"fastqsanger.gz\", \"__page__\": null, \"__rerun_remap_job_id__\": null}",
            "tool_version": "2.9.1.3",
            "type": "tool",
            "uuid": "90153f6f-91b0-4683-a7b2-cd6646b95fa7",
            "when": null,
            "workflow_outputs": []
        },
        "7": {
            "annotation": "",
            "content_id": "toolshed.g2.bx.psu.edu/repos/devteam/fastqc/fastqc/0.72",
            "errors": null,
            "id": 7,
            "input_connections": {
                "input_file": {
                    "id": 6,
                    "output_name": "output_collection"
                }
            },
            "inputs": [
                {
                    "description": "runtime parameter for tool FastQC",
                    "name": "contaminants"
                },
                {
                    "description": "runtime parameter for tool FastQC",
                    "name": "input_file"
                },
                {
                    "description": "runtime parameter for tool FastQC",
                    "name": "limits"
                }
            ],
            "label": "Raw Fastqc",
            "name": "FastQC",
            "outputs": [
                {
                    "name": "html_file",
                    "type": "html"
                },
                {
                    "name": "text_file",
                    "type": "txt"
                }
            ],
            "position": {
                "left": 1273,
                "top": 282
            },
            "post_job_actions": {},
            "tool_id": "toolshed.g2.bx.psu.edu/repos/devteam/fastqc/fastqc/0.72",
            "tool_shed_repository": {
                "changeset_revision": "c15237684a01",
                "name": "fastqc",
                "owner": "devteam",
                "tool_shed": "toolshed.g2.bx.psu.edu"
            },
            "tool_state": "{\"contaminants\": {\"__class__\": \"RuntimeValue\"}, \"input_file\": {\"__class__\": \"RuntimeValue\"}, \"limits\": {\"__class__\": \"RuntimeValue\"}, \"__page__\": null, \"__rerun_remap_job_id__\": null}",
            "tool_version": "0.72",
            "type": "tool",
            "uuid": "c07ce592-d975-4a0d-8e99-30d93e9f62af",
            "when": null,
            "workflow_outputs": [
                {
                    "label": null,
                    "output_name": "html_file",
                    "uuid": "2f38d22c-9eba-4d3c-9704-277e315439fb"
                },
                {
                    "label": null,
                    "output_name": "text_file",
                    "uuid": "3acc87f6-1757-4181-b2ea-b4cb3d9c3784"
                }
            ]
        },
        "8": {
            "annotation": "",
            "content_id": "toolshed.g2.bx.psu.edu/repos/bgruening/trim_galore/trim_galore/0.4.3.1",
            "errors": null,
            "id": 8,
            "input_connections": {
                "singlePaired|input_singles": {
                    "id": 6,
                    "output_name": "output_collection"
                }
            },
            "inputs": [
                {
                    "description": "runtime parameter for tool Trim Galore!",
                    "name": "singlePaired"
                }
            ],
            "label": null,
            "name": "Trim Galore!",
            "outputs": [
                {
                    "name": "trimmed_reads_single",
                    "type": "input"
                }
            ],
            "position": {
                "left": 1321,
                "top": 596
            },
            "post_job_actions": {},
            "tool_id": "toolshed.g2.bx.psu.edu/repos/bgruening/trim_galore/trim_galore/0.4.3.1",
            "tool_shed_repository": {
                "changeset_revision": "949f01671246",
                "name": "trim_galore",
                "owner": "bgruening",
                "tool_shed": "toolshed.g2.bx.psu.edu"
            },
            "tool_state": "{\"params\": {\"settingsType\": \"custom\", \"__current_case__\": 1, \"quality\": \"20\", \"stringency\": \"1\", \"error_rate\": \"0.1\", \"min_length\": \"30\", \"clip_R1\": \"1\", \"clip_R2\": null, \"report\": false, \"retain_unpaired\": {\"retain_unpaired_select\": \"no_output\", \"__current_case__\": 0}}, \"rrbs\": {\"settingsType\": \"default\", \"__current_case__\": 0}, \"singlePaired\": {\"sPaired\": \"single\", \"__current_case__\": 0, \"input_singles\": {\"__class__\": \"RuntimeValue\"}, \"trimming\": {\"trimming_select\": \"\", \"__current_case__\": 0}, \"three_prime_clip_R1\": null}, \"__page__\": null, \"__rerun_remap_job_id__\": null}",
            "tool_version": "0.4.3.1",
            "type": "tool",
            "uuid": "a442317a-d2eb-4320-9213-ff9f80cf8962",
            "when": null,
            "workflow_outputs": [
                {
                    "label": null,
                    "output_name": "trimmed_reads_single",
                    "uuid": "c9679298-ddd3-4a85-8edc-2aa8437b2ce1"
                }
            ]
        },
        "9": {
            "annotation": "",
            "content_id": "toolshed.g2.bx.psu.edu/repos/iuc/hisat2/hisat2/2.1.0+galaxy4",
            "errors": null,
            "id": 9,
            "input_connections": {
                "adv|spliced_options|known_splice_gtf": {
                    "id": 1,
                    "output_name": "output"
                },
                "library|input_1": {
                    "id": 8,
                    "output_name": "trimmed_reads_single"
                }
            },
            "inputs": [
                {
                    "description": "runtime parameter for tool HISAT2",
                    "name": "library"
                }
            ],
            "label": null,
            "name": "HISAT2",
            "outputs": [
                {
                    "name": "output_alignments",
                    "type": "bam"
                }
            ],
            "position": {
                "left": 1628,
                "top": 604
            },
            "post_job_actions": {},
            "tool_id": "toolshed.g2.bx.psu.edu/repos/iuc/hisat2/hisat2/2.1.0+galaxy4",
            "tool_shed_repository": {
                "changeset_revision": "3fb01a8c902d",
                "name": "hisat2",
                "owner": "iuc",
                "tool_shed": "toolshed.g2.bx.psu.edu"
            },
            "tool_state": "{\"__job_resource\": {\"__job_resource__select\": \"no\", \"__current_case__\": 0}, \"adv\": {\"input_options\": {\"input_options_selector\": \"defaults\", \"__current_case__\": 0}, \"alignment_options\": {\"alignment_options_selector\": \"defaults\", \"__current_case__\": 0}, \"scoring_options\": {\"scoring_options_selector\": \"defaults\", \"__current_case__\": 0}, \"spliced_options\": {\"spliced_options_selector\": \"advanced\", \"__current_case__\": 1, \"canonical_penalty\": \"0\", \"noncanonical_penalty\": \"12\", \"function_type\": \"G\", \"constant_term\": \"-8.0\", \"coefficient\": \"1.0\", \"nc_function_type\": \"G\", \"nc_constant_term\": \"-8.0\", \"nc_coefficient\": \"1.0\", \"min_intron\": \"20\", \"max_intron\": \"500000\", \"no_spliced_alignment_options\": {\"no_spliced_alignment\": \"\", \"__current_case__\": 1}, \"known_splice_gtf\": {\"__class__\": \"RuntimeValue\"}, \"tma\": \"\", \"notmplen\": false, \"novel_splicesite_outfile\": false}, \"reporting_options\": {\"reporting_options_selector\": \"defaults\", \"__current_case__\": 0}, \"output_options\": {\"output_options_selector\": \"defaults\", \"__current_case__\": 0}, \"other_options\": {\"other_options_selector\": \"defaults\", \"__current_case__\": 0}}, \"library\": {\"type\": \"single\", \"__current_case__\": 0, \"input_1\": {\"__class__\": \"RuntimeValue\"}, \"rna_strandness\": \"\"}, \"reference_genome\": {\"source\": \"indexed\", \"__current_case__\": 0, \"index\": \"apiMel4\"}, \"sum\": {\"new_summary\": false, \"summary_file\": false}, \"__page__\": null, \"__rerun_remap_job_id__\": null}",
            "tool_version": "2.1.0+galaxy4",
            "type": "tool",
            "uuid": "582ca70c-ed47-465a-a30a-9e47d26b05f5",
            "when": null,
            "workflow_outputs": [
                {
                    "label": null,
                    "output_name": "output_alignments",
                    "uuid": "9ec34ae9-4d2d-4ea8-9356-0ef2154b200e"
                }
            ]
        },
        "10": {
            "annotation": "",
            "content_id": "toolshed.g2.bx.psu.edu/repos/devteam/fastqc/fastqc/0.72",
            "errors": null,
            "id": 10,
            "input_connections": {
                "input_file": {
                    "id": 9,
                    "output_name": "output_alignments"
                }
            },
            "inputs": [
                {
                    "description": "runtime parameter for tool FastQC",
                    "name": "contaminants"
                },
                {
                    "description": "runtime parameter for tool FastQC",
                    "name": "input_file"
                },
                {
                    "description": "runtime parameter for tool FastQC",
                    "name": "limits"
                }
            ],
            "label": "Post Fastqc",
            "name": "FastQC",
            "outputs": [
                {
                    "name": "html_file",
                    "type": "html"
                },
                {
                    "name": "text_file",
                    "type": "txt"
                }
            ],
            "position": {
                "left": 1882,
                "top": 297
            },
            "post_job_actions": {},
            "tool_id": "toolshed.g2.bx.psu.edu/repos/devteam/fastqc/fastqc/0.72",
            "tool_shed_repository": {
                "changeset_revision": "c15237684a01",
                "name": "fastqc",
                "owner": "devteam",
                "tool_shed": "toolshed.g2.bx.psu.edu"
            },
            "tool_state": "{\"contaminants\": {\"__class__\": \"RuntimeValue\"}, \"input_file\": {\"__class__\": \"RuntimeValue\"}, \"limits\": {\"__class__\": \"RuntimeValue\"}, \"__page__\": null, \"__rerun_remap_job_id__\": null}",
            "tool_version": "0.72",
            "type": "tool",
            "uuid": "3cf57279-0935-4511-bcc7-bd1fd53b0040",
            "when": null,
            "workflow_outputs": [
                {
                    "label": null,
                    "output_name": "text_file",
                    "uuid": "942cb3ff-d954-4b0b-8368-36c37d80d66e"
                },
                {
                    "label": null,
                    "output_name": "html_file",
                    "uuid": "984b9f49-6437-4099-b8b5-6d930555325b"
                }
            ]
        },
        "11": {
            "annotation": "",
            "content_id": "toolshed.g2.bx.psu.edu/repos/lparsons/htseq_count/htseq_count/0.9.1",
            "errors": null,
            "id": 11,
            "input_connections": {
                "gfffile": {
                    "id": 1,
                    "output_name": "output"
                },
                "samfile": {
                    "id": 9,
                    "output_name": "output_alignments"
                }
            },
            "inputs": [
                {
                    "description": "runtime parameter for tool htseq-count",
                    "name": "gfffile"
                },
                {
                    "description": "runtime parameter for tool htseq-count",
                    "name": "samfile"
                }
            ],
            "label": null,
            "name": "htseq-count",
            "outputs": [
                {
                    "name": "counts",
                    "type": "tabular"
                },
                {
                    "name": "othercounts",
                    "type": "tabular"
                }
            ],
            "position": {
                "left": 1976,
                "top": 749
            },
            "post_job_actions": {
                "HideDatasetActionothercounts": {
                    "action_arguments": {},
                    "action_type": "HideDatasetAction",
                    "output_name": "othercounts"
                }
            },
            "tool_id": "toolshed.g2.bx.psu.edu/repos/lparsons/htseq_count/htseq_count/0.9.1",
            "tool_shed_repository": {
                "changeset_revision": "67b0b160903a",
                "name": "htseq_count",
                "owner": "lparsons",
                "tool_shed": "toolshed.g2.bx.psu.edu"
            },
            "tool_state": "{\"advanced_options\": {\"advanced_options_selector\": \"simple\", \"__current_case__\": 0}, \"featuretype\": \"exon\", \"gfffile\": {\"__class__\": \"RuntimeValue\"}, \"idattr\": \"gene_id\", \"minaqual\": \"10\", \"mode\": \"union\", \"samfile\": {\"__class__\": \"RuntimeValue\"}, \"stranded\": \"yes\", \"__page__\": null, \"__rerun_remap_job_id__\": null}",
            "tool_version": "0.9.1",
            "type": "tool",
            "uuid": "c94f4db7-f7f7-4764-947f-939058bf86dc",
            "when": null,
            "workflow_outputs": [
                {
                    "label": null,
                    "output_name": "counts",
                    "uuid": "1c374598-dab7-4a9c-b998-a533e213a2df"
                }
            ]
        },
        "12": {
            "annotation": "",
            "content_id": "toolshed.g2.bx.psu.edu/repos/iuc/collection_column_join/collection_column_join/0.0.3",
            "errors": null,
            "id": 12,
            "input_connections": {
                "input_tabular": {
                    "id": 11,
                    "output_name": "counts"
                }
            },
            "inputs": [
                {
                    "description": "runtime parameter for tool Column join",
                    "name": "input_tabular"
                }
            ],
            "label": null,
            "name": "Column join",
            "outputs": [
                {
                    "name": "tabular_output",
                    "type": "tabular"
                }
            ],
            "position": {
                "left": 2347,
                "top": 781
            },
            "post_job_actions": {},
            "tool_id": "toolshed.g2.bx.psu.edu/repos/iuc/collection_column_join/collection_column_join/0.0.3",
            "tool_shed_repository": {
                "changeset_revision": "3ddd99c7efee",
                "name": "collection_column_join",
                "owner": "iuc",
                "tool_shed": "toolshed.g2.bx.psu.edu"
            },
            "tool_state": "{\"fill_char\": \".\", \"has_header\": \"0\", \"identifier_column\": \"1\", \"include_outputs\": null, \"input_tabular\": {\"__class__\": \"RuntimeValue\"}, \"old_col_in_header\": false, \"__page__\": null, \"__rerun_remap_job_id__\": null}",
            "tool_version": "0.0.3",
            "type": "tool",
            "uuid": "89c60628-d4da-48e6-b259-10bbf69d5e46",
            "when": null,
            "workflow_outputs": [
                {
                    "label": null,
                    "output_name": "tabular_output",
                    "uuid": "d40c164f-c86e-43fd-8f80-f93556023f74"
                }
            ]
        },
        "13": {
            "annotation": "",
            "content_id": "toolshed.g2.bx.psu.edu/repos/iuc/limma_voom/limma_voom/3.34.9.8",
            "errors": null,
            "id": 13,
            "input_connections": {
                "anno|geneanno": {
                    "id": 2,
                    "output_name": "output"
                },
                "input|counts": {
                    "id": 12,
                    "output_name": "tabular_output"
                },
                "input|fact|finfo": {
                    "id": 4,
                    "output_name": "output"
                }
            },
            "inputs": [
                {
                    "description": "runtime parameter for tool limma",
                    "name": "anno"
                },
                {
                    "description": "runtime parameter for tool limma",
                    "name": "input"
                }
            ],
            "label": null,
            "name": "limma",
            "outputs": [
                {
                    "name": "outTables",
                    "type": "input"
                },
                {
                    "name": "outReport",
                    "type": "html"
                },
                {
                    "name": "rscript",
                    "type": "txt"
                },
                {
                    "name": "libinfo",
                    "type": "tabular"
                }
            ],
            "position": {
                "left": 2614,
                "top": 1001
            },
            "post_job_actions": {},
            "tool_id": "toolshed.g2.bx.psu.edu/repos/iuc/limma_voom/limma_voom/3.34.9.8",
            "tool_shed_repository": {
                "changeset_revision": "81796eb60bd0",
                "name": "limma_voom",
                "owner": "iuc",
                "tool_shed": "toolshed.g2.bx.psu.edu"
            },
            "tool_state": "{\"adv\": {\"lfc\": \"0.0\", \"pVal\": \"0.05\", \"pAdjust\": \"BH\", \"treat\": false, \"topgenes\": \"10\", \"normalisationOption\": \"TMM\", \"robOption\": true}, \"anno\": {\"annoOpt\": \"yes\", \"__current_case__\": 0, \"geneanno\": {\"__class__\": \"RuntimeValue\"}}, \"deMethod\": {\"de_select\": \"voom\", \"__current_case__\": 0, \"weightOption\": false}, \"f\": {\"filt\": {\"filt_select\": \"yes\", \"__current_case__\": 0, \"cformat\": {\"format_select\": \"counts\", \"__current_case__\": 1, \"cntReq\": \"0\", \"samples\": {\"count_select\": \"total\", \"__current_case__\": 0, \"totReq\": false}}}}, \"input\": {\"format\": \"matrix\", \"__current_case__\": 1, \"counts\": {\"__class__\": \"RuntimeValue\"}, \"fact\": {\"ffile\": \"yes\", \"__current_case__\": 0, \"finfo\": {\"__class__\": \"RuntimeValue\"}}}, \"out\": {\"plots\": null, \"filtCounts\": true, \"normCounts\": true, \"libinfo\": true, \"rscript\": true, \"rdaOption\": true}, \"rep_contrast\": [{\"__index__\": 0, \"contrast\": {\"__class__\": \"RuntimeValue\"}}], \"__page__\": null, \"__rerun_remap_job_id__\": null}",
            "tool_version": "3.34.9.8",
            "type": "tool",
            "uuid": "0f9af70e-ada4-4797-90ad-c83e193a88d3",
            "when": null,
            "workflow_outputs": [
                {
                    "label": null,
                    "output_name": "outTables",
                    "uuid": "d5c56090-0fcd-4235-a893-20b670c15798"
                },
                {
                    "label": null,
                    "output_name": "outReport",
                    "uuid": "865b1f2f-342a-46ca-900b-0ae5023ad1b8"
                },
                {
                    "label": null,
                    "output_name": "rscript",
                    "uuid": "95699c22-7f7e-4440-9ab3-1b680e2054e0"
                },
                {
                    "label": null,
                    "output_name": "libinfo",
                    "uuid": "ff4208ce-41a2-42c6-a995-f69393f142a0"
                }
            ]
        }
    },
    "tags": [],
    "uuid": "67e0eb12-a509-486d-9124-2d750265c7ee",
    "version": 5
}