{
    "a_galaxy_workflow": "true",
    "annotation": "",
    "format-version": "0.1",
    "name": "map knownGene to KEGG",
    "steps": {
        "0": {
            "annotation": "",
            "content_id": null,
            "errors": null,
            "id": 0,
            "input_connections": {},
            "inputs": [],
            "label": null,
            "name": "Input dataset",
            "outputs": [],
            "position": {
                "left": 10,
                "top": 10
            },
            "tool_id": null,
            "tool_state": "{\"optional\": false, \"tag\": null}",
            "tool_version": null,
            "type": "data_input",
            "uuid": "None",
            "when": null,
            "workflow_outputs": []
        },
        "1": {
            "annotation": "",
            "content_id": null,
            "errors": null,
            "id": 1,
            "input_connections": {},
            "inputs": [],
            "label": null,
            "name": "Input dataset",
            "outputs": [],
            "position": {
                "left": 10,
                "top": 130
            },
            "tool_id": null,
            "tool_state": "{\"optional\": false, \"tag\": null}",
            "tool_version": null,
            "type": "data_input",
            "uuid": "None",
            "when": null,
            "workflow_outputs": []
        },
        "2": {
            "annotation": "",
            "content_id": null,
            "errors": null,
            "id": 2,
            "input_connections": {},
            "inputs": [],
            "label": null,
            "name": "Input dataset",
            "outputs": [],
            "position": {
                "left": 10,
                "top": 250
            },
            "tool_id": null,
            "tool_state": "{\"optional\": false, \"tag\": null}",
            "tool_version": null,
            "type": "data_input",
            "uuid": "None",
            "when": null,
            "workflow_outputs": []
        },
        "3": {
            "annotation": "",
            "content_id": "Remove beginning1",
            "errors": null,
            "id": 3,
            "input_connections": {
                "input": {
                    "id": 0,
                    "output_name": "output"
                }
            },
            "inputs": [],
            "label": null,
            "name": "Remove beginning",
            "outputs": [
                {
                    "name": "out_file1",
                    "type": "input"
                }
            ],
            "position": {
                "left": 230,
                "top": 130
            },
            "post_job_actions": {},
            "tool_id": "Remove beginning1",
            "tool_state": "{\"chromInfo\": \"/galaxy/data/chrom/hg19.len\", \"input\": null, \"num_lines\": \"1\", \"__page__\": null, \"__rerun_remap_job_id__\": null}",
            "tool_version": null,
            "type": "tool",
            "uuid": "None",
            "when": null,
            "workflow_outputs": []
        },
        "4": {
            "annotation": "",
            "content_id": "Remove beginning1",
            "errors": null,
            "id": 4,
            "input_connections": {
                "input": {
                    "id": 1,
                    "output_name": "output"
                }
            },
            "inputs": [],
            "label": null,
            "name": "Remove beginning",
            "outputs": [
                {
                    "name": "out_file1",
                    "type": "input"
                }
            ],
            "position": {
                "left": 230,
                "top": 10
            },
            "post_job_actions": {},
            "tool_id": "Remove beginning1",
            "tool_state": "{\"chromInfo\": \"/galaxy/data/chrom/hg19.len\", \"input\": null, \"num_lines\": \"1\", \"__page__\": null, \"__rerun_remap_job_id__\": null}",
            "tool_version": null,
            "type": "tool",
            "uuid": "None",
            "when": null,
            "workflow_outputs": []
        },
        "5": {
            "annotation": "",
            "content_id": "Remove beginning1",
            "errors": null,
            "id": 5,
            "input_connections": {
                "input": {
                    "id": 2,
                    "output_name": "output"
                }
            },
            "inputs": [],
            "label": null,
            "name": "Remove beginning",
            "outputs": [
                {
                    "name": "out_file1",
                    "type": "input"
                }
            ],
            "position": {
                "left": 230,
                "top": 250
            },
            "post_job_actions": {},
            "tool_id": "Remove beginning1",
            "tool_state": "{\"chromInfo\": \"/galaxy/data/chrom/hg19.len\", \"input\": null, \"num_lines\": \"1\", \"__page__\": null, \"__rerun_remap_job_id__\": null}",
            "tool_version": null,
            "type": "tool",
            "uuid": "None",
            "when": null,
            "workflow_outputs": []
        },
        "6": {
            "annotation": "",
            "content_id": "join1",
            "errors": null,
            "id": 6,
            "input_connections": {
                "input1": {
                    "id": 4,
                    "output_name": "out_file1"
                },
                "input2": {
                    "id": 3,
                    "output_name": "out_file1"
                }
            },
            "inputs": [],
            "label": null,
            "name": "Join two Datasets",
            "outputs": [
                {
                    "name": "out_file1",
                    "type": "tabular"
                }
            ],
            "position": {
                "left": 450,
                "top": 10
            },
            "post_job_actions": {},
            "tool_id": "join1",
            "tool_state": "{\"chromInfo\": \"/galaxy/data/chrom/hg19.len\", \"field1\": \"3\", \"field2\": \"1\", \"fill_empty_columns\": {\"fill_empty_columns_switch\": \"fill_empty\", \"__current_case__\": 1, \"fill_columns_by\": \"fill_unjoined_only\", \"do_fill_empty_columns\": {\"column_fill_type\": \"single_fill_value\", \"__current_case__\": 0, \"fill_value\": \".\"}}, \"input1\": null, \"input2\": null, \"partial\": \"-p\", \"unmatched\": \"-u\", \"__page__\": null, \"__rerun_remap_job_id__\": null}",
            "tool_version": null,
            "type": "tool",
            "uuid": "None",
            "when": null,
            "workflow_outputs": []
        },
        "7": {
            "annotation": "",
            "content_id": "join1",
            "errors": null,
            "id": 7,
            "input_connections": {
                "input1": {
                    "id": 5,
                    "output_name": "out_file1"
                },
                "input2": {
                    "id": 6,
                    "output_name": "out_file1"
                }
            },
            "inputs": [],
            "label": null,
            "name": "Join two Datasets",
            "outputs": [
                {
                    "name": "out_file1",
                    "type": "tabular"
                }
            ],
            "position": {
                "left": 670,
                "top": 10
            },
            "post_job_actions": {},
            "tool_id": "join1",
            "tool_state": "{\"chromInfo\": \"/galaxy/data/chrom/hg19.len\", \"field1\": \"1\", \"field2\": \"1\", \"fill_empty_columns\": {\"fill_empty_columns_switch\": \"fill_empty\", \"__current_case__\": 1, \"fill_columns_by\": \"fill_unjoined_only\", \"do_fill_empty_columns\": {\"column_fill_type\": \"single_fill_value\", \"__current_case__\": 0, \"fill_value\": \".\"}}, \"input1\": null, \"input2\": null, \"partial\": \"-p\", \"unmatched\": \"-u\", \"__page__\": null, \"__rerun_remap_job_id__\": null}",
            "tool_version": null,
            "type": "tool",
            "uuid": "None",
            "when": null,
            "workflow_outputs": []
        },
        "8": {
            "annotation": "",
            "content_id": "Cut1",
            "errors": null,
            "id": 8,
            "input_connections": {
                "input": {
                    "id": 7,
                    "output_name": "out_file1"
                }
            },
            "inputs": [],
            "label": null,
            "name": "Cut",
            "outputs": [
                {
                    "name": "out_file1",
                    "type": "tabular"
                }
            ],
            "position": {
                "left": 890,
                "top": 10
            },
            "post_job_actions": {},
            "tool_id": "Cut1",
            "tool_state": "{\"chromInfo\": \"/galaxy/data/chrom/hg19.len\", \"columnList\": \"c2, c3, c4, c5, c6, c7 ,c8\", \"delimiter\": \"T\", \"input\": null, \"__page__\": null, \"__rerun_remap_job_id__\": null}",
            "tool_version": null,
            "type": "tool",
            "uuid": "None",
            "when": null,
            "workflow_outputs": []
        }
    },
    "tags": [
        "KEGG",
        "pathway",
        "gene",
        "mapping",
        "human"
    ],
    "version": 0
}