{
    "a_galaxy_workflow": "true",
    "annotation": "",
    "format-version": "0.1",
    "name": "sonnn",
    "steps": {
        "0": {
            "annotation": "",
            "content_id": null,
            "errors": null,
            "id": 0,
            "input_connections": {},
            "inputs": [
                {
                    "description": "",
                    "name": "SRR100925_1.fastq"
                }
            ],
            "label": "SRR100925_1.fastq",
            "name": "Input dataset",
            "outputs": [],
            "position": {
                "left": 10,
                "top": 10
            },
            "tool_id": null,
            "tool_state": "{\"optional\": false, \"tag\": null}",
            "tool_version": null,
            "type": "data_input",
            "uuid": "c0f48d9b-6a7f-4680-8384-773a0071b368",
            "when": null,
            "workflow_outputs": []
        },
        "1": {
            "annotation": "",
            "content_id": null,
            "errors": null,
            "id": 1,
            "input_connections": {},
            "inputs": [
                {
                    "description": "",
                    "name": "SRR100925_2.fastq"
                }
            ],
            "label": "SRR100925_2.fastq",
            "name": "Input dataset",
            "outputs": [],
            "position": {
                "left": 10,
                "top": 130
            },
            "tool_id": null,
            "tool_state": "{\"optional\": false, \"tag\": null}",
            "tool_version": null,
            "type": "data_input",
            "uuid": "5bdceddb-fdb6-4ddd-a1ce-9c700dd27f0b",
            "when": null,
            "workflow_outputs": []
        },
        "2": {
            "annotation": "",
            "content_id": "toolshed.g2.bx.psu.edu/repos/iuc/snpeff/snpEff_download/4.3+T.galaxy2",
            "errors": null,
            "id": 2,
            "input_connections": {},
            "inputs": [],
            "label": null,
            "name": "SnpEff download:",
            "outputs": [
                {
                    "name": "snpeff_db",
                    "type": "snpeffdb"
                }
            ],
            "position": {
                "left": 10,
                "top": 250
            },
            "post_job_actions": {},
            "tool_id": "toolshed.g2.bx.psu.edu/repos/iuc/snpeff/snpEff_download/4.3+T.galaxy2",
            "tool_shed_repository": {
                "changeset_revision": "cfcf33df7fc0",
                "name": "snpeff",
                "owner": "iuc",
                "tool_shed": "toolshed.g2.bx.psu.edu"
            },
            "tool_state": "{\"__input_ext\": \"data\", \"chromInfo\": \"/cvmfs/data.galaxyproject.org/managed/len/ucsc/?.len\", \"genome_version\": \"hg19\", \"__page__\": null, \"__rerun_remap_job_id__\": null}",
            "tool_version": "4.3+T.galaxy2",
            "type": "tool",
            "uuid": "a1ef447d-8886-4d48-a98e-d501b83a53c5",
            "when": null,
            "workflow_outputs": []
        },
        "3": {
            "annotation": "",
            "content_id": "toolshed.g2.bx.psu.edu/repos/iuc/fastp/fastp/0.20.1+galaxy0",
            "errors": null,
            "id": 3,
            "input_connections": {
                "single_paired|in1": {
                    "id": 0,
                    "output_name": "output"
                },
                "single_paired|in2": {
                    "id": 1,
                    "output_name": "output"
                }
            },
            "inputs": [],
            "label": null,
            "name": "fastp",
            "outputs": [
                {
                    "name": "out1",
                    "type": "input"
                },
                {
                    "name": "out2",
                    "type": "input"
                },
                {
                    "name": "report_html",
                    "type": "html"
                }
            ],
            "position": {
                "left": 230,
                "top": 10
            },
            "post_job_actions": {},
            "tool_id": "toolshed.g2.bx.psu.edu/repos/iuc/fastp/fastp/0.20.1+galaxy0",
            "tool_shed_repository": {
                "changeset_revision": "dbf9c561ef29",
                "name": "fastp",
                "owner": "iuc",
                "tool_shed": "toolshed.g2.bx.psu.edu"
            },
            "tool_state": "{\"__input_ext\": \"fastqsanger\", \"chromInfo\": \"/cvmfs/data.galaxyproject.org/managed/len/ucsc/Homo_sapiens_nuHg19_mtrCRS.len\", \"filter_options\": {\"quality_filtering_options\": {\"disable_quality_filtering\": false, \"qualified_quality_phred\": null, \"unqualified_percent_limit\": null, \"n_base_limit\": null}, \"length_filtering_options\": {\"disable_length_filtering\": false, \"length_required\": null, \"length_limit\": null}, \"low_complexity_filter\": {\"enable_low_complexity_filter\": false, \"complexity_threshold\": null}}, \"output_options\": {\"report_html\": true, \"report_json\": false}, \"overrepresented_sequence_analysis\": {\"overrepresentation_analysis\": false, \"overrepresentation_sampling\": null}, \"read_mod_options\": {\"polyg_tail_trimming\": {\"trimming_select\": \"\", \"__current_case__\": 1, \"poly_g_min_len\": null}, \"polyx_tail_trimming\": {\"polyx_trimming_select\": \"\", \"__current_case__\": 1}, \"umi_processing\": {\"umi\": false, \"umi_loc\": \"\", \"umi_len\": null, \"umi_prefix\": \"\"}, \"cutting_by_quality_options\": {\"cut_by_quality5\": false, \"cut_by_quality3\": false, \"cut_window_size\": null, \"cut_mean_quality\": null}, \"base_correction_options\": {\"correction\": false}}, \"single_paired\": {\"single_paired_selector\": \"paired\", \"__current_case__\": 1, \"in1\": null, \"in2\": null, \"adapter_trimming_options\": {\"disable_adapter_trimming\": false, \"adapter_sequence1\": \"\", \"adapter_sequence2\": \"\"}, \"global_trimming_options\": {\"trim_front1\": null, \"trim_tail1\": null, \"trim_front2\": null, \"trim_tail2\": null}}, \"__page__\": null, \"__rerun_remap_job_id__\": null}",
            "tool_version": "0.20.1+galaxy0",
            "type": "tool",
            "uuid": "f8dd3005-a50a-48f8-855d-4189eb112536",
            "when": null,
            "workflow_outputs": []
        },
        "4": {
            "annotation": "",
            "content_id": "toolshed.g2.bx.psu.edu/repos/iuc/fastp/fastp/0.20.1+galaxy0",
            "errors": null,
            "id": 4,
            "input_connections": {
                "single_paired|in1": {
                    "id": 1,
                    "output_name": "output"
                },
                "single_paired|in2": {
                    "id": 0,
                    "output_name": "output"
                }
            },
            "inputs": [],
            "label": null,
            "name": "fastp",
            "outputs": [
                {
                    "name": "out1",
                    "type": "input"
                },
                {
                    "name": "out2",
                    "type": "input"
                },
                {
                    "name": "report_json",
                    "type": "json"
                }
            ],
            "position": {
                "left": 230,
                "top": 130
            },
            "post_job_actions": {},
            "tool_id": "toolshed.g2.bx.psu.edu/repos/iuc/fastp/fastp/0.20.1+galaxy0",
            "tool_shed_repository": {
                "changeset_revision": "dbf9c561ef29",
                "name": "fastp",
                "owner": "iuc",
                "tool_shed": "toolshed.g2.bx.psu.edu"
            },
            "tool_state": "{\"__input_ext\": \"fastqsanger\", \"chromInfo\": \"/cvmfs/data.galaxyproject.org/managed/len/ucsc/Homo_sapiens_nuHg19_mtrCRS.len\", \"filter_options\": {\"quality_filtering_options\": {\"disable_quality_filtering\": false, \"qualified_quality_phred\": null, \"unqualified_percent_limit\": null, \"n_base_limit\": null}, \"length_filtering_options\": {\"disable_length_filtering\": false, \"length_required\": null, \"length_limit\": null}, \"low_complexity_filter\": {\"enable_low_complexity_filter\": false, \"complexity_threshold\": null}}, \"output_options\": {\"report_html\": false, \"report_json\": true}, \"overrepresented_sequence_analysis\": {\"overrepresentation_analysis\": false, \"overrepresentation_sampling\": null}, \"read_mod_options\": {\"polyg_tail_trimming\": {\"trimming_select\": \"\", \"__current_case__\": 1, \"poly_g_min_len\": null}, \"polyx_tail_trimming\": {\"polyx_trimming_select\": \"\", \"__current_case__\": 1}, \"umi_processing\": {\"umi\": false, \"umi_loc\": \"\", \"umi_len\": null, \"umi_prefix\": \"\"}, \"cutting_by_quality_options\": {\"cut_by_quality5\": false, \"cut_by_quality3\": false, \"cut_window_size\": null, \"cut_mean_quality\": null}, \"base_correction_options\": {\"correction\": false}}, \"single_paired\": {\"single_paired_selector\": \"paired\", \"__current_case__\": 1, \"in1\": null, \"in2\": null, \"adapter_trimming_options\": {\"disable_adapter_trimming\": false, \"adapter_sequence1\": \"\", \"adapter_sequence2\": \"\"}, \"global_trimming_options\": {\"trim_front1\": null, \"trim_tail1\": null, \"trim_front2\": null, \"trim_tail2\": null}}, \"__page__\": null, \"__rerun_remap_job_id__\": null}",
            "tool_version": "0.20.1+galaxy0",
            "type": "tool",
            "uuid": "5e03df0c-90d6-4929-a96b-36c7ee7b1245",
            "when": null,
            "workflow_outputs": []
        },
        "5": {
            "annotation": "",
            "content_id": "toolshed.g2.bx.psu.edu/repos/devteam/bwa/bwa_mem/0.7.17.2",
            "errors": null,
            "id": 5,
            "input_connections": {
                "fastq_input|fastq_input1": {
                    "id": 3,
                    "output_name": "out2"
                },
                "fastq_input|fastq_input2": {
                    "id": 3,
                    "output_name": "out1"
                }
            },
            "inputs": [],
            "label": null,
            "name": "Map with BWA-MEM",
            "outputs": [
                {
                    "name": "bam_output",
                    "type": "bam"
                }
            ],
            "position": {
                "left": 450,
                "top": 10
            },
            "post_job_actions": {},
            "tool_id": "toolshed.g2.bx.psu.edu/repos/devteam/bwa/bwa_mem/0.7.17.2",
            "tool_shed_repository": {
                "changeset_revision": "64f11cf59c6e",
                "name": "bwa",
                "owner": "devteam",
                "tool_shed": "toolshed.g2.bx.psu.edu"
            },
            "tool_state": "{\"__input_ext\": \"fastqsanger\", \"analysis_type\": {\"analysis_type_selector\": \"illumina\", \"__current_case__\": 0}, \"chromInfo\": \"/cvmfs/data.galaxyproject.org/managed/len/ucsc/Homo_sapiens_nuHg19_mtrCRS.len\", \"fastq_input\": {\"fastq_input_selector\": \"paired\", \"__current_case__\": 0, \"fastq_input1\": null, \"fastq_input2\": null, \"iset_stats\": \"\"}, \"output_sort\": \"coordinate\", \"reference_source\": {\"reference_source_selector\": \"cached\", \"__current_case__\": 0, \"ref_file\": \"hg19\"}, \"rg\": {\"rg_selector\": \"do_not_set\", \"__current_case__\": 3}, \"__page__\": null, \"__rerun_remap_job_id__\": null}",
            "tool_version": "0.7.17.2",
            "type": "tool",
            "uuid": "362571c0-ea8f-41e5-bc5e-3b9b1d8316c5",
            "when": null,
            "workflow_outputs": []
        },
        "6": {
            "annotation": "",
            "content_id": "toolshed.g2.bx.psu.edu/repos/devteam/picard/picard_MarkDuplicates/2.18.2.2",
            "errors": null,
            "id": 6,
            "input_connections": {
                "inputFile": {
                    "id": 5,
                    "output_name": "bam_output"
                }
            },
            "inputs": [],
            "label": null,
            "name": "MarkDuplicates",
            "outputs": [
                {
                    "name": "metrics_file",
                    "type": "txt"
                },
                {
                    "name": "outFile",
                    "type": "bam"
                }
            ],
            "position": {
                "left": 670,
                "top": 10
            },
            "post_job_actions": {},
            "tool_id": "toolshed.g2.bx.psu.edu/repos/devteam/picard/picard_MarkDuplicates/2.18.2.2",
            "tool_shed_repository": {
                "changeset_revision": "a1f0b3f4b781",
                "name": "picard",
                "owner": "devteam",
                "tool_shed": "toolshed.g2.bx.psu.edu"
            },
            "tool_state": "{\"__input_ext\": \"bam\", \"assume_sorted\": true, \"barcode_tag\": \"\", \"chromInfo\": \"/cvmfs/data.galaxyproject.org/managed/len/ucsc/hg19.len\", \"comments\": [], \"duplicate_scoring_strategy\": \"SUM_OF_BASE_QUALITIES\", \"inputFile\": null, \"optical_duplicate_pixel_distance\": \"100\", \"read_name_regex\": \"\", \"remove_duplicates\": true, \"validation_stringency\": \"LENIENT\", \"__page__\": null, \"__rerun_remap_job_id__\": null}",
            "tool_version": "2.18.2.2",
            "type": "tool",
            "uuid": "a752d9b2-2827-48a4-be88-67c991ae80a6",
            "when": null,
            "workflow_outputs": []
        },
        "7": {
            "annotation": "",
            "content_id": "toolshed.g2.bx.psu.edu/repos/iuc/lofreq_viterbi/lofreq_viterbi/2.1.5+galaxy0",
            "errors": null,
            "id": 7,
            "input_connections": {
                "reads": {
                    "id": 6,
                    "output_name": "outFile"
                }
            },
            "inputs": [],
            "label": null,
            "name": "Realign reads",
            "outputs": [
                {
                    "name": "realigned",
                    "type": "bam"
                }
            ],
            "position": {
                "left": 890,
                "top": 10
            },
            "post_job_actions": {},
            "tool_id": "toolshed.g2.bx.psu.edu/repos/iuc/lofreq_viterbi/lofreq_viterbi/2.1.5+galaxy0",
            "tool_shed_repository": {
                "changeset_revision": "aa35ee7f3ab2",
                "name": "lofreq_viterbi",
                "owner": "iuc",
                "tool_shed": "toolshed.g2.bx.psu.edu"
            },
            "tool_state": "{\"__input_ext\": \"input\", \"adv_options\": {\"keepflags\": false, \"bq2_handling\": {\"replace_bq2\": \"keep\", \"__current_case__\": 0, \"defqual\": \"2\"}}, \"chromInfo\": \"/cvmfs/data.galaxyproject.org/managed/len/ucsc/hg19.len\", \"reads\": null, \"reference_source\": {\"ref_selector\": \"cached\", \"__current_case__\": 0, \"ref\": \"hg19\"}, \"__page__\": null, \"__rerun_remap_job_id__\": null}",
            "tool_version": "2.1.5+galaxy0",
            "type": "tool",
            "uuid": "69dc22a0-e51f-41e0-a742-c901daeb1ab3",
            "when": null,
            "workflow_outputs": []
        },
        "8": {
            "annotation": "",
            "content_id": "toolshed.g2.bx.psu.edu/repos/iuc/multiqc/multiqc/1.11+galaxy0",
            "errors": null,
            "id": 8,
            "input_connections": {
                "results_0|software_cond|input": {
                    "id": 4,
                    "output_name": "report_json"
                },
                "results_1|software_cond|output_0|input": {
                    "id": 6,
                    "output_name": "metrics_file"
                }
            },
            "inputs": [],
            "label": null,
            "name": "MultiQC",
            "outputs": [
                {
                    "name": "stats",
                    "type": "input"
                },
                {
                    "name": "html_report",
                    "type": "html"
                }
            ],
            "position": {
                "left": 890,
                "top": 130
            },
            "post_job_actions": {},
            "tool_id": "toolshed.g2.bx.psu.edu/repos/iuc/multiqc/multiqc/1.11+galaxy0",
            "tool_shed_repository": {
                "changeset_revision": "9a913cdee30e",
                "name": "multiqc",
                "owner": "iuc",
                "tool_shed": "toolshed.g2.bx.psu.edu"
            },
            "tool_state": "{\"__input_ext\": \"input\", \"chromInfo\": \"/cvmfs/data.galaxyproject.org/managed/len/ucsc/Homo_sapiens_nuHg19_mtrCRS.len\", \"comment\": \"\", \"export\": false, \"flat\": false, \"results\": [{\"__index__\": 0, \"software_cond\": {\"software\": \"fastp\", \"__current_case__\": 7, \"input\": null}}, {\"__index__\": 1, \"software_cond\": {\"software\": \"picard\", \"__current_case__\": 17, \"output\": [{\"__index__\": 0, \"type\": \"markdups\", \"input\": null}]}}], \"saveLog\": false, \"title\": \"\", \"__page__\": null, \"__rerun_remap_job_id__\": null}",
            "tool_version": "1.11+galaxy0",
            "type": "tool",
            "uuid": "a375aa99-b749-40da-9478-79024b3b247a",
            "when": null,
            "workflow_outputs": []
        },
        "9": {
            "annotation": "",
            "content_id": "toolshed.g2.bx.psu.edu/repos/iuc/lofreq_indelqual/lofreq_indelqual/2.1.5+galaxy0",
            "errors": null,
            "id": 9,
            "input_connections": {
                "reads": {
                    "id": 7,
                    "output_name": "realigned"
                }
            },
            "inputs": [],
            "label": null,
            "name": "Insert indel qualities",
            "outputs": [
                {
                    "name": "output",
                    "type": "bam"
                }
            ],
            "position": {
                "left": 1110,
                "top": 10
            },
            "post_job_actions": {},
            "tool_id": "toolshed.g2.bx.psu.edu/repos/iuc/lofreq_indelqual/lofreq_indelqual/2.1.5+galaxy0",
            "tool_shed_repository": {
                "changeset_revision": "426d707dfc47",
                "name": "lofreq_indelqual",
                "owner": "iuc",
                "tool_shed": "toolshed.g2.bx.psu.edu"
            },
            "tool_state": "{\"__input_ext\": \"input\", \"chromInfo\": \"/cvmfs/data.galaxyproject.org/managed/len/ucsc/hg19.len\", \"reads\": null, \"strategy\": {\"selector\": \"dindel\", \"__current_case__\": 1, \"reference_source\": {\"ref_selector\": \"cached\", \"__current_case__\": 0, \"ref\": \"hg19\"}}, \"__page__\": null, \"__rerun_remap_job_id__\": null}",
            "tool_version": "2.1.5+galaxy0",
            "type": "tool",
            "uuid": "9951a517-669d-4a1a-85b5-7f26cd0b126d",
            "when": null,
            "workflow_outputs": []
        },
        "10": {
            "annotation": "",
            "content_id": "toolshed.g2.bx.psu.edu/repos/iuc/lofreq_call/lofreq_call/2.1.5+galaxy1",
            "errors": null,
            "id": 10,
            "input_connections": {
                "reads": {
                    "id": 9,
                    "output_name": "output"
                }
            },
            "inputs": [],
            "label": null,
            "name": "Call variants",
            "outputs": [
                {
                    "name": "variants",
                    "type": "vcf"
                }
            ],
            "position": {
                "left": 1330,
                "top": 10
            },
            "post_job_actions": {},
            "tool_id": "toolshed.g2.bx.psu.edu/repos/iuc/lofreq_call/lofreq_call/2.1.5+galaxy1",
            "tool_shed_repository": {
                "changeset_revision": "e1461b5c52a0",
                "name": "lofreq_call",
                "owner": "iuc",
                "tool_shed": "toolshed.g2.bx.psu.edu"
            },
            "tool_state": "{\"__input_ext\": \"input\", \"call_control\": {\"set_call_options\": \"yes\", \"__current_case__\": 1, \"coverage\": {\"min_cov\": \"50\", \"max_depth\": \"1000000\"}, \"pe\": {\"use_orphan\": false}, \"bc_quals\": {\"min_bq\": \"30\", \"min_alt_bq\": \"30\", \"alt_bq\": {\"modify\": \"\", \"__current_case__\": 0}}, \"align_quals\": {\"alnqual\": {\"use_alnqual\": \"\", \"__current_case__\": 0, \"alnqual_choice\": {\"alnquals_to_use\": \"\", \"__current_case__\": 1, \"extended_baq\": true}}}, \"map_quals\": {\"min_mq\": \"20\", \"use_mq\": {\"no_mq\": \"\", \"__current_case__\": 0, \"max_mq\": \"255\"}}, \"source_qual\": {\"use_src_qual\": {\"src_qual\": \"\", \"__current_case__\": 0}}, \"joint_qual\": {\"min_jq\": \"0\", \"min_alt_jq\": \"0\", \"def_alt_jq\": \"0\"}}, \"chromInfo\": \"/cvmfs/data.galaxyproject.org/managed/len/ucsc/hg19.len\", \"filter_control\": {\"filter_type\": \"set_lofreq_standard\", \"__current_case__\": 2, \"sig\": \"0.01\", \"bonf\": \"dynamic\", \"others\": \"\"}, \"reads\": null, \"reference_source\": {\"ref_selector\": \"cached\", \"__current_case__\": 0, \"ref\": \"hg19\"}, \"regions\": {\"restrict_to_region\": \"genome\", \"__current_case__\": 0}, \"variant_types\": \"--call-indels\", \"__page__\": null, \"__rerun_remap_job_id__\": null}",
            "tool_version": "2.1.5+galaxy1",
            "type": "tool",
            "uuid": "267c993e-1ef6-46c9-b504-b87338f4f7d6",
            "when": null,
            "workflow_outputs": []
        },
        "11": {
            "annotation": "",
            "content_id": "toolshed.g2.bx.psu.edu/repos/iuc/snpeff/snpEff/4.3+T.galaxy1",
            "errors": null,
            "id": 11,
            "input_connections": {
                "input": {
                    "id": 10,
                    "output_name": "variants"
                },
                "snpDb|snpeff_db": {
                    "id": 2,
                    "output_name": "snpeff_db"
                }
            },
            "inputs": [],
            "label": null,
            "name": "SnpEff eff:",
            "outputs": [
                {
                    "name": "snpeff_output",
                    "type": "vcf"
                },
                {
                    "name": "statsFile",
                    "type": "html"
                },
                {
                    "name": "csvFile",
                    "type": "csv"
                }
            ],
            "position": {
                "left": 1550,
                "top": 10
            },
            "post_job_actions": {},
            "tool_id": "toolshed.g2.bx.psu.edu/repos/iuc/snpeff/snpEff/4.3+T.galaxy1",
            "tool_shed_repository": {
                "changeset_revision": "cfcf33df7fc0",
                "name": "snpeff",
                "owner": "iuc",
                "tool_shed": "toolshed.g2.bx.psu.edu"
            },
            "tool_state": "{\"__input_ext\": \"vcf\", \"annotations\": null, \"chr\": \"\", \"chromInfo\": \"/cvmfs/data.galaxyproject.org/managed/len/ucsc/hg19.len\", \"csvStats\": true, \"filter\": {\"specificEffects\": \"no\", \"__current_case__\": 0}, \"filterOut\": null, \"generate_stats\": true, \"input\": null, \"inputFormat\": \"vcf\", \"intervals\": null, \"noLog\": true, \"offset\": \"default\", \"outputConditional\": {\"outputFormat\": \"vcf\", \"__current_case__\": 0}, \"snpDb\": {\"genomeSrc\": \"history\", \"__current_case__\": 1, \"snpeff_db\": null, \"reg_section\": {\"regulation\": null}}, \"spliceRegion\": {\"setSpliceRegions\": \"no\", \"__current_case__\": 0}, \"spliceSiteSize\": \"2\", \"transcripts\": null, \"udLength\": \"5000\", \"__page__\": null, \"__rerun_remap_job_id__\": null}",
            "tool_version": "4.3+T.galaxy1",
            "type": "tool",
            "uuid": "db242f51-7551-42c3-88e2-39fe2b092a7a",
            "when": null,
            "workflow_outputs": []
        },
        "12": {
            "annotation": "",
            "content_id": "toolshed.g2.bx.psu.edu/repos/iuc/snpsift/snpSift_extractFields/4.3+t.galaxy0",
            "errors": null,
            "id": 12,
            "input_connections": {
                "input": {
                    "id": 11,
                    "output_name": "snpeff_output"
                }
            },
            "inputs": [],
            "label": null,
            "name": "SnpSift Extract Fields",
            "outputs": [
                {
                    "name": "output",
                    "type": "tabular"
                }
            ],
            "position": {
                "left": 1770,
                "top": 10
            },
            "post_job_actions": {},
            "tool_id": "toolshed.g2.bx.psu.edu/repos/iuc/snpsift/snpSift_extractFields/4.3+t.galaxy0",
            "tool_shed_repository": {
                "changeset_revision": "5fab4f81391d",
                "name": "snpsift",
                "owner": "iuc",
                "tool_shed": "toolshed.g2.bx.psu.edu"
            },
            "tool_state": "{\"__input_ext\": \"vcf\", \"chromInfo\": \"/cvmfs/data.galaxyproject.org/managed/len/ucsc/hg19.len\", \"empty_text\": \".\", \"extract\": \"CHROM POS REF ALT QUAL DP AF SB DP4 EFF[*].IMPACT EFF[*].FUNCLASS EFF[*].EFFECT EFF[*].GENE EFF[*].CODON\", \"input\": null, \"one_effect_per_line\": true, \"separator\": \"\", \"__page__\": null, \"__rerun_remap_job_id__\": null}",
            "tool_version": "4.3+t.galaxy0",
            "type": "tool",
            "uuid": "a61c68b0-28df-4a11-b9ba-b0f98fe4dfdb",
            "when": null,
            "workflow_outputs": []
        },
        "13": {
            "annotation": "",
            "content_id": "toolshed.g2.bx.psu.edu/repos/iuc/bcftools_view/bcftools_view/1.10",
            "errors": null,
            "id": 13,
            "input_connections": {
                "input_file": {
                    "id": 11,
                    "output_name": "snpeff_output"
                }
            },
            "inputs": [],
            "label": null,
            "name": "bcftools view",
            "outputs": [
                {
                    "name": "output_file",
                    "type": "vcf"
                }
            ],
            "position": {
                "left": 1770,
                "top": 130
            },
            "post_job_actions": {},
            "tool_id": "toolshed.g2.bx.psu.edu/repos/iuc/bcftools_view/bcftools_view/1.10",
            "tool_shed_repository": {
                "changeset_revision": "38d75661c235",
                "name": "bcftools_view",
                "owner": "iuc",
                "tool_shed": "toolshed.g2.bx.psu.edu"
            },
            "tool_state": "{\"__input_ext\": \"vcf\", \"chromInfo\": \"/cvmfs/data.galaxyproject.org/managed/len/ucsc/hg19.len\", \"input_file\": null, \"output_type\": \"b\", \"sec_filter\": {\"min_ac\": null, \"max_ac\": null, \"select_genotype\": null, \"types\": null, \"exclude_types\": null, \"known_or_novel\": null, \"min_alleles\": null, \"max_alleles\": null, \"phased\": null, \"min_af\": null, \"max_af\": null, \"uncalled\": null, \"private\": null}, \"sec_output\": {\"drop_genotypes\": false, \"header\": null, \"compression_level\": null, \"invert_targets_file\": false}, \"sec_restrict\": {\"apply_filters\": \"\", \"regions\": {\"regions_src\": \"__none__\", \"__current_case__\": 0}, \"targets\": {\"targets_src\": \"__none__\", \"__current_case__\": 0}, \"include\": \"\", \"exclude\": \"\"}, \"sec_subset\": {\"samples\": \"\", \"invert_samples\": false, \"samples_file\": null, \"invert_samples_file\": false, \"force_samples\": false, \"no_update\": false, \"trim_alt_alleles\": false}, \"__page__\": null, \"__rerun_remap_job_id__\": null}",
            "tool_version": "1.10",
            "type": "tool",
            "uuid": "6165eb09-1c32-4bef-aa5d-27bc33f5eb01",
            "when": null,
            "workflow_outputs": []
        }
    },
    "tags": [],
    "uuid": "07c2c293-6f0f-4170-a2ee-ee76cf76d492",
    "version": 0
}