{
    "a_galaxy_workflow": "true",
    "annotation": "",
    "format-version": "0.1",
    "name": "WT_20wk_AL",
    "steps": {
        "0": {
            "annotation": "",
            "content_id": null,
            "errors": null,
            "id": 0,
            "input_connections": {},
            "inputs": [
                {
                    "description": "",
                    "name": "WT_20wk_AL3_L1R1"
                }
            ],
            "label": "WT_20wk_AL3_L1R1",
            "name": "Input dataset",
            "outputs": [],
            "position": {
                "bottom": 108.875,
                "height": 40.5,
                "left": 457.5703125,
                "right": 557.5703125,
                "top": 68.375,
                "width": 100,
                "x": 457.5703125,
                "y": 68.375
            },
            "tool_id": null,
            "tool_state": "{\"optional\": false, \"tag\": null}",
            "tool_version": null,
            "type": "data_input",
            "uuid": "f56d1ce7-2810-4d1e-8422-e4e83707e445",
            "when": null,
            "workflow_outputs": [
                {
                    "label": null,
                    "output_name": "output",
                    "uuid": "dd1cb821-eaff-40a5-b89d-45247b79d118"
                }
            ]
        },
        "1": {
            "annotation": "",
            "content_id": null,
            "errors": null,
            "id": 1,
            "input_connections": {},
            "inputs": [
                {
                    "description": "",
                    "name": "WT_20wk_AL3_L1R2"
                }
            ],
            "label": "WT_20wk_AL3_L1R2",
            "name": "Input dataset",
            "outputs": [],
            "position": {
                "bottom": 153.328125,
                "height": 40.5,
                "left": 457.0859375,
                "right": 557.0859375,
                "top": 112.828125,
                "width": 100,
                "x": 457.0859375,
                "y": 112.828125
            },
            "tool_id": null,
            "tool_state": "{\"optional\": false, \"tag\": null}",
            "tool_version": null,
            "type": "data_input",
            "uuid": "c366d9eb-60fa-45b0-9caf-762a673e401b",
            "when": null,
            "workflow_outputs": [
                {
                    "label": null,
                    "output_name": "output",
                    "uuid": "323925b6-6d08-45c1-a131-ae5665e820c6"
                }
            ]
        },
        "2": {
            "annotation": "",
            "content_id": null,
            "errors": null,
            "id": 2,
            "input_connections": {},
            "inputs": [
                {
                    "description": "",
                    "name": "WT_20wk_AL1_L1R1"
                }
            ],
            "label": "WT_20wk_AL1_L1R1",
            "name": "Input dataset",
            "outputs": [],
            "position": {
                "bottom": 227.4921875,
                "height": 40.5,
                "left": 454.734375,
                "right": 554.734375,
                "top": 186.9921875,
                "width": 100,
                "x": 454.734375,
                "y": 186.9921875
            },
            "tool_id": null,
            "tool_state": "{\"optional\": false, \"tag\": null}",
            "tool_version": null,
            "type": "data_input",
            "uuid": "d19d3afc-21c8-4698-a8be-4d8cd8f6b6a2",
            "when": null,
            "workflow_outputs": [
                {
                    "label": null,
                    "output_name": "output",
                    "uuid": "d51f09dc-a084-4173-82e8-ae2b6a096996"
                }
            ]
        },
        "3": {
            "annotation": "",
            "content_id": null,
            "errors": null,
            "id": 3,
            "input_connections": {},
            "inputs": [
                {
                    "description": "",
                    "name": "WT_20wk_AL1_L1R2"
                }
            ],
            "label": "WT_20wk_AL1_L1R2",
            "name": "Input dataset",
            "outputs": [],
            "position": {
                "bottom": 270.3359375,
                "height": 40.5,
                "left": 451.734375,
                "right": 551.734375,
                "top": 229.8359375,
                "width": 100,
                "x": 451.734375,
                "y": 229.8359375
            },
            "tool_id": null,
            "tool_state": "{\"optional\": false, \"tag\": null}",
            "tool_version": null,
            "type": "data_input",
            "uuid": "4a2cccba-1068-48d2-82e9-8e1493224626",
            "when": null,
            "workflow_outputs": [
                {
                    "label": null,
                    "output_name": "output",
                    "uuid": "eecb5034-6f95-4f4e-a25e-06350afd3239"
                }
            ]
        },
        "4": {
            "annotation": "",
            "content_id": null,
            "errors": null,
            "id": 4,
            "input_connections": {},
            "inputs": [
                {
                    "description": "",
                    "name": "WT_20wk_AL1_L2R1"
                }
            ],
            "label": "WT_20wk_AL1_L2R1",
            "name": "Input dataset",
            "outputs": [],
            "position": {
                "bottom": 329.640625,
                "height": 40.5,
                "left": 442.34375,
                "right": 542.34375,
                "top": 289.140625,
                "width": 100,
                "x": 442.34375,
                "y": 289.140625
            },
            "tool_id": null,
            "tool_state": "{\"optional\": false, \"tag\": null}",
            "tool_version": null,
            "type": "data_input",
            "uuid": "f0ce955d-2489-4bf3-8080-5c5a8136d893",
            "when": null,
            "workflow_outputs": [
                {
                    "label": null,
                    "output_name": "output",
                    "uuid": "de870235-f1f8-444d-aa89-05c25db99962"
                }
            ]
        },
        "5": {
            "annotation": "",
            "content_id": null,
            "errors": null,
            "id": 5,
            "input_connections": {},
            "inputs": [
                {
                    "description": "",
                    "name": "WT_20wk_AL1_L2R2"
                }
            ],
            "label": "WT_20wk_AL1_L2R2",
            "name": "Input dataset",
            "outputs": [],
            "position": {
                "bottom": 372.515625,
                "height": 40.5,
                "left": 442.8125,
                "right": 542.8125,
                "top": 332.015625,
                "width": 100,
                "x": 442.8125,
                "y": 332.015625
            },
            "tool_id": null,
            "tool_state": "{\"optional\": false, \"tag\": null}",
            "tool_version": null,
            "type": "data_input",
            "uuid": "fabf7be3-d476-4715-809d-18e16c287619",
            "when": null,
            "workflow_outputs": [
                {
                    "label": null,
                    "output_name": "output",
                    "uuid": "4e5d8b45-0466-4c39-9f36-f9a681656a41"
                }
            ]
        },
        "6": {
            "annotation": "",
            "content_id": null,
            "errors": null,
            "id": 6,
            "input_connections": {},
            "inputs": [
                {
                    "description": "",
                    "name": "WT_20wk_AL2_L1R1"
                }
            ],
            "label": "WT_20wk_AL2_L1R1",
            "name": "Input dataset",
            "outputs": [],
            "position": {
                "bottom": 452.15625,
                "height": 40.5,
                "left": 426.9453125,
                "right": 526.9453125,
                "top": 411.65625,
                "width": 100,
                "x": 426.9453125,
                "y": 411.65625
            },
            "tool_id": null,
            "tool_state": "{\"optional\": false, \"tag\": null}",
            "tool_version": null,
            "type": "data_input",
            "uuid": "9a0d0b5f-5d0a-4d98-80dd-ee12eeb56896",
            "when": null,
            "workflow_outputs": [
                {
                    "label": null,
                    "output_name": "output",
                    "uuid": "62fb3869-9723-477f-8369-ef933133e5a3"
                }
            ]
        },
        "7": {
            "annotation": "",
            "content_id": null,
            "errors": null,
            "id": 7,
            "input_connections": {},
            "inputs": [
                {
                    "description": "",
                    "name": "WT_20wk_AL2_L1R2"
                }
            ],
            "label": "WT_20wk_AL2_L1R2",
            "name": "Input dataset",
            "outputs": [],
            "position": {
                "bottom": 495.5546875,
                "height": 40.5,
                "left": 418.5703125,
                "right": 518.5703125,
                "top": 455.0546875,
                "width": 100,
                "x": 418.5703125,
                "y": 455.0546875
            },
            "tool_id": null,
            "tool_state": "{\"optional\": false, \"tag\": null}",
            "tool_version": null,
            "type": "data_input",
            "uuid": "7869e2ee-1a01-4fe9-916f-c0d6f786deb4",
            "when": null,
            "workflow_outputs": [
                {
                    "label": null,
                    "output_name": "output",
                    "uuid": "2a814770-b7d3-4f18-b74a-5d1693011791"
                }
            ]
        },
        "8": {
            "annotation": "",
            "content_id": null,
            "errors": null,
            "id": 8,
            "input_connections": {},
            "inputs": [
                {
                    "description": "",
                    "name": "WT_20wk_AL3_L2R1"
                }
            ],
            "label": "WT_20wk_AL3_L2R1",
            "name": "Input dataset",
            "outputs": [],
            "position": {
                "bottom": 95.6796875,
                "height": 40.5,
                "left": 637.734375,
                "right": 737.734375,
                "top": 55.1796875,
                "width": 100,
                "x": 637.734375,
                "y": 55.1796875
            },
            "tool_id": null,
            "tool_state": "{\"optional\": false, \"tag\": null}",
            "tool_version": null,
            "type": "data_input",
            "uuid": "702e3266-fed3-4d4a-9600-be1307ac2611",
            "when": null,
            "workflow_outputs": [
                {
                    "label": null,
                    "output_name": "output",
                    "uuid": "25010641-7e80-4009-9fca-f03c2fbe191c"
                }
            ]
        },
        "9": {
            "annotation": "",
            "content_id": null,
            "errors": null,
            "id": 9,
            "input_connections": {},
            "inputs": [
                {
                    "description": "",
                    "name": "WT_20wk_AL3_L2R2"
                }
            ],
            "label": "WT_20wk_AL3_L2R2",
            "name": "Input dataset",
            "outputs": [],
            "position": {
                "bottom": 143.390625,
                "height": 40.5,
                "left": 640.2734375,
                "right": 740.2734375,
                "top": 102.890625,
                "width": 100,
                "x": 640.2734375,
                "y": 102.890625
            },
            "tool_id": null,
            "tool_state": "{\"optional\": false, \"tag\": null}",
            "tool_version": null,
            "type": "data_input",
            "uuid": "8a9ae06f-04f2-4767-be6b-599e490a71fd",
            "when": null,
            "workflow_outputs": [
                {
                    "label": null,
                    "output_name": "output",
                    "uuid": "f30df98d-2772-494e-8d57-e16761ee1b87"
                }
            ]
        },
        "10": {
            "annotation": "",
            "content_id": null,
            "errors": null,
            "id": 10,
            "input_connections": {},
            "inputs": [
                {
                    "description": "",
                    "name": "WT_20wk_AL4_L2R1"
                }
            ],
            "label": "WT_20wk_AL4_L2R1",
            "name": "Input dataset",
            "outputs": [],
            "position": {
                "bottom": 554.3359375,
                "height": 40.5,
                "left": 427.875,
                "right": 527.875,
                "top": 513.8359375,
                "width": 100,
                "x": 427.875,
                "y": 513.8359375
            },
            "tool_id": null,
            "tool_state": "{\"optional\": false, \"tag\": null}",
            "tool_version": null,
            "type": "data_input",
            "uuid": "5f4a935d-15b5-439e-86dc-0e4e567c94b0",
            "when": null,
            "workflow_outputs": [
                {
                    "label": null,
                    "output_name": "output",
                    "uuid": "fbb27a02-3cdf-4c7d-872b-e337acd24b43"
                }
            ]
        },
        "11": {
            "annotation": "",
            "content_id": null,
            "errors": null,
            "id": 11,
            "input_connections": {},
            "inputs": [
                {
                    "description": "",
                    "name": "Custom Annotation"
                }
            ],
            "label": "Custom Annotation",
            "name": "Input dataset",
            "outputs": [],
            "position": {
                "bottom": 292.40625,
                "height": 40.5,
                "left": 653.1953125,
                "right": 753.1953125,
                "top": 251.90625,
                "width": 100,
                "x": 653.1953125,
                "y": 251.90625
            },
            "tool_id": null,
            "tool_state": "{\"optional\": false, \"tag\": null}",
            "tool_version": null,
            "type": "data_input",
            "uuid": "3eb7c810-42a4-49b7-9bbe-1e5a9585cbee",
            "when": null,
            "workflow_outputs": [
                {
                    "label": null,
                    "output_name": "output",
                    "uuid": "287b7662-7901-466c-b926-2f8630e6b65b"
                }
            ]
        },
        "12": {
            "annotation": "",
            "content_id": null,
            "errors": null,
            "id": 12,
            "input_connections": {},
            "inputs": [
                {
                    "description": "",
                    "name": "WT_20wk_AL4_L2R2"
                }
            ],
            "label": "WT_20wk_AL4_L2R2",
            "name": "Input dataset",
            "outputs": [],
            "position": {
                "bottom": 600.75,
                "height": 40.5,
                "left": 430.9609375,
                "right": 530.9609375,
                "top": 560.25,
                "width": 100,
                "x": 430.9609375,
                "y": 560.25
            },
            "tool_id": null,
            "tool_state": "{\"optional\": false, \"tag\": null}",
            "tool_version": null,
            "type": "data_input",
            "uuid": "4dc94cbc-55f8-44f9-a36c-5f33374509cf",
            "when": null,
            "workflow_outputs": [
                {
                    "label": null,
                    "output_name": "output",
                    "uuid": "13ce10e9-0602-43b0-9a90-400eafc8f6c1"
                }
            ]
        },
        "13": {
            "annotation": "",
            "content_id": null,
            "errors": null,
            "id": 13,
            "input_connections": {},
            "inputs": [
                {
                    "description": "",
                    "name": "WT_20wk_AL2_L2R1"
                }
            ],
            "label": "WT_20wk_AL2_L2R1",
            "name": "Input dataset",
            "outputs": [],
            "position": {
                "bottom": 401.8984375,
                "height": 40.5,
                "left": 652.3359375,
                "right": 752.3359375,
                "top": 361.3984375,
                "width": 100,
                "x": 652.3359375,
                "y": 361.3984375
            },
            "tool_id": null,
            "tool_state": "{\"optional\": false, \"tag\": null}",
            "tool_version": null,
            "type": "data_input",
            "uuid": "b7221b1c-c1bc-44bb-a3f9-3f3860383e54",
            "when": null,
            "workflow_outputs": [
                {
                    "label": null,
                    "output_name": "output",
                    "uuid": "de2c8d46-b5ab-4f96-bd7b-88d0be0932fe"
                }
            ]
        },
        "14": {
            "annotation": "",
            "content_id": null,
            "errors": null,
            "id": 14,
            "input_connections": {},
            "inputs": [
                {
                    "description": "",
                    "name": "WT_20wk_AL4_L1R1"
                }
            ],
            "label": "WT_20wk_AL4_L1R1",
            "name": "Input dataset",
            "outputs": [],
            "position": {
                "bottom": 445.609375,
                "height": 40.5,
                "left": 641.78125,
                "right": 741.78125,
                "top": 405.109375,
                "width": 100,
                "x": 641.78125,
                "y": 405.109375
            },
            "tool_id": null,
            "tool_state": "{\"optional\": false, \"tag\": null}",
            "tool_version": null,
            "type": "data_input",
            "uuid": "ea821cab-3337-4b6d-99fd-38f736aa9ff3",
            "when": null,
            "workflow_outputs": [
                {
                    "label": null,
                    "output_name": "output",
                    "uuid": "7fdf6f38-808e-4ee7-933a-2ab93489dc5c"
                }
            ]
        },
        "15": {
            "annotation": "",
            "content_id": null,
            "errors": null,
            "id": 15,
            "input_connections": {},
            "inputs": [
                {
                    "description": "",
                    "name": "WT_20wk_AL2_L2R2"
                }
            ],
            "label": "WT_20wk_AL2_L2R2",
            "name": "Input dataset",
            "outputs": [],
            "position": {
                "bottom": 439.828125,
                "height": 40.5,
                "left": 656.9375,
                "right": 756.9375,
                "top": 399.328125,
                "width": 100,
                "x": 656.9375,
                "y": 399.328125
            },
            "tool_id": null,
            "tool_state": "{\"optional\": false, \"tag\": null}",
            "tool_version": null,
            "type": "data_input",
            "uuid": "bff4a33f-6474-471f-b841-720a79e86a26",
            "when": null,
            "workflow_outputs": [
                {
                    "label": null,
                    "output_name": "output",
                    "uuid": "95161ee0-9f19-413c-a024-4aa8b7035fa9"
                }
            ]
        },
        "16": {
            "annotation": "",
            "content_id": null,
            "errors": null,
            "id": 16,
            "input_connections": {},
            "inputs": [
                {
                    "description": "",
                    "name": "WT_20wk_AL4_L1R2"
                }
            ],
            "label": "WT_20wk_AL4_L1R2",
            "name": "Input dataset",
            "outputs": [],
            "position": {
                "bottom": 466.1640625,
                "height": 40.5,
                "left": 641.546875,
                "right": 741.546875,
                "top": 425.6640625,
                "width": 100,
                "x": 641.546875,
                "y": 425.6640625
            },
            "tool_id": null,
            "tool_state": "{\"optional\": false, \"tag\": null}",
            "tool_version": null,
            "type": "data_input",
            "uuid": "bba53aad-0657-42bb-a55f-35bea6f8073b",
            "when": null,
            "workflow_outputs": [
                {
                    "label": null,
                    "output_name": "output",
                    "uuid": "275bfed4-cfa5-4dc5-97a5-ea22f7611346"
                }
            ]
        },
        "17": {
            "annotation": "",
            "content_id": "toolshed.g2.bx.psu.edu/repos/iuc/hisat2/hisat2/2.1.0+galaxy5",
            "errors": null,
            "id": 17,
            "input_connections": {
                "library|input_1": {
                    "id": 0,
                    "output_name": "output"
                },
                "library|input_2": {
                    "id": 1,
                    "output_name": "output"
                }
            },
            "inputs": [],
            "label": "HISAT2_WT_20wk_AL3_L1",
            "name": "HISAT2",
            "outputs": [
                {
                    "name": "output_alignments",
                    "type": "bam"
                }
            ],
            "position": {
                "bottom": 192.4921875,
                "height": 91,
                "left": 775.3046875,
                "right": 875.3046875,
                "top": 101.4921875,
                "width": 100,
                "x": 775.3046875,
                "y": 101.4921875
            },
            "post_job_actions": {},
            "tool_id": "toolshed.g2.bx.psu.edu/repos/iuc/hisat2/hisat2/2.1.0+galaxy5",
            "tool_shed_repository": {
                "changeset_revision": "0c16cad5e03b",
                "name": "hisat2",
                "owner": "iuc",
                "tool_shed": "toolshed.g2.bx.psu.edu"
            },
            "tool_state": "{\"__job_resource\": {\"__job_resource__select\": \"no\", \"__current_case__\": 0}, \"adv\": {\"input_options\": {\"input_options_selector\": \"defaults\", \"__current_case__\": 0}, \"alignment_options\": {\"alignment_options_selector\": \"defaults\", \"__current_case__\": 0}, \"scoring_options\": {\"scoring_options_selector\": \"defaults\", \"__current_case__\": 0}, \"spliced_options\": {\"spliced_options_selector\": \"defaults\", \"__current_case__\": 0}, \"reporting_options\": {\"reporting_options_selector\": \"defaults\", \"__current_case__\": 0}, \"output_options\": {\"output_options_selector\": \"defaults\", \"__current_case__\": 0}, \"other_options\": {\"other_options_selector\": \"defaults\", \"__current_case__\": 0}}, \"library\": {\"type\": \"paired\", \"__current_case__\": 1, \"input_1\": {\"__class__\": \"ConnectedValue\"}, \"input_2\": {\"__class__\": \"ConnectedValue\"}, \"rna_strandness\": \"\", \"paired_options\": {\"paired_options_selector\": \"defaults\", \"__current_case__\": 0}}, \"reference_genome\": {\"source\": \"indexed\", \"__current_case__\": 0, \"index\": \"mm10\"}, \"sum\": {\"new_summary\": false, \"summary_file\": false}, \"__page__\": null, \"__rerun_remap_job_id__\": null}",
            "tool_version": "2.1.0+galaxy5",
            "type": "tool",
            "uuid": "54b2209c-e0a6-4250-9434-ca6a53e400a6",
            "when": null,
            "workflow_outputs": [
                {
                    "label": null,
                    "output_name": "output_alignments",
                    "uuid": "8a73b2e4-50fc-4938-b86a-d0c4039d5d5e"
                }
            ]
        },
        "18": {
            "annotation": "",
            "content_id": "toolshed.g2.bx.psu.edu/repos/iuc/hisat2/hisat2/2.1.0+galaxy5",
            "errors": null,
            "id": 18,
            "input_connections": {
                "library|input_1": {
                    "id": 2,
                    "output_name": "output"
                },
                "library|input_2": {
                    "id": 3,
                    "output_name": "output"
                }
            },
            "inputs": [],
            "label": "HISAT2_WT_20wk_AL1_L1",
            "name": "HISAT2",
            "outputs": [
                {
                    "name": "output_alignments",
                    "type": "bam"
                }
            ],
            "position": {
                "bottom": 104.1875,
                "height": 91,
                "left": 782.0546875,
                "right": 882.0546875,
                "top": 13.1875,
                "width": 100,
                "x": 782.0546875,
                "y": 13.1875
            },
            "post_job_actions": {},
            "tool_id": "toolshed.g2.bx.psu.edu/repos/iuc/hisat2/hisat2/2.1.0+galaxy5",
            "tool_shed_repository": {
                "changeset_revision": "0c16cad5e03b",
                "name": "hisat2",
                "owner": "iuc",
                "tool_shed": "toolshed.g2.bx.psu.edu"
            },
            "tool_state": "{\"__job_resource\": {\"__job_resource__select\": \"no\", \"__current_case__\": 0}, \"adv\": {\"input_options\": {\"input_options_selector\": \"defaults\", \"__current_case__\": 0}, \"alignment_options\": {\"alignment_options_selector\": \"defaults\", \"__current_case__\": 0}, \"scoring_options\": {\"scoring_options_selector\": \"defaults\", \"__current_case__\": 0}, \"spliced_options\": {\"spliced_options_selector\": \"defaults\", \"__current_case__\": 0}, \"reporting_options\": {\"reporting_options_selector\": \"defaults\", \"__current_case__\": 0}, \"output_options\": {\"output_options_selector\": \"defaults\", \"__current_case__\": 0}, \"other_options\": {\"other_options_selector\": \"defaults\", \"__current_case__\": 0}}, \"library\": {\"type\": \"paired\", \"__current_case__\": 1, \"input_1\": {\"__class__\": \"ConnectedValue\"}, \"input_2\": {\"__class__\": \"ConnectedValue\"}, \"rna_strandness\": \"\", \"paired_options\": {\"paired_options_selector\": \"defaults\", \"__current_case__\": 0}}, \"reference_genome\": {\"source\": \"indexed\", \"__current_case__\": 0, \"index\": \"mm10\"}, \"sum\": {\"new_summary\": false, \"summary_file\": false}, \"__page__\": null, \"__rerun_remap_job_id__\": null}",
            "tool_version": "2.1.0+galaxy5",
            "type": "tool",
            "uuid": "c4bc77ca-73e2-4b31-9435-543870b43a43",
            "when": null,
            "workflow_outputs": [
                {
                    "label": null,
                    "output_name": "output_alignments",
                    "uuid": "b9fa1f04-624a-412e-9a42-9da1dfcc589d"
                }
            ]
        },
        "19": {
            "annotation": "",
            "content_id": "toolshed.g2.bx.psu.edu/repos/iuc/hisat2/hisat2/2.1.0+galaxy5",
            "errors": null,
            "id": 19,
            "input_connections": {
                "library|input_1": {
                    "id": 4,
                    "output_name": "output"
                },
                "library|input_2": {
                    "id": 5,
                    "output_name": "output"
                }
            },
            "inputs": [],
            "label": "HISAT2_WT_20wk_AL1_L2",
            "name": "HISAT2",
            "outputs": [
                {
                    "name": "output_alignments",
                    "type": "bam"
                }
            ],
            "position": {
                "bottom": 381.28125,
                "height": 91,
                "left": 829.046875,
                "right": 929.046875,
                "top": 290.28125,
                "width": 100,
                "x": 829.046875,
                "y": 290.28125
            },
            "post_job_actions": {},
            "tool_id": "toolshed.g2.bx.psu.edu/repos/iuc/hisat2/hisat2/2.1.0+galaxy5",
            "tool_shed_repository": {
                "changeset_revision": "0c16cad5e03b",
                "name": "hisat2",
                "owner": "iuc",
                "tool_shed": "toolshed.g2.bx.psu.edu"
            },
            "tool_state": "{\"__job_resource\": {\"__job_resource__select\": \"no\", \"__current_case__\": 0}, \"adv\": {\"input_options\": {\"input_options_selector\": \"defaults\", \"__current_case__\": 0}, \"alignment_options\": {\"alignment_options_selector\": \"defaults\", \"__current_case__\": 0}, \"scoring_options\": {\"scoring_options_selector\": \"defaults\", \"__current_case__\": 0}, \"spliced_options\": {\"spliced_options_selector\": \"defaults\", \"__current_case__\": 0}, \"reporting_options\": {\"reporting_options_selector\": \"defaults\", \"__current_case__\": 0}, \"output_options\": {\"output_options_selector\": \"defaults\", \"__current_case__\": 0}, \"other_options\": {\"other_options_selector\": \"defaults\", \"__current_case__\": 0}}, \"library\": {\"type\": \"paired\", \"__current_case__\": 1, \"input_1\": {\"__class__\": \"ConnectedValue\"}, \"input_2\": {\"__class__\": \"ConnectedValue\"}, \"rna_strandness\": \"\", \"paired_options\": {\"paired_options_selector\": \"defaults\", \"__current_case__\": 0}}, \"reference_genome\": {\"source\": \"indexed\", \"__current_case__\": 0, \"index\": \"mm10\"}, \"sum\": {\"new_summary\": false, \"summary_file\": false}, \"__page__\": null, \"__rerun_remap_job_id__\": null}",
            "tool_version": "2.1.0+galaxy5",
            "type": "tool",
            "uuid": "2b1fddf8-f76a-40b6-bb6e-9b2bbcd50de5",
            "when": null,
            "workflow_outputs": [
                {
                    "label": null,
                    "output_name": "output_alignments",
                    "uuid": "81cbbd81-b991-4a73-bd2f-0bb42f8a64a4"
                }
            ]
        },
        "20": {
            "annotation": "",
            "content_id": "toolshed.g2.bx.psu.edu/repos/iuc/hisat2/hisat2/2.1.0+galaxy5",
            "errors": null,
            "id": 20,
            "input_connections": {
                "library|input_1": {
                    "id": 6,
                    "output_name": "output"
                },
                "library|input_2": {
                    "id": 7,
                    "output_name": "output"
                }
            },
            "inputs": [],
            "label": "HISAT2_WT_20wk_AL2_L1",
            "name": "HISAT2",
            "outputs": [
                {
                    "name": "output_alignments",
                    "type": "bam"
                }
            ],
            "position": {
                "bottom": 539.3125,
                "height": 91,
                "left": 829.75,
                "right": 929.75,
                "top": 448.3125,
                "width": 100,
                "x": 829.75,
                "y": 448.3125
            },
            "post_job_actions": {},
            "tool_id": "toolshed.g2.bx.psu.edu/repos/iuc/hisat2/hisat2/2.1.0+galaxy5",
            "tool_shed_repository": {
                "changeset_revision": "0c16cad5e03b",
                "name": "hisat2",
                "owner": "iuc",
                "tool_shed": "toolshed.g2.bx.psu.edu"
            },
            "tool_state": "{\"__job_resource\": {\"__job_resource__select\": \"no\", \"__current_case__\": 0}, \"adv\": {\"input_options\": {\"input_options_selector\": \"defaults\", \"__current_case__\": 0}, \"alignment_options\": {\"alignment_options_selector\": \"defaults\", \"__current_case__\": 0}, \"scoring_options\": {\"scoring_options_selector\": \"defaults\", \"__current_case__\": 0}, \"spliced_options\": {\"spliced_options_selector\": \"defaults\", \"__current_case__\": 0}, \"reporting_options\": {\"reporting_options_selector\": \"defaults\", \"__current_case__\": 0}, \"output_options\": {\"output_options_selector\": \"defaults\", \"__current_case__\": 0}, \"other_options\": {\"other_options_selector\": \"defaults\", \"__current_case__\": 0}}, \"library\": {\"type\": \"paired\", \"__current_case__\": 1, \"input_1\": {\"__class__\": \"ConnectedValue\"}, \"input_2\": {\"__class__\": \"ConnectedValue\"}, \"rna_strandness\": \"\", \"paired_options\": {\"paired_options_selector\": \"defaults\", \"__current_case__\": 0}}, \"reference_genome\": {\"source\": \"indexed\", \"__current_case__\": 0, \"index\": \"mm10\"}, \"sum\": {\"new_summary\": false, \"summary_file\": false}, \"__page__\": null, \"__rerun_remap_job_id__\": null}",
            "tool_version": "2.1.0+galaxy5",
            "type": "tool",
            "uuid": "e9287592-9bc7-4f0b-aae1-fb8f07ee4e9d",
            "when": null,
            "workflow_outputs": [
                {
                    "label": null,
                    "output_name": "output_alignments",
                    "uuid": "c774d708-ad65-44a9-9bf7-98302572174b"
                }
            ]
        },
        "21": {
            "annotation": "",
            "content_id": "toolshed.g2.bx.psu.edu/repos/iuc/hisat2/hisat2/2.1.0+galaxy5",
            "errors": null,
            "id": 21,
            "input_connections": {
                "library|input_1": {
                    "id": 8,
                    "output_name": "output"
                },
                "library|input_2": {
                    "id": 9,
                    "output_name": "output"
                }
            },
            "inputs": [],
            "label": "HISAT2_WT_20wk_AL3_L2",
            "name": "HISAT2",
            "outputs": [
                {
                    "name": "output_alignments",
                    "type": "bam"
                }
            ],
            "position": {
                "bottom": 459.828125,
                "height": 91,
                "left": 831.4609375,
                "right": 931.4609375,
                "top": 368.828125,
                "width": 100,
                "x": 831.4609375,
                "y": 368.828125
            },
            "post_job_actions": {},
            "tool_id": "toolshed.g2.bx.psu.edu/repos/iuc/hisat2/hisat2/2.1.0+galaxy5",
            "tool_shed_repository": {
                "changeset_revision": "0c16cad5e03b",
                "name": "hisat2",
                "owner": "iuc",
                "tool_shed": "toolshed.g2.bx.psu.edu"
            },
            "tool_state": "{\"__job_resource\": {\"__job_resource__select\": \"no\", \"__current_case__\": 0}, \"adv\": {\"input_options\": {\"input_options_selector\": \"defaults\", \"__current_case__\": 0}, \"alignment_options\": {\"alignment_options_selector\": \"defaults\", \"__current_case__\": 0}, \"scoring_options\": {\"scoring_options_selector\": \"defaults\", \"__current_case__\": 0}, \"spliced_options\": {\"spliced_options_selector\": \"defaults\", \"__current_case__\": 0}, \"reporting_options\": {\"reporting_options_selector\": \"defaults\", \"__current_case__\": 0}, \"output_options\": {\"output_options_selector\": \"defaults\", \"__current_case__\": 0}, \"other_options\": {\"other_options_selector\": \"defaults\", \"__current_case__\": 0}}, \"library\": {\"type\": \"paired\", \"__current_case__\": 1, \"input_1\": {\"__class__\": \"ConnectedValue\"}, \"input_2\": {\"__class__\": \"ConnectedValue\"}, \"rna_strandness\": \"\", \"paired_options\": {\"paired_options_selector\": \"defaults\", \"__current_case__\": 0}}, \"reference_genome\": {\"source\": \"indexed\", \"__current_case__\": 0, \"index\": \"mm10\"}, \"sum\": {\"new_summary\": false, \"summary_file\": false}, \"__page__\": null, \"__rerun_remap_job_id__\": null}",
            "tool_version": "2.1.0+galaxy5",
            "type": "tool",
            "uuid": "ffd19b3c-7204-4ec2-b1c9-29d4875c78fa",
            "when": null,
            "workflow_outputs": [
                {
                    "label": null,
                    "output_name": "output_alignments",
                    "uuid": "fb6a64de-b3ce-45f8-9d62-66f554a01df4"
                }
            ]
        },
        "22": {
            "annotation": "",
            "content_id": "toolshed.g2.bx.psu.edu/repos/iuc/hisat2/hisat2/2.1.0+galaxy5",
            "errors": null,
            "id": 22,
            "input_connections": {
                "library|input_1": {
                    "id": 10,
                    "output_name": "output"
                },
                "library|input_2": {
                    "id": 12,
                    "output_name": "output"
                }
            },
            "inputs": [],
            "label": "HISAT2_WT_20wk_AL4_L2",
            "name": "HISAT2",
            "outputs": [
                {
                    "name": "output_alignments",
                    "type": "bam"
                }
            ],
            "position": {
                "bottom": 679.625,
                "height": 91,
                "left": 833.6953125,
                "right": 933.6953125,
                "top": 588.625,
                "width": 100,
                "x": 833.6953125,
                "y": 588.625
            },
            "post_job_actions": {},
            "tool_id": "toolshed.g2.bx.psu.edu/repos/iuc/hisat2/hisat2/2.1.0+galaxy5",
            "tool_shed_repository": {
                "changeset_revision": "0c16cad5e03b",
                "name": "hisat2",
                "owner": "iuc",
                "tool_shed": "toolshed.g2.bx.psu.edu"
            },
            "tool_state": "{\"__job_resource\": {\"__job_resource__select\": \"no\", \"__current_case__\": 0}, \"adv\": {\"input_options\": {\"input_options_selector\": \"defaults\", \"__current_case__\": 0}, \"alignment_options\": {\"alignment_options_selector\": \"defaults\", \"__current_case__\": 0}, \"scoring_options\": {\"scoring_options_selector\": \"defaults\", \"__current_case__\": 0}, \"spliced_options\": {\"spliced_options_selector\": \"defaults\", \"__current_case__\": 0}, \"reporting_options\": {\"reporting_options_selector\": \"defaults\", \"__current_case__\": 0}, \"output_options\": {\"output_options_selector\": \"defaults\", \"__current_case__\": 0}, \"other_options\": {\"other_options_selector\": \"defaults\", \"__current_case__\": 0}}, \"library\": {\"type\": \"paired\", \"__current_case__\": 1, \"input_1\": {\"__class__\": \"ConnectedValue\"}, \"input_2\": {\"__class__\": \"ConnectedValue\"}, \"rna_strandness\": \"\", \"paired_options\": {\"paired_options_selector\": \"defaults\", \"__current_case__\": 0}}, \"reference_genome\": {\"source\": \"indexed\", \"__current_case__\": 0, \"index\": \"mm10\"}, \"sum\": {\"new_summary\": false, \"summary_file\": false}, \"__page__\": null, \"__rerun_remap_job_id__\": null}",
            "tool_version": "2.1.0+galaxy5",
            "type": "tool",
            "uuid": "92353735-ded0-4297-8e39-1a5e382f5586",
            "when": null,
            "workflow_outputs": [
                {
                    "label": null,
                    "output_name": "output_alignments",
                    "uuid": "a87b0c15-080c-4dc4-919c-6bd92538b37a"
                }
            ]
        },
        "23": {
            "annotation": "",
            "content_id": "toolshed.g2.bx.psu.edu/repos/iuc/hisat2/hisat2/2.1.0+galaxy5",
            "errors": null,
            "id": 23,
            "input_connections": {
                "library|input_1": {
                    "id": 13,
                    "output_name": "output"
                },
                "library|input_2": {
                    "id": 15,
                    "output_name": "output"
                }
            },
            "inputs": [],
            "label": "HISAT2_WT_20wk_AL2_L2",
            "name": "HISAT2",
            "outputs": [
                {
                    "name": "output_alignments",
                    "type": "bam"
                }
            ],
            "position": {
                "bottom": 581.734375,
                "height": 91,
                "left": 758.6328125,
                "right": 858.6328125,
                "top": 490.734375,
                "width": 100,
                "x": 758.6328125,
                "y": 490.734375
            },
            "post_job_actions": {},
            "tool_id": "toolshed.g2.bx.psu.edu/repos/iuc/hisat2/hisat2/2.1.0+galaxy5",
            "tool_shed_repository": {
                "changeset_revision": "0c16cad5e03b",
                "name": "hisat2",
                "owner": "iuc",
                "tool_shed": "toolshed.g2.bx.psu.edu"
            },
            "tool_state": "{\"__job_resource\": {\"__job_resource__select\": \"no\", \"__current_case__\": 0}, \"adv\": {\"input_options\": {\"input_options_selector\": \"defaults\", \"__current_case__\": 0}, \"alignment_options\": {\"alignment_options_selector\": \"defaults\", \"__current_case__\": 0}, \"scoring_options\": {\"scoring_options_selector\": \"defaults\", \"__current_case__\": 0}, \"spliced_options\": {\"spliced_options_selector\": \"defaults\", \"__current_case__\": 0}, \"reporting_options\": {\"reporting_options_selector\": \"defaults\", \"__current_case__\": 0}, \"output_options\": {\"output_options_selector\": \"defaults\", \"__current_case__\": 0}, \"other_options\": {\"other_options_selector\": \"defaults\", \"__current_case__\": 0}}, \"library\": {\"type\": \"paired\", \"__current_case__\": 1, \"input_1\": {\"__class__\": \"ConnectedValue\"}, \"input_2\": {\"__class__\": \"ConnectedValue\"}, \"rna_strandness\": \"\", \"paired_options\": {\"paired_options_selector\": \"defaults\", \"__current_case__\": 0}}, \"reference_genome\": {\"source\": \"indexed\", \"__current_case__\": 0, \"index\": \"mm10\"}, \"sum\": {\"new_summary\": false, \"summary_file\": false}, \"__page__\": null, \"__rerun_remap_job_id__\": null}",
            "tool_version": "2.1.0+galaxy5",
            "type": "tool",
            "uuid": "5e6e5550-a8de-4bf6-9964-0f13268ea98a",
            "when": null,
            "workflow_outputs": [
                {
                    "label": null,
                    "output_name": "output_alignments",
                    "uuid": "26a4d3de-45b5-4e3d-a7be-ef4624eca8c4"
                }
            ]
        },
        "24": {
            "annotation": "",
            "content_id": "toolshed.g2.bx.psu.edu/repos/iuc/hisat2/hisat2/2.1.0+galaxy5",
            "errors": null,
            "id": 24,
            "input_connections": {
                "library|input_1": {
                    "id": 14,
                    "output_name": "output"
                },
                "library|input_2": {
                    "id": 16,
                    "output_name": "output"
                }
            },
            "inputs": [],
            "label": "HISAT2_WT_20wk_AL4_L1",
            "name": "HISAT2",
            "outputs": [
                {
                    "name": "output_alignments",
                    "type": "bam"
                }
            ],
            "position": {
                "bottom": 606.3203125,
                "height": 91,
                "left": 829.703125,
                "right": 929.703125,
                "top": 515.3203125,
                "width": 100,
                "x": 829.703125,
                "y": 515.3203125
            },
            "post_job_actions": {},
            "tool_id": "toolshed.g2.bx.psu.edu/repos/iuc/hisat2/hisat2/2.1.0+galaxy5",
            "tool_shed_repository": {
                "changeset_revision": "0c16cad5e03b",
                "name": "hisat2",
                "owner": "iuc",
                "tool_shed": "toolshed.g2.bx.psu.edu"
            },
            "tool_state": "{\"__job_resource\": {\"__job_resource__select\": \"no\", \"__current_case__\": 0}, \"adv\": {\"input_options\": {\"input_options_selector\": \"defaults\", \"__current_case__\": 0}, \"alignment_options\": {\"alignment_options_selector\": \"defaults\", \"__current_case__\": 0}, \"scoring_options\": {\"scoring_options_selector\": \"defaults\", \"__current_case__\": 0}, \"spliced_options\": {\"spliced_options_selector\": \"defaults\", \"__current_case__\": 0}, \"reporting_options\": {\"reporting_options_selector\": \"defaults\", \"__current_case__\": 0}, \"output_options\": {\"output_options_selector\": \"defaults\", \"__current_case__\": 0}, \"other_options\": {\"other_options_selector\": \"defaults\", \"__current_case__\": 0}}, \"library\": {\"type\": \"paired\", \"__current_case__\": 1, \"input_1\": {\"__class__\": \"ConnectedValue\"}, \"input_2\": {\"__class__\": \"ConnectedValue\"}, \"rna_strandness\": \"\", \"paired_options\": {\"paired_options_selector\": \"defaults\", \"__current_case__\": 0}}, \"reference_genome\": {\"source\": \"indexed\", \"__current_case__\": 0, \"index\": \"mm10\"}, \"sum\": {\"new_summary\": false, \"summary_file\": false}, \"__page__\": null, \"__rerun_remap_job_id__\": null}",
            "tool_version": "2.1.0+galaxy5",
            "type": "tool",
            "uuid": "4b885073-2ac7-4999-8a50-db6c74140f24",
            "when": null,
            "workflow_outputs": [
                {
                    "label": null,
                    "output_name": "output_alignments",
                    "uuid": "fbef229f-4906-4cba-8127-e06a3c78c46b"
                }
            ]
        },
        "25": {
            "annotation": "",
            "content_id": "toolshed.g2.bx.psu.edu/repos/iuc/featurecounts/featurecounts/1.6.4+galaxy2",
            "errors": null,
            "id": 25,
            "input_connections": {
                "alignment": {
                    "id": 17,
                    "output_name": "output_alignments"
                },
                "anno|reference_gene_sets": {
                    "id": 11,
                    "output_name": "output"
                }
            },
            "inputs": [
                {
                    "description": "runtime parameter for tool featureCounts",
                    "name": "alignment"
                },
                {
                    "description": "runtime parameter for tool featureCounts",
                    "name": "anno"
                }
            ],
            "label": "Count_WT_20wk_AL3_L1",
            "name": "featureCounts",
            "outputs": [
                {
                    "name": "output_short",
                    "type": "tabular"
                },
                {
                    "name": "output_summary",
                    "type": "tabular"
                },
                {
                    "name": "output_feature_lengths",
                    "type": "tabular"
                }
            ],
            "position": {
                "bottom": 156.9140625,
                "height": 161,
                "left": 944.7890625,
                "right": 1044.7890625,
                "top": -4.0859375,
                "width": 100,
                "x": 944.7890625,
                "y": -4.0859375
            },
            "post_job_actions": {},
            "tool_id": "toolshed.g2.bx.psu.edu/repos/iuc/featurecounts/featurecounts/1.6.4+galaxy2",
            "tool_shed_repository": {
                "changeset_revision": "90d16db017d7",
                "name": "featurecounts",
                "owner": "iuc",
                "tool_shed": "toolshed.g2.bx.psu.edu"
            },
            "tool_state": "{\"__job_resource\": {\"__job_resource__select\": \"no\", \"__current_case__\": 0}, \"alignment\": {\"__class__\": \"RuntimeValue\"}, \"anno\": {\"anno_select\": \"history\", \"__current_case__\": 2, \"reference_gene_sets\": {\"__class__\": \"RuntimeValue\"}}, \"extended_parameters\": {\"gff_feature_type\": \"exon\", \"gff_feature_attribute\": \"gene_id\", \"summarization_level\": false, \"multifeatures\": {\"multifeat\": \"\", \"__current_case__\": 0}, \"mapping_quality\": \"0\", \"exon_exon_junction_read_counting_enabled\": {\"count_exon_exon_junction_reads\": false, \"__current_case__\": 1}, \"long_reads\": false, \"by_read_group\": false, \"largest_overlap\": false, \"min_overlap\": \"1\", \"frac_overlap\": \"0\", \"frac_overlap_feature\": \"0\", \"read_extension_5p\": \"0\", \"read_extension_3p\": \"0\", \"read_reduction\": \"\", \"primary\": false, \"ignore_dup\": false, \"R\": false, \"count_split_alignments_only\": false}, \"format\": \"tabdel_short\", \"include_feature_length_file\": true, \"pe_parameters\": {\"fragment_counting_enabled\": {\"fragment_counting\": \"\", \"__current_case__\": 1}, \"only_both_ends\": false, \"exclude_chimerics\": true}, \"strand_specificity\": \"0\", \"__page__\": null, \"__rerun_remap_job_id__\": null}",
            "tool_version": "1.6.4+galaxy2",
            "type": "tool",
            "uuid": "b2456339-bdf2-45c8-a86e-6d518344a73b",
            "when": null,
            "workflow_outputs": [
                {
                    "label": null,
                    "output_name": "output_short",
                    "uuid": "bc494aea-89f1-4f34-bd30-b934a884d76c"
                },
                {
                    "label": null,
                    "output_name": "output_summary",
                    "uuid": "307f121a-c583-468e-9b05-5d2a6d7d453c"
                },
                {
                    "label": null,
                    "output_name": "output_feature_lengths",
                    "uuid": "b8d5abb7-2c8b-4072-ac0b-f85b7deb9d22"
                }
            ]
        },
        "26": {
            "annotation": "",
            "content_id": "toolshed.g2.bx.psu.edu/repos/iuc/featurecounts/featurecounts/1.6.4+galaxy2",
            "errors": null,
            "id": 26,
            "input_connections": {
                "alignment": {
                    "id": 18,
                    "output_name": "output_alignments"
                },
                "anno|reference_gene_sets": {
                    "id": 11,
                    "output_name": "output"
                }
            },
            "inputs": [
                {
                    "description": "runtime parameter for tool featureCounts",
                    "name": "alignment"
                },
                {
                    "description": "runtime parameter for tool featureCounts",
                    "name": "anno"
                }
            ],
            "label": "Count_WT_20wk_AL1_L1",
            "name": "featureCounts",
            "outputs": [
                {
                    "name": "output_short",
                    "type": "tabular"
                },
                {
                    "name": "output_summary",
                    "type": "tabular"
                },
                {
                    "name": "output_feature_lengths",
                    "type": "tabular"
                }
            ],
            "position": {
                "bottom": 156.65625,
                "height": 161,
                "left": 1047.796875,
                "right": 1147.796875,
                "top": -4.34375,
                "width": 100,
                "x": 1047.796875,
                "y": -4.34375
            },
            "post_job_actions": {},
            "tool_id": "toolshed.g2.bx.psu.edu/repos/iuc/featurecounts/featurecounts/1.6.4+galaxy2",
            "tool_shed_repository": {
                "changeset_revision": "90d16db017d7",
                "name": "featurecounts",
                "owner": "iuc",
                "tool_shed": "toolshed.g2.bx.psu.edu"
            },
            "tool_state": "{\"__job_resource\": {\"__job_resource__select\": \"no\", \"__current_case__\": 0}, \"alignment\": {\"__class__\": \"RuntimeValue\"}, \"anno\": {\"anno_select\": \"history\", \"__current_case__\": 2, \"reference_gene_sets\": {\"__class__\": \"RuntimeValue\"}}, \"extended_parameters\": {\"gff_feature_type\": \"exon\", \"gff_feature_attribute\": \"gene_id\", \"summarization_level\": false, \"multifeatures\": {\"multifeat\": \"\", \"__current_case__\": 0}, \"mapping_quality\": \"0\", \"exon_exon_junction_read_counting_enabled\": {\"count_exon_exon_junction_reads\": false, \"__current_case__\": 1}, \"long_reads\": false, \"by_read_group\": false, \"largest_overlap\": false, \"min_overlap\": \"1\", \"frac_overlap\": \"0\", \"frac_overlap_feature\": \"0\", \"read_extension_5p\": \"0\", \"read_extension_3p\": \"0\", \"read_reduction\": \"\", \"primary\": false, \"ignore_dup\": false, \"R\": false, \"count_split_alignments_only\": false}, \"format\": \"tabdel_short\", \"include_feature_length_file\": true, \"pe_parameters\": {\"fragment_counting_enabled\": {\"fragment_counting\": \"\", \"__current_case__\": 1}, \"only_both_ends\": false, \"exclude_chimerics\": true}, \"strand_specificity\": \"0\", \"__page__\": null, \"__rerun_remap_job_id__\": null}",
            "tool_version": "1.6.4+galaxy2",
            "type": "tool",
            "uuid": "86996ff0-6420-4a5a-ad55-41b32b5c5722",
            "when": null,
            "workflow_outputs": [
                {
                    "label": null,
                    "output_name": "output_short",
                    "uuid": "0f6fc0f9-31df-4362-95ed-43b244a55197"
                },
                {
                    "label": null,
                    "output_name": "output_summary",
                    "uuid": "c3315702-6c49-4bd1-9b2f-53a1215e70bb"
                },
                {
                    "label": null,
                    "output_name": "output_feature_lengths",
                    "uuid": "f22008e6-1d70-42be-85e9-b721c4a1d6a3"
                }
            ]
        },
        "27": {
            "annotation": "",
            "content_id": "toolshed.g2.bx.psu.edu/repos/iuc/featurecounts/featurecounts/1.6.4+galaxy2",
            "errors": null,
            "id": 27,
            "input_connections": {
                "alignment": {
                    "id": 19,
                    "output_name": "output_alignments"
                },
                "anno|reference_gene_sets": {
                    "id": 11,
                    "output_name": "output"
                }
            },
            "inputs": [
                {
                    "description": "runtime parameter for tool featureCounts",
                    "name": "alignment"
                },
                {
                    "description": "runtime parameter for tool featureCounts",
                    "name": "anno"
                }
            ],
            "label": "Count_WT_20wk_AL1_L2",
            "name": "featureCounts",
            "outputs": [
                {
                    "name": "output_short",
                    "type": "tabular"
                },
                {
                    "name": "output_summary",
                    "type": "tabular"
                },
                {
                    "name": "output_feature_lengths",
                    "type": "tabular"
                }
            ],
            "position": {
                "bottom": 323.53125,
                "height": 161,
                "left": 1045.1484375,
                "right": 1145.1484375,
                "top": 162.53125,
                "width": 100,
                "x": 1045.1484375,
                "y": 162.53125
            },
            "post_job_actions": {},
            "tool_id": "toolshed.g2.bx.psu.edu/repos/iuc/featurecounts/featurecounts/1.6.4+galaxy2",
            "tool_shed_repository": {
                "changeset_revision": "90d16db017d7",
                "name": "featurecounts",
                "owner": "iuc",
                "tool_shed": "toolshed.g2.bx.psu.edu"
            },
            "tool_state": "{\"__job_resource\": {\"__job_resource__select\": \"no\", \"__current_case__\": 0}, \"alignment\": {\"__class__\": \"RuntimeValue\"}, \"anno\": {\"anno_select\": \"history\", \"__current_case__\": 2, \"reference_gene_sets\": {\"__class__\": \"RuntimeValue\"}}, \"extended_parameters\": {\"gff_feature_type\": \"exon\", \"gff_feature_attribute\": \"gene_id\", \"summarization_level\": false, \"multifeatures\": {\"multifeat\": \"\", \"__current_case__\": 0}, \"mapping_quality\": \"0\", \"exon_exon_junction_read_counting_enabled\": {\"count_exon_exon_junction_reads\": false, \"__current_case__\": 1}, \"long_reads\": false, \"by_read_group\": false, \"largest_overlap\": false, \"min_overlap\": \"1\", \"frac_overlap\": \"0\", \"frac_overlap_feature\": \"0\", \"read_extension_5p\": \"0\", \"read_extension_3p\": \"0\", \"read_reduction\": \"\", \"primary\": false, \"ignore_dup\": false, \"R\": false, \"count_split_alignments_only\": false}, \"format\": \"tabdel_short\", \"include_feature_length_file\": true, \"pe_parameters\": {\"fragment_counting_enabled\": {\"fragment_counting\": \"\", \"__current_case__\": 1}, \"only_both_ends\": false, \"exclude_chimerics\": true}, \"strand_specificity\": \"0\", \"__page__\": null, \"__rerun_remap_job_id__\": null}",
            "tool_version": "1.6.4+galaxy2",
            "type": "tool",
            "uuid": "28eaefdb-f5ec-4044-870e-f7d1b57016e7",
            "when": null,
            "workflow_outputs": [
                {
                    "label": null,
                    "output_name": "output_feature_lengths",
                    "uuid": "6399ddfe-9868-40cd-a77c-cca119277588"
                },
                {
                    "label": null,
                    "output_name": "output_short",
                    "uuid": "860ccced-2de4-4742-9a0d-290751347242"
                },
                {
                    "label": null,
                    "output_name": "output_summary",
                    "uuid": "42d7614d-d825-4677-b650-2e8d2ab7353a"
                }
            ]
        },
        "28": {
            "annotation": "",
            "content_id": "toolshed.g2.bx.psu.edu/repos/iuc/featurecounts/featurecounts/1.6.4+galaxy2",
            "errors": null,
            "id": 28,
            "input_connections": {
                "alignment": {
                    "id": 20,
                    "output_name": "output_alignments"
                },
                "anno|reference_gene_sets": {
                    "id": 11,
                    "output_name": "output"
                }
            },
            "inputs": [
                {
                    "description": "runtime parameter for tool featureCounts",
                    "name": "alignment"
                },
                {
                    "description": "runtime parameter for tool featureCounts",
                    "name": "anno"
                }
            ],
            "label": "Count_WT_20wk_AL2_L1",
            "name": "featureCounts",
            "outputs": [
                {
                    "name": "output_short",
                    "type": "tabular"
                },
                {
                    "name": "output_summary",
                    "type": "tabular"
                },
                {
                    "name": "output_feature_lengths",
                    "type": "tabular"
                }
            ],
            "position": {
                "bottom": 483.5390625,
                "height": 161,
                "left": 1042.71875,
                "right": 1142.71875,
                "top": 322.5390625,
                "width": 100,
                "x": 1042.71875,
                "y": 322.5390625
            },
            "post_job_actions": {},
            "tool_id": "toolshed.g2.bx.psu.edu/repos/iuc/featurecounts/featurecounts/1.6.4+galaxy2",
            "tool_shed_repository": {
                "changeset_revision": "90d16db017d7",
                "name": "featurecounts",
                "owner": "iuc",
                "tool_shed": "toolshed.g2.bx.psu.edu"
            },
            "tool_state": "{\"__job_resource\": {\"__job_resource__select\": \"no\", \"__current_case__\": 0}, \"alignment\": {\"__class__\": \"RuntimeValue\"}, \"anno\": {\"anno_select\": \"history\", \"__current_case__\": 2, \"reference_gene_sets\": {\"__class__\": \"RuntimeValue\"}}, \"extended_parameters\": {\"gff_feature_type\": \"exon\", \"gff_feature_attribute\": \"gene_id\", \"summarization_level\": false, \"multifeatures\": {\"multifeat\": \"\", \"__current_case__\": 0}, \"mapping_quality\": \"0\", \"exon_exon_junction_read_counting_enabled\": {\"count_exon_exon_junction_reads\": false, \"__current_case__\": 1}, \"long_reads\": false, \"by_read_group\": false, \"largest_overlap\": false, \"min_overlap\": \"1\", \"frac_overlap\": \"0\", \"frac_overlap_feature\": \"0\", \"read_extension_5p\": \"0\", \"read_extension_3p\": \"0\", \"read_reduction\": \"\", \"primary\": false, \"ignore_dup\": false, \"R\": false, \"count_split_alignments_only\": false}, \"format\": \"tabdel_short\", \"include_feature_length_file\": true, \"pe_parameters\": {\"fragment_counting_enabled\": {\"fragment_counting\": \"\", \"__current_case__\": 1}, \"only_both_ends\": false, \"exclude_chimerics\": true}, \"strand_specificity\": \"0\", \"__page__\": null, \"__rerun_remap_job_id__\": null}",
            "tool_version": "1.6.4+galaxy2",
            "type": "tool",
            "uuid": "c6589512-d271-477d-892f-a67d92849221",
            "when": null,
            "workflow_outputs": [
                {
                    "label": null,
                    "output_name": "output_feature_lengths",
                    "uuid": "73dea916-fdf4-4f51-8738-5416ba4fea13"
                },
                {
                    "label": null,
                    "output_name": "output_short",
                    "uuid": "e1ca76d4-87ad-453d-b0b8-b754f3d9e261"
                },
                {
                    "label": null,
                    "output_name": "output_summary",
                    "uuid": "f8533739-e299-400a-8576-3b3170445d20"
                }
            ]
        },
        "29": {
            "annotation": "",
            "content_id": "toolshed.g2.bx.psu.edu/repos/iuc/featurecounts/featurecounts/1.6.4+galaxy2",
            "errors": null,
            "id": 29,
            "input_connections": {
                "alignment": {
                    "id": 21,
                    "output_name": "output_alignments"
                },
                "anno|reference_gene_sets": {
                    "id": 11,
                    "output_name": "output"
                }
            },
            "inputs": [
                {
                    "description": "runtime parameter for tool featureCounts",
                    "name": "alignment"
                },
                {
                    "description": "runtime parameter for tool featureCounts",
                    "name": "anno"
                }
            ],
            "label": "Count_WT_20wk_AL3_L2",
            "name": "featureCounts",
            "outputs": [
                {
                    "name": "output_short",
                    "type": "tabular"
                },
                {
                    "name": "output_summary",
                    "type": "tabular"
                },
                {
                    "name": "output_feature_lengths",
                    "type": "tabular"
                }
            ],
            "position": {
                "bottom": 319.640625,
                "height": 161,
                "left": 936.53125,
                "right": 1036.53125,
                "top": 158.640625,
                "width": 100,
                "x": 936.53125,
                "y": 158.640625
            },
            "post_job_actions": {},
            "tool_id": "toolshed.g2.bx.psu.edu/repos/iuc/featurecounts/featurecounts/1.6.4+galaxy2",
            "tool_shed_repository": {
                "changeset_revision": "90d16db017d7",
                "name": "featurecounts",
                "owner": "iuc",
                "tool_shed": "toolshed.g2.bx.psu.edu"
            },
            "tool_state": "{\"__job_resource\": {\"__job_resource__select\": \"no\", \"__current_case__\": 0}, \"alignment\": {\"__class__\": \"RuntimeValue\"}, \"anno\": {\"anno_select\": \"history\", \"__current_case__\": 2, \"reference_gene_sets\": {\"__class__\": \"RuntimeValue\"}}, \"extended_parameters\": {\"gff_feature_type\": \"exon\", \"gff_feature_attribute\": \"gene_id\", \"summarization_level\": false, \"multifeatures\": {\"multifeat\": \"\", \"__current_case__\": 0}, \"mapping_quality\": \"0\", \"exon_exon_junction_read_counting_enabled\": {\"count_exon_exon_junction_reads\": false, \"__current_case__\": 1}, \"long_reads\": false, \"by_read_group\": false, \"largest_overlap\": false, \"min_overlap\": \"1\", \"frac_overlap\": \"0\", \"frac_overlap_feature\": \"0\", \"read_extension_5p\": \"0\", \"read_extension_3p\": \"0\", \"read_reduction\": \"\", \"primary\": false, \"ignore_dup\": false, \"R\": false, \"count_split_alignments_only\": false}, \"format\": \"tabdel_short\", \"include_feature_length_file\": true, \"pe_parameters\": {\"fragment_counting_enabled\": {\"fragment_counting\": \"\", \"__current_case__\": 1}, \"only_both_ends\": false, \"exclude_chimerics\": true}, \"strand_specificity\": \"0\", \"__page__\": null, \"__rerun_remap_job_id__\": null}",
            "tool_version": "1.6.4+galaxy2",
            "type": "tool",
            "uuid": "e8421742-a901-4bbe-a944-52697de03c70",
            "when": null,
            "workflow_outputs": [
                {
                    "label": null,
                    "output_name": "output_short",
                    "uuid": "f6d0809b-0f5e-4c65-96d4-93e4d0534e63"
                },
                {
                    "label": null,
                    "output_name": "output_summary",
                    "uuid": "9a7ae65d-9a88-40ba-8c9b-35249f8609d9"
                },
                {
                    "label": null,
                    "output_name": "output_feature_lengths",
                    "uuid": "84d7da87-2027-43df-bb53-91f39b49f065"
                }
            ]
        },
        "30": {
            "annotation": "",
            "content_id": "toolshed.g2.bx.psu.edu/repos/iuc/featurecounts/featurecounts/1.6.4+galaxy2",
            "errors": null,
            "id": 30,
            "input_connections": {
                "alignment": {
                    "id": 22,
                    "output_name": "output_alignments"
                },
                "anno|reference_gene_sets": {
                    "id": 11,
                    "output_name": "output"
                }
            },
            "inputs": [
                {
                    "description": "runtime parameter for tool featureCounts",
                    "name": "alignment"
                },
                {
                    "description": "runtime parameter for tool featureCounts",
                    "name": "anno"
                }
            ],
            "label": "Count_WT_20wk_AL4_L2",
            "name": "featureCounts",
            "outputs": [
                {
                    "name": "output_short",
                    "type": "tabular"
                },
                {
                    "name": "output_summary",
                    "type": "tabular"
                },
                {
                    "name": "output_feature_lengths",
                    "type": "tabular"
                }
            ],
            "position": {
                "bottom": 664.7890625,
                "height": 161,
                "left": 977.0234375,
                "right": 1077.0234375,
                "top": 503.7890625,
                "width": 100,
                "x": 977.0234375,
                "y": 503.7890625
            },
            "post_job_actions": {},
            "tool_id": "toolshed.g2.bx.psu.edu/repos/iuc/featurecounts/featurecounts/1.6.4+galaxy2",
            "tool_shed_repository": {
                "changeset_revision": "90d16db017d7",
                "name": "featurecounts",
                "owner": "iuc",
                "tool_shed": "toolshed.g2.bx.psu.edu"
            },
            "tool_state": "{\"__job_resource\": {\"__job_resource__select\": \"no\", \"__current_case__\": 0}, \"alignment\": {\"__class__\": \"RuntimeValue\"}, \"anno\": {\"anno_select\": \"history\", \"__current_case__\": 2, \"reference_gene_sets\": {\"__class__\": \"RuntimeValue\"}}, \"extended_parameters\": {\"gff_feature_type\": \"exon\", \"gff_feature_attribute\": \"gene_id\", \"summarization_level\": false, \"multifeatures\": {\"multifeat\": \"\", \"__current_case__\": 0}, \"mapping_quality\": \"0\", \"exon_exon_junction_read_counting_enabled\": {\"count_exon_exon_junction_reads\": false, \"__current_case__\": 1}, \"long_reads\": false, \"by_read_group\": false, \"largest_overlap\": false, \"min_overlap\": \"1\", \"frac_overlap\": \"0\", \"frac_overlap_feature\": \"0\", \"read_extension_5p\": \"0\", \"read_extension_3p\": \"0\", \"read_reduction\": \"\", \"primary\": false, \"ignore_dup\": false, \"R\": false, \"count_split_alignments_only\": false}, \"format\": \"tabdel_short\", \"include_feature_length_file\": true, \"pe_parameters\": {\"fragment_counting_enabled\": {\"fragment_counting\": \"\", \"__current_case__\": 1}, \"only_both_ends\": false, \"exclude_chimerics\": true}, \"strand_specificity\": \"0\", \"__page__\": null, \"__rerun_remap_job_id__\": null}",
            "tool_version": "1.6.4+galaxy2",
            "type": "tool",
            "uuid": "7bfef0b0-37bf-4bc1-a92f-9748f3014fe8",
            "when": null,
            "workflow_outputs": [
                {
                    "label": null,
                    "output_name": "output_short",
                    "uuid": "2d6000f5-5c35-49bf-b358-eb1ba07e8aff"
                },
                {
                    "label": null,
                    "output_name": "output_feature_lengths",
                    "uuid": "1f56495b-9520-408a-ae3f-0faf88a66b46"
                },
                {
                    "label": null,
                    "output_name": "output_summary",
                    "uuid": "a28ea8ea-5983-4ebd-9aa4-5f50b4f3ea91"
                }
            ]
        },
        "31": {
            "annotation": "",
            "content_id": "toolshed.g2.bx.psu.edu/repos/iuc/featurecounts/featurecounts/1.6.4+galaxy2",
            "errors": null,
            "id": 31,
            "input_connections": {
                "alignment": {
                    "id": 23,
                    "output_name": "output_alignments"
                },
                "anno|reference_gene_sets": {
                    "id": 11,
                    "output_name": "output"
                }
            },
            "inputs": [
                {
                    "description": "runtime parameter for tool featureCounts",
                    "name": "alignment"
                },
                {
                    "description": "runtime parameter for tool featureCounts",
                    "name": "anno"
                }
            ],
            "label": "Count_WT_20wk_AL2_L2",
            "name": "featureCounts",
            "outputs": [
                {
                    "name": "output_short",
                    "type": "tabular"
                },
                {
                    "name": "output_summary",
                    "type": "tabular"
                },
                {
                    "name": "output_feature_lengths",
                    "type": "tabular"
                }
            ],
            "position": {
                "bottom": 664.9296875,
                "height": 161,
                "left": 1082.4765625,
                "right": 1182.4765625,
                "top": 503.9296875,
                "width": 100,
                "x": 1082.4765625,
                "y": 503.9296875
            },
            "post_job_actions": {},
            "tool_id": "toolshed.g2.bx.psu.edu/repos/iuc/featurecounts/featurecounts/1.6.4+galaxy2",
            "tool_shed_repository": {
                "changeset_revision": "90d16db017d7",
                "name": "featurecounts",
                "owner": "iuc",
                "tool_shed": "toolshed.g2.bx.psu.edu"
            },
            "tool_state": "{\"__job_resource\": {\"__job_resource__select\": \"no\", \"__current_case__\": 0}, \"alignment\": {\"__class__\": \"RuntimeValue\"}, \"anno\": {\"anno_select\": \"history\", \"__current_case__\": 2, \"reference_gene_sets\": {\"__class__\": \"RuntimeValue\"}}, \"extended_parameters\": {\"gff_feature_type\": \"exon\", \"gff_feature_attribute\": \"gene_id\", \"summarization_level\": false, \"multifeatures\": {\"multifeat\": \"\", \"__current_case__\": 0}, \"mapping_quality\": \"0\", \"exon_exon_junction_read_counting_enabled\": {\"count_exon_exon_junction_reads\": false, \"__current_case__\": 1}, \"long_reads\": false, \"by_read_group\": false, \"largest_overlap\": false, \"min_overlap\": \"1\", \"frac_overlap\": \"0\", \"frac_overlap_feature\": \"0\", \"read_extension_5p\": \"0\", \"read_extension_3p\": \"0\", \"read_reduction\": \"\", \"primary\": false, \"ignore_dup\": false, \"R\": false, \"count_split_alignments_only\": false}, \"format\": \"tabdel_short\", \"include_feature_length_file\": true, \"pe_parameters\": {\"fragment_counting_enabled\": {\"fragment_counting\": \"\", \"__current_case__\": 1}, \"only_both_ends\": false, \"exclude_chimerics\": true}, \"strand_specificity\": \"0\", \"__page__\": null, \"__rerun_remap_job_id__\": null}",
            "tool_version": "1.6.4+galaxy2",
            "type": "tool",
            "uuid": "0dbec898-68be-4b84-9dba-cd357d03e9f5",
            "when": null,
            "workflow_outputs": [
                {
                    "label": null,
                    "output_name": "output_summary",
                    "uuid": "d6c5b4c6-9489-41ac-8c23-390f11bb3932"
                },
                {
                    "label": null,
                    "output_name": "output_feature_lengths",
                    "uuid": "2f87d65b-9a47-4811-b696-5a295caaa5b0"
                },
                {
                    "label": null,
                    "output_name": "output_short",
                    "uuid": "ee0183ee-9da8-4b34-83d4-160ce61269cd"
                }
            ]
        },
        "32": {
            "annotation": "",
            "content_id": "toolshed.g2.bx.psu.edu/repos/iuc/featurecounts/featurecounts/1.6.4+galaxy2",
            "errors": null,
            "id": 32,
            "input_connections": {
                "alignment": {
                    "id": 24,
                    "output_name": "output_alignments"
                },
                "anno|reference_gene_sets": {
                    "id": 11,
                    "output_name": "output"
                }
            },
            "inputs": [
                {
                    "description": "runtime parameter for tool featureCounts",
                    "name": "alignment"
                },
                {
                    "description": "runtime parameter for tool featureCounts",
                    "name": "anno"
                }
            ],
            "label": "Count_WT_20wk_AL4_L1",
            "name": "featureCounts",
            "outputs": [
                {
                    "name": "output_short",
                    "type": "tabular"
                },
                {
                    "name": "output_summary",
                    "type": "tabular"
                },
                {
                    "name": "output_feature_lengths",
                    "type": "tabular"
                }
            ],
            "position": {
                "bottom": 488.046875,
                "height": 161,
                "left": 944.2109375,
                "right": 1044.2109375,
                "top": 327.046875,
                "width": 100,
                "x": 944.2109375,
                "y": 327.046875
            },
            "post_job_actions": {},
            "tool_id": "toolshed.g2.bx.psu.edu/repos/iuc/featurecounts/featurecounts/1.6.4+galaxy2",
            "tool_shed_repository": {
                "changeset_revision": "90d16db017d7",
                "name": "featurecounts",
                "owner": "iuc",
                "tool_shed": "toolshed.g2.bx.psu.edu"
            },
            "tool_state": "{\"__job_resource\": {\"__job_resource__select\": \"no\", \"__current_case__\": 0}, \"alignment\": {\"__class__\": \"RuntimeValue\"}, \"anno\": {\"anno_select\": \"history\", \"__current_case__\": 2, \"reference_gene_sets\": {\"__class__\": \"RuntimeValue\"}}, \"extended_parameters\": {\"gff_feature_type\": \"exon\", \"gff_feature_attribute\": \"gene_id\", \"summarization_level\": false, \"multifeatures\": {\"multifeat\": \"\", \"__current_case__\": 0}, \"mapping_quality\": \"0\", \"exon_exon_junction_read_counting_enabled\": {\"count_exon_exon_junction_reads\": false, \"__current_case__\": 1}, \"long_reads\": false, \"by_read_group\": false, \"largest_overlap\": false, \"min_overlap\": \"1\", \"frac_overlap\": \"0\", \"frac_overlap_feature\": \"0\", \"read_extension_5p\": \"0\", \"read_extension_3p\": \"0\", \"read_reduction\": \"\", \"primary\": false, \"ignore_dup\": false, \"R\": false, \"count_split_alignments_only\": false}, \"format\": \"tabdel_short\", \"include_feature_length_file\": true, \"pe_parameters\": {\"fragment_counting_enabled\": {\"fragment_counting\": \"\", \"__current_case__\": 1}, \"only_both_ends\": false, \"exclude_chimerics\": true}, \"strand_specificity\": \"0\", \"__page__\": null, \"__rerun_remap_job_id__\": null}",
            "tool_version": "1.6.4+galaxy2",
            "type": "tool",
            "uuid": "717f6fac-3b4e-4871-ae1d-665ab9f7c503",
            "when": null,
            "workflow_outputs": [
                {
                    "label": null,
                    "output_name": "output_summary",
                    "uuid": "409ab43c-30bb-4586-a97b-461c346a6b83"
                },
                {
                    "label": null,
                    "output_name": "output_short",
                    "uuid": "a65206b0-1c15-48ac-972a-e55f154e8d42"
                },
                {
                    "label": null,
                    "output_name": "output_feature_lengths",
                    "uuid": "0f998cd8-a3df-4174-9613-63e3d91087be"
                }
            ]
        }
    },
    "tags": [],
    "uuid": "79e93496-daac-4f3d-89b2-4c3345893f1e",
    "version": 7
}