{
    "a_galaxy_workflow": "true",
    "annotation": "",
    "format-version": "0.1",
    "name": "From peaks to genes last type",
    "steps": {
        "0": {
            "annotation": "",
            "content_id": null,
            "errors": null,
            "id": 0,
            "input_connections": {},
            "inputs": [
                {
                    "description": "",
                    "name": "GSE37268_mof3.out.hpeak.txt.gz"
                }
            ],
            "label": "GSE37268_mof3.out.hpeak.txt.gz",
            "name": "Input dataset",
            "outputs": [],
            "position": {
                "bottom": 319.5999984741211,
                "height": 102.5999984741211,
                "left": 514,
                "right": 714,
                "top": 217,
                "width": 200,
                "x": 514,
                "y": 217
            },
            "tool_id": null,
            "tool_state": "{\"optional\": false, \"tag\": null}",
            "tool_version": null,
            "type": "data_input",
            "uuid": "04e1e226-85c0-4e2d-8c6b-e5aed0e073c9",
            "when": null,
            "workflow_outputs": []
        },
        "1": {
            "annotation": "",
            "content_id": null,
            "errors": null,
            "id": 1,
            "input_connections": {},
            "inputs": [
                {
                    "description": "",
                    "name": "Genes"
                }
            ],
            "label": "Genes",
            "name": "Input dataset",
            "outputs": [],
            "position": {
                "bottom": 419.79999923706055,
                "height": 61.79999923706055,
                "left": 514,
                "right": 714,
                "top": 358,
                "width": 200,
                "x": 514,
                "y": 358
            },
            "tool_id": null,
            "tool_state": "{\"optional\": false, \"tag\": \"\"}",
            "tool_version": null,
            "type": "data_input",
            "uuid": "f3864885-908b-4168-804a-4c3fe1d8c57d",
            "when": null,
            "workflow_outputs": []
        },
        "2": {
            "annotation": "",
            "content_id": "toolshed.g2.bx.psu.edu/repos/devteam/intersect/gops_intersect_1/1.0.0",
            "errors": null,
            "id": 2,
            "input_connections": {
                "input1": {
                    "id": 1,
                    "output_name": "output"
                },
                "input2": {
                    "id": 0,
                    "output_name": "output"
                }
            },
            "inputs": [],
            "label": null,
            "name": "Intersect",
            "outputs": [
                {
                    "name": "output",
                    "type": "input"
                }
            ],
            "position": {
                "bottom": 354.5999984741211,
                "height": 123.5999984741211,
                "left": 792,
                "right": 992,
                "top": 231,
                "width": 200,
                "x": 792,
                "y": 231
            },
            "post_job_actions": {},
            "tool_id": "toolshed.g2.bx.psu.edu/repos/devteam/intersect/gops_intersect_1/1.0.0",
            "tool_shed_repository": {
                "changeset_revision": "69c10b56f46d",
                "name": "intersect",
                "owner": "devteam",
                "tool_shed": "toolshed.g2.bx.psu.edu"
            },
            "tool_state": "{\"input1\": {\"__class__\": \"ConnectedValue\"}, \"input2\": {\"__class__\": \"ConnectedValue\"}, \"min\": \"1\", \"returntype\": \"\", \"__page__\": null, \"__rerun_remap_job_id__\": null}",
            "tool_version": "1.0.0",
            "type": "tool",
            "uuid": "1229d381-6eb0-4554-8312-3892a75be390",
            "when": null,
            "workflow_outputs": [
                {
                    "label": null,
                    "output_name": "output",
                    "uuid": "cb3b743d-6290-49ee-a416-fd101cdbc4c3"
                }
            ]
        },
        "3": {
            "annotation": "",
            "content_id": "Grouping1",
            "errors": null,
            "id": 3,
            "input_connections": {
                "input1": {
                    "id": 2,
                    "output_name": "output"
                }
            },
            "inputs": [],
            "label": null,
            "name": "Group",
            "outputs": [
                {
                    "name": "out_file1",
                    "type": "tabular"
                }
            ],
            "position": {
                "bottom": 358.2000045776367,
                "height": 93.20000457763672,
                "left": 1070,
                "right": 1270,
                "top": 265,
                "width": 200,
                "x": 1070,
                "y": 265
            },
            "post_job_actions": {},
            "tool_id": "Grouping1",
            "tool_state": "{\"groupcol\": \"1\", \"ignorecase\": false, \"ignorelines\": null, \"input1\": {\"__class__\": \"ConnectedValue\"}, \"operations\": [{\"__index__\": 0, \"optype\": \"length\", \"opcol\": \"1\", \"opround\": \"no\", \"opdefault\": null}], \"__page__\": null, \"__rerun_remap_job_id__\": null}",
            "tool_version": "2.1.4",
            "type": "tool",
            "uuid": "497bf011-f1b1-45f9-8e68-130e7e692980",
            "when": null,
            "workflow_outputs": [
                {
                    "label": null,
                    "output_name": "out_file1",
                    "uuid": "e99a18a9-cf2b-47b0-afe8-978dccb5eb4e"
                }
            ]
        }
    },
    "tags": [],
    "uuid": "6223042c-abc9-47ea-a68a-57b9bb8cf7e3",
    "version": 3
}