{
    "a_galaxy_workflow": "true",
    "annotation": "",
    "format-version": "0.1",
    "name": "Subtracting strains from VCF uwml",
    "steps": {
        "0": {
            "annotation": "",
            "content_id": null,
            "errors": null,
            "id": 0,
            "input_connections": {},
            "inputs": [
                {
                    "description": "",
                    "name": "Fasta reference genome"
                }
            ],
            "label": null,
            "name": "Input dataset",
            "outputs": [],
            "position": {
                "left": 199.39932298660278,
                "top": 526.6736454963684
            },
            "tool_id": null,
            "tool_state": "{\"optional\": false, \"tag\": null}",
            "tool_version": null,
            "type": "data_input",
            "uuid": "None",
            "when": null,
            "workflow_outputs": []
        },
        "1": {
            "annotation": "",
            "content_id": null,
            "errors": null,
            "id": 1,
            "input_connections": {},
            "inputs": [
                {
                    "description": "",
                    "name": "VCF of background variants to subtract"
                }
            ],
            "label": null,
            "name": "Input dataset",
            "outputs": [],
            "position": {
                "left": 609.1562809944153,
                "top": 431.4305729866028
            },
            "tool_id": null,
            "tool_state": "{\"optional\": false, \"tag\": null}",
            "tool_version": null,
            "type": "data_input",
            "uuid": "None",
            "when": null,
            "workflow_outputs": []
        },
        "2": {
            "annotation": "",
            "content_id": null,
            "errors": null,
            "id": 2,
            "input_connections": {},
            "inputs": [
                {
                    "description": "",
                    "name": "vcf file of variants"
                }
            ],
            "label": null,
            "name": "Input dataset",
            "outputs": [],
            "position": {
                "left": 564.4340596199036,
                "top": 561.7430729866028
            },
            "tool_id": null,
            "tool_state": "{\"optional\": false, \"tag\": null}",
            "tool_version": null,
            "type": "data_input",
            "uuid": "None",
            "when": null,
            "workflow_outputs": []
        },
        "3": {
            "annotation": "",
            "content_id": "toolshed.g2.bx.psu.edu/repos/devteam/variant_select/gatk_variant_select/0.0.2",
            "errors": "Tool is not installed",
            "id": 3,
            "input_connections": {
                "input_discordance": {
                    "id": 1,
                    "output_name": "output"
                },
                "reference_source|input_variant": {
                    "id": 2,
                    "output_name": "output"
                },
                "reference_source|ref_file": {
                    "id": 0,
                    "output_name": "output"
                }
            },
            "inputs": [],
            "label": null,
            "name": "toolshed.g2.bx.psu.edu/repos/devteam/variant_select/gatk_variant_select/0.0.2",
            "outputs": [],
            "position": {
                "left": 933.0278325080872,
                "top": 284.4166798591614
            },
            "post_job_actions": {},
            "tool_id": "toolshed.g2.bx.psu.edu/repos/devteam/variant_select/gatk_variant_select/0.0.2",
            "tool_state": "{\"analysis_param_type\": \"{\\\"analysis_param_type_selector\\\": \\\"basic\\\", \\\"__current_case__\\\": 0}\", \"exclude_filtered\": \"\\\"False\\\"\", \"exclude_sample_name_repeat\": \"[]\", \"gatk_param_type\": \"{\\\"gatk_param_type_selector\\\": \\\"basic\\\", \\\"__current_case__\\\": 0}\", \"input_concordance\": \"null\", \"input_discordance\": \"null\", \"reference_source\": \"{\\\"ref_file\\\": null, \\\"reference_source_selector\\\": \\\"history\\\", \\\"input_variant\\\": null, \\\"__current_case__\\\": 1}\", \"sample_name_repeat\": \"[]\", \"select_expressions_repeat\": \"[]\"}",
            "tool_version": "0.0.2",
            "type": "tool",
            "uuid": "None",
            "when": null,
            "workflow_outputs": [
                {
                    "label": null,
                    "output_name": "output_log",
                    "uuid": null
                },
                {
                    "label": null,
                    "output_name": "output_vcf",
                    "uuid": null
                }
            ]
        },
        "4": {
            "annotation": "",
            "content_id": "toolshed.g2.bx.psu.edu/repos/pcingola/snpeff/snpEff/1.0",
            "errors": null,
            "id": 4,
            "input_connections": {
                "input": {
                    "id": 3,
                    "output_name": "output_vcf"
                }
            },
            "inputs": [],
            "label": null,
            "name": "SnpEff",
            "outputs": [
                {
                    "name": "output",
                    "type": "tabular"
                },
                {
                    "name": "statsFile",
                    "type": "html"
                }
            ],
            "position": {
                "left": 1173.62158203125,
                "top": 571.0868225097656
            },
            "post_job_actions": {
                "ChangeDatatypeActionoutput": {
                    "action_arguments": {
                        "newtype": "tabular"
                    },
                    "action_type": "ChangeDatatypeAction",
                    "output_name": "output"
                },
                "HideDatasetActionoutput": {
                    "action_arguments": {},
                    "action_type": "HideDatasetAction",
                    "output_name": "output"
                },
                "HideDatasetActionstatsFile": {
                    "action_arguments": {},
                    "action_type": "HideDatasetAction",
                    "output_name": "statsFile"
                },
                "RenameDatasetActionoutput": {
                    "action_arguments": {
                        "newname": "Homozygous variants not annotated (snpEff )"
                    },
                    "action_type": "RenameDatasetAction",
                    "output_name": "output"
                }
            },
            "tool_id": "toolshed.g2.bx.psu.edu/repos/pcingola/snpeff/snpEff/1.0",
            "tool_shed_repository": {
                "changeset_revision": "c052639fa666",
                "name": "snpeff",
                "owner": "pcingola",
                "tool_shed": "toolshed.g2.bx.psu.edu"
            },
            "tool_state": "{\"filterHomHet\": \"\", \"filterIn\": \"\", \"filterOut\": \"None\", \"genomeVersion\": \"WS220.64\", \"input\": null, \"inputFormat\": \"vcf\", \"offset\": \"\", \"outputFormat\": \"txt\", \"udLength\": \"10000\", \"__page__\": null, \"__rerun_remap_job_id__\": null}",
            "tool_version": "1.0",
            "type": "tool",
            "uuid": "None",
            "when": null,
            "workflow_outputs": [
                {
                    "label": null,
                    "output_name": "statsFile",
                    "uuid": null
                },
                {
                    "label": null,
                    "output_name": "output",
                    "uuid": null
                }
            ]
        }
    },
    "tags": [],
    "version": 3
}