{
    "a_galaxy_workflow": "true",
    "annotation": "",
    "creator": [
        {
            "class": "Person",
            "identifier": "https://orcid.org/0000-0002-9464-6640",
            "name": "Wolfgang Maier"
        }
    ],
    "format-version": "0.1",
    "license": "MIT",
    "name": "COVID-19: variation analysis on ARTIC PE (release v0.2)",
    "steps": {
        "0": {
            "annotation": "",
            "content_id": null,
            "errors": null,
            "id": 0,
            "input_connections": {},
            "inputs": [
                {
                    "description": "",
                    "name": "ARTIC primers to amplicon assignments"
                }
            ],
            "label": "ARTIC primers to amplicon assignments",
            "name": "Input dataset",
            "outputs": [],
            "position": {
                "bottom": 53.53125,
                "height": 81,
                "left": 23.390625,
                "right": 223.390625,
                "top": -27.46875,
                "width": 200,
                "x": 23.390625,
                "y": -27.46875
            },
            "tool_id": null,
            "tool_state": "{\"optional\": false, \"format\": [\"tabular\"], \"tag\": null}",
            "tool_version": null,
            "type": "data_input",
            "uuid": "be54312f-5d8c-4f81-9928-a379dd8255c8",
            "when": null,
            "workflow_outputs": []
        },
        "1": {
            "annotation": "",
            "content_id": null,
            "errors": null,
            "id": 1,
            "input_connections": {},
            "inputs": [
                {
                    "description": "",
                    "name": "ARTIC primer BED"
                }
            ],
            "label": "ARTIC primer BED",
            "name": "Input dataset",
            "outputs": [],
            "position": {
                "bottom": 133.390625,
                "height": 81,
                "left": -225.84375,
                "right": -25.84375,
                "top": 52.390625,
                "width": 200,
                "x": -225.84375,
                "y": 52.390625
            },
            "tool_id": null,
            "tool_state": "{\"optional\": false, \"format\": [\"bed\"], \"tag\": null}",
            "tool_version": null,
            "type": "data_input",
            "uuid": "cd33981f-9214-4270-960e-ebf2ad02603c",
            "when": null,
            "workflow_outputs": []
        },
        "2": {
            "annotation": "",
            "content_id": null,
            "errors": null,
            "id": 2,
            "input_connections": {},
            "inputs": [
                {
                    "description": "",
                    "name": "NC_045512.2 FASTA sequence of SARS-CoV-2"
                }
            ],
            "label": "NC_045512.2 FASTA sequence of SARS-CoV-2",
            "name": "Input dataset",
            "outputs": [],
            "position": {
                "bottom": 286.78125,
                "height": 101,
                "left": -605.640625,
                "right": -405.640625,
                "top": 185.78125,
                "width": 200,
                "x": -605.640625,
                "y": 185.78125
            },
            "tool_id": null,
            "tool_state": "{\"optional\": false, \"format\": [\"fasta\", \"fasta.gz\"], \"tag\": null}",
            "tool_version": null,
            "type": "data_input",
            "uuid": "dc98d3d3-eade-4266-a5fa-e75b626505b4",
            "when": null,
            "workflow_outputs": []
        },
        "3": {
            "annotation": "",
            "content_id": null,
            "errors": null,
            "id": 3,
            "input_connections": {},
            "inputs": [
                {
                    "description": "",
                    "name": "Paired Collection"
                }
            ],
            "label": "Paired Collection",
            "name": "Input dataset collection",
            "outputs": [],
            "position": {
                "bottom": 399.765625,
                "height": 81,
                "left": -798.78125,
                "right": -598.78125,
                "top": 318.765625,
                "width": 200,
                "x": -798.78125,
                "y": 318.765625
            },
            "tool_id": null,
            "tool_state": "{\"optional\": false, \"format\": [\"fastqsanger\", \"fastqsanger.gz\"], \"tag\": null, \"collection_type\": \"list:paired\"}",
            "tool_version": null,
            "type": "data_collection_input",
            "uuid": "f73dc510-5929-4ec5-8b29-9e7d00d2cf1f",
            "when": null,
            "workflow_outputs": []
        },
        "4": {
            "annotation": "",
            "content_id": "toolshed.g2.bx.psu.edu/repos/iuc/fastp/fastp/0.20.1+galaxy0",
            "errors": null,
            "id": 4,
            "input_connections": {
                "single_paired|paired_input": {
                    "id": 3,
                    "output_name": "output"
                }
            },
            "inputs": [],
            "label": null,
            "name": "fastp",
            "outputs": [
                {
                    "name": "output_paired_coll",
                    "type": "input"
                },
                {
                    "name": "report_html",
                    "type": "html"
                },
                {
                    "name": "report_json",
                    "type": "json"
                }
            ],
            "position": {
                "bottom": 685.953125,
                "height": 212,
                "left": -561.40625,
                "right": -361.40625,
                "top": 473.953125,
                "width": 200,
                "x": -561.40625,
                "y": 473.953125
            },
            "post_job_actions": {
                "HideDatasetActionreport_json": {
                    "action_arguments": {},
                    "action_type": "HideDatasetAction",
                    "output_name": "report_json"
                }
            },
            "tool_id": "toolshed.g2.bx.psu.edu/repos/iuc/fastp/fastp/0.20.1+galaxy0",
            "tool_shed_repository": {
                "changeset_revision": "dbf9c561ef29",
                "name": "fastp",
                "owner": "iuc",
                "tool_shed": "toolshed.g2.bx.psu.edu"
            },
            "tool_state": "{\"filter_options\": {\"quality_filtering_options\": {\"disable_quality_filtering\": false, \"qualified_quality_phred\": null, \"unqualified_percent_limit\": null, \"n_base_limit\": null}, \"length_filtering_options\": {\"disable_length_filtering\": false, \"length_required\": null, \"length_limit\": null}, \"low_complexity_filter\": {\"enable_low_complexity_filter\": false, \"complexity_threshold\": null}}, \"output_options\": {\"report_html\": true, \"report_json\": true}, \"overrepresented_sequence_analysis\": {\"overrepresentation_analysis\": false, \"overrepresentation_sampling\": null}, \"read_mod_options\": {\"polyg_tail_trimming\": {\"trimming_select\": \"\", \"__current_case__\": 1, \"poly_g_min_len\": null}, \"polyx_tail_trimming\": {\"polyx_trimming_select\": \"\", \"__current_case__\": 1}, \"umi_processing\": {\"umi\": false, \"umi_loc\": \"\", \"umi_len\": null, \"umi_prefix\": \"\"}, \"cutting_by_quality_options\": {\"cut_by_quality5\": false, \"cut_by_quality3\": false, \"cut_window_size\": null, \"cut_mean_quality\": null}, \"base_correction_options\": {\"correction\": false}}, \"single_paired\": {\"single_paired_selector\": \"paired_collection\", \"__current_case__\": 2, \"paired_input\": {\"__class__\": \"ConnectedValue\"}, \"adapter_trimming_options\": {\"disable_adapter_trimming\": false, \"adapter_sequence1\": \"\", \"adapter_sequence2\": \"\"}, \"global_trimming_options\": {\"trim_front1\": null, \"trim_tail1\": null, \"trim_front2\": null, \"trim_tail2\": null}}, \"__page__\": null, \"__rerun_remap_job_id__\": null}",
            "tool_version": null,
            "type": "tool",
            "uuid": "dcc8a503-7e2d-48ce-a242-71e07eea96e6",
            "when": null,
            "workflow_outputs": [
                {
                    "label": "fastp_reads_output",
                    "output_name": "output_paired_coll",
                    "uuid": "5c47d397-a53b-46d0-91ac-959556f62f11"
                },
                {
                    "label": "fastp_html_report",
                    "output_name": "report_html",
                    "uuid": "8844e0f5-aeda-43b7-915e-a74e38a4e6d9"
                }
            ]
        },
        "5": {
            "annotation": "",
            "content_id": "toolshed.g2.bx.psu.edu/repos/devteam/bwa/bwa_mem/0.7.17.1",
            "errors": null,
            "id": 5,
            "input_connections": {
                "fastq_input|fastq_input1": {
                    "id": 4,
                    "output_name": "output_paired_coll"
                },
                "reference_source|ref_file": {
                    "id": 2,
                    "output_name": "output"
                }
            },
            "inputs": [],
            "label": null,
            "name": "Map with BWA-MEM",
            "outputs": [
                {
                    "name": "bam_output",
                    "type": "bam"
                }
            ],
            "position": {
                "bottom": 534.28125,
                "height": 162,
                "left": -320.578125,
                "right": -120.578125,
                "top": 372.28125,
                "width": 200,
                "x": -320.578125,
                "y": 372.28125
            },
            "post_job_actions": {},
            "tool_id": "toolshed.g2.bx.psu.edu/repos/devteam/bwa/bwa_mem/0.7.17.1",
            "tool_shed_repository": {
                "changeset_revision": "3fe632431b68",
                "name": "bwa",
                "owner": "devteam",
                "tool_shed": "toolshed.g2.bx.psu.edu"
            },
            "tool_state": "{\"analysis_type\": {\"analysis_type_selector\": \"illumina\", \"__current_case__\": 0}, \"fastq_input\": {\"fastq_input_selector\": \"paired_collection\", \"__current_case__\": 2, \"fastq_input1\": {\"__class__\": \"ConnectedValue\"}, \"iset_stats\": \"\"}, \"reference_source\": {\"reference_source_selector\": \"history\", \"__current_case__\": 1, \"ref_file\": {\"__class__\": \"ConnectedValue\"}, \"index_a\": \"auto\"}, \"rg\": {\"rg_selector\": \"do_not_set\", \"__current_case__\": 3}, \"__page__\": null, \"__rerun_remap_job_id__\": null}",
            "tool_version": null,
            "type": "tool",
            "uuid": "0a016718-aa47-4a9d-8a1c-61f1b8751612",
            "when": null,
            "workflow_outputs": [
                {
                    "label": "mapped_reads",
                    "output_name": "bam_output",
                    "uuid": "120f5918-2c36-4c83-8c87-b2cddde38336"
                }
            ]
        },
        "6": {
            "annotation": "",
            "content_id": "toolshed.g2.bx.psu.edu/repos/iuc/samtools_view/samtools_view/1.9+galaxy2",
            "errors": null,
            "id": 6,
            "input_connections": {
                "input": {
                    "id": 5,
                    "output_name": "bam_output"
                }
            },
            "inputs": [],
            "label": null,
            "name": "Samtools view",
            "outputs": [
                {
                    "name": "outputsam",
                    "type": "input"
                }
            ],
            "position": {
                "bottom": 329.171875,
                "height": 112,
                "left": -78.421875,
                "right": 121.578125,
                "top": 217.171875,
                "width": 200,
                "x": -78.421875,
                "y": 217.171875
            },
            "post_job_actions": {
                "RenameDatasetActionoutputsam": {
                    "action_arguments": {
                        "newname": "Mapped read pairs (filtered bwa-mem result)"
                    },
                    "action_type": "RenameDatasetAction",
                    "output_name": "outputsam"
                }
            },
            "tool_id": "toolshed.g2.bx.psu.edu/repos/iuc/samtools_view/samtools_view/1.9+galaxy2",
            "tool_shed_repository": {
                "changeset_revision": "bf328cec6a42",
                "name": "samtools_view",
                "owner": "iuc",
                "tool_shed": "toolshed.g2.bx.psu.edu"
            },
            "tool_state": "{\"addref_cond\": {\"addref_select\": \"no\", \"__current_case__\": 0}, \"input\": {\"__class__\": \"ConnectedValue\"}, \"mode\": {\"outtype\": \"selected_reads\", \"__current_case__\": 1, \"filter_config\": {\"cond_region\": {\"select_region\": \"no\", \"__current_case__\": 0}, \"cond_rg\": {\"select_rg\": \"no\", \"__current_case__\": 0}, \"quality\": \"20\", \"library\": \"\", \"cigarcons\": null, \"inclusive_filter\": [\"1\"], \"exclusive_filter\": [\"4\", \"8\", \"256\"], \"exclusive_filter_all\": null}, \"subsample_config\": {\"subsampling_mode\": {\"select_subsample\": \"fraction\", \"__current_case__\": 0, \"factor\": \"1.0\", \"seed\": null}}, \"output_options\": {\"reads_report_type\": \"retained\", \"__current_case__\": 0, \"complementary_output\": false, \"adv_output\": {\"readtags\": [], \"collapsecigar\": false}, \"output_format\": {\"oformat\": \"bam\", \"__current_case__\": 2}}}, \"__page__\": null, \"__rerun_remap_job_id__\": null}",
            "tool_version": null,
            "type": "tool",
            "uuid": "d2bf3d53-79f2-4ed6-9038-9e311b65b6ad",
            "when": null,
            "workflow_outputs": [
                {
                    "label": "filtered_mapped_reads",
                    "output_name": "outputsam",
                    "uuid": "bc65b78a-c5f5-42fa-a1cb-3a77bccee486"
                }
            ]
        },
        "7": {
            "annotation": "",
            "content_id": "toolshed.g2.bx.psu.edu/repos/iuc/ivar_trim/ivar_trim/1.2.2+galaxy1",
            "errors": null,
            "id": 7,
            "input_connections": {
                "input_bam": {
                    "id": 6,
                    "output_name": "outputsam"
                },
                "primer|input_bed": {
                    "id": 1,
                    "output_name": "output"
                }
            },
            "inputs": [],
            "label": null,
            "name": "ivar trim",
            "outputs": [
                {
                    "name": "output_bam",
                    "type": "bam"
                }
            ],
            "position": {
                "bottom": 312.203125,
                "height": 162,
                "left": 170.25,
                "right": 370.25,
                "top": 150.203125,
                "width": 200,
                "x": 170.25,
                "y": 150.203125
            },
            "post_job_actions": {},
            "tool_id": "toolshed.g2.bx.psu.edu/repos/iuc/ivar_trim/ivar_trim/1.2.2+galaxy1",
            "tool_shed_repository": {
                "changeset_revision": "db536ad45f28",
                "name": "ivar_trim",
                "owner": "iuc",
                "tool_shed": "toolshed.g2.bx.psu.edu"
            },
            "tool_state": "{\"inc_primers\": true, \"input_bam\": {\"__class__\": \"ConnectedValue\"}, \"min_len\": \"1\", \"min_qual\": \"0\", \"primer\": {\"source\": \"history\", \"__current_case__\": 0, \"input_bed\": {\"__class__\": \"ConnectedValue\"}}, \"window_width\": \"4\", \"__page__\": null, \"__rerun_remap_job_id__\": null}",
            "tool_version": null,
            "type": "tool",
            "uuid": "b3c5c1a5-0374-4918-af4a-b9d45f8aee99",
            "when": null,
            "workflow_outputs": [
                {
                    "label": "primer_trimmed_filtered_mapped_reads",
                    "output_name": "output_bam",
                    "uuid": "3192bfd5-1e2f-4c4d-b54b-5d2b8a25f4c5"
                }
            ]
        },
        "8": {
            "annotation": "",
            "content_id": "toolshed.g2.bx.psu.edu/repos/devteam/samtools_stats/samtools_stats/2.0.2+galaxy2",
            "errors": null,
            "id": 8,
            "input_connections": {
                "input": {
                    "id": 6,
                    "output_name": "outputsam"
                }
            },
            "inputs": [],
            "label": null,
            "name": "Samtools stats",
            "outputs": [
                {
                    "name": "output",
                    "type": "tabular"
                }
            ],
            "position": {
                "bottom": 530.890625,
                "height": 112,
                "left": 8.046875,
                "right": 208.046875,
                "top": 418.890625,
                "width": 200,
                "x": 8.046875,
                "y": 418.890625
            },
            "post_job_actions": {},
            "tool_id": "toolshed.g2.bx.psu.edu/repos/devteam/samtools_stats/samtools_stats/2.0.2+galaxy2",
            "tool_shed_repository": {
                "changeset_revision": "145f6d74ff5e",
                "name": "samtools_stats",
                "owner": "devteam",
                "tool_shed": "toolshed.g2.bx.psu.edu"
            },
            "tool_state": "{\"addref_cond\": {\"addref_select\": \"no\", \"__current_case__\": 0}, \"cond_region\": {\"select_region\": \"no\", \"__current_case__\": 0}, \"cov_threshold\": null, \"coverage_cond\": {\"coverage_select\": \"no\", \"__current_case__\": 0}, \"filter_by_flags\": {\"filter_flags\": \"nofilter\", \"__current_case__\": 1}, \"gc_depth\": null, \"input\": {\"__class__\": \"ConnectedValue\"}, \"insert_size\": null, \"most_inserts\": null, \"read_length\": null, \"remove_dups\": false, \"remove_overlaps\": false, \"sparse\": false, \"split_output_cond\": {\"split_output_selector\": \"no\", \"__current_case__\": 0}, \"trim_quality\": null, \"__page__\": null, \"__rerun_remap_job_id__\": null}",
            "tool_version": null,
            "type": "tool",
            "uuid": "fe5f53db-f415-4239-a3ab-1fd3ce7a69cc",
            "when": null,
            "workflow_outputs": [
                {
                    "label": "mapped_reads_stats",
                    "output_name": "output",
                    "uuid": "7cd2add2-ae1c-44c5-a318-1311fb3ecf61"
                }
            ]
        },
        "9": {
            "annotation": "",
            "content_id": "toolshed.g2.bx.psu.edu/repos/iuc/lofreq_viterbi/lofreq_viterbi/2.1.5+galaxy0",
            "errors": null,
            "id": 9,
            "input_connections": {
                "reads": {
                    "id": 7,
                    "output_name": "output_bam"
                },
                "reference_source|ref": {
                    "id": 2,
                    "output_name": "output"
                }
            },
            "inputs": [],
            "label": null,
            "name": "Realign reads",
            "outputs": [
                {
                    "name": "realigned",
                    "type": "bam"
                }
            ],
            "position": {
                "bottom": 523.546875,
                "height": 162,
                "left": 379.65625,
                "right": 579.65625,
                "top": 361.546875,
                "width": 200,
                "x": 379.65625,
                "y": 361.546875
            },
            "post_job_actions": {},
            "tool_id": "toolshed.g2.bx.psu.edu/repos/iuc/lofreq_viterbi/lofreq_viterbi/2.1.5+galaxy0",
            "tool_shed_repository": {
                "changeset_revision": "aa35ee7f3ab2",
                "name": "lofreq_viterbi",
                "owner": "iuc",
                "tool_shed": "toolshed.g2.bx.psu.edu"
            },
            "tool_state": "{\"adv_options\": {\"keepflags\": false, \"bq2_handling\": {\"replace_bq2\": \"keep\", \"__current_case__\": 0, \"defqual\": \"2\"}}, \"reads\": {\"__class__\": \"ConnectedValue\"}, \"reference_source\": {\"ref_selector\": \"history\", \"__current_case__\": 1, \"ref\": {\"__class__\": \"ConnectedValue\"}}, \"__page__\": null, \"__rerun_remap_job_id__\": null}",
            "tool_version": null,
            "type": "tool",
            "uuid": "c77ffb88-76cc-4bd2-8b1f-f9f6a1541966",
            "when": null,
            "workflow_outputs": [
                {
                    "label": "realigned_primer_trimmed_filtered_mapped_reads",
                    "output_name": "realigned",
                    "uuid": "f1f25cbc-b526-406c-8465-e1715ad2b040"
                }
            ]
        },
        "10": {
            "annotation": "",
            "content_id": "toolshed.g2.bx.psu.edu/repos/iuc/lofreq_indelqual/lofreq_indelqual/2.1.5+galaxy0",
            "errors": null,
            "id": 10,
            "input_connections": {
                "reads": {
                    "id": 9,
                    "output_name": "realigned"
                },
                "strategy|reference_source|ref": {
                    "id": 2,
                    "output_name": "output"
                }
            },
            "inputs": [],
            "label": null,
            "name": "Insert indel qualities",
            "outputs": [
                {
                    "name": "output",
                    "type": "bam"
                }
            ],
            "position": {
                "bottom": 123.609375,
                "height": 182,
                "left": 479.953125,
                "right": 679.953125,
                "top": -58.390625,
                "width": 200,
                "x": 479.953125,
                "y": -58.390625
            },
            "post_job_actions": {
                "RenameDatasetActionoutput": {
                    "action_arguments": {
                        "newname": "Fully processed reads for variant calling (primer-trimmed, realigned reads with added indelquals)"
                    },
                    "action_type": "RenameDatasetAction",
                    "output_name": "output"
                }
            },
            "tool_id": "toolshed.g2.bx.psu.edu/repos/iuc/lofreq_indelqual/lofreq_indelqual/2.1.5+galaxy0",
            "tool_shed_repository": {
                "changeset_revision": "426d707dfc47",
                "name": "lofreq_indelqual",
                "owner": "iuc",
                "tool_shed": "toolshed.g2.bx.psu.edu"
            },
            "tool_state": "{\"reads\": {\"__class__\": \"ConnectedValue\"}, \"strategy\": {\"selector\": \"dindel\", \"__current_case__\": 1, \"reference_source\": {\"ref_selector\": \"history\", \"__current_case__\": 1, \"ref\": {\"__class__\": \"ConnectedValue\"}}}, \"__page__\": null, \"__rerun_remap_job_id__\": null}",
            "tool_version": null,
            "type": "tool",
            "uuid": "1dd16484-9228-4cf6-8d48-02b99cd161c1",
            "when": null,
            "workflow_outputs": [
                {
                    "label": "realigned_primer_trimmed_filtered_mapped_reads_with_indel_quals",
                    "output_name": "output",
                    "uuid": "8d3ab7d3-4bc1-428a-b528-c2bf47cd3eff"
                }
            ]
        },
        "11": {
            "annotation": "",
            "content_id": "toolshed.g2.bx.psu.edu/repos/iuc/qualimap_bamqc/qualimap_bamqc/2.2.2d+galaxy3",
            "errors": null,
            "id": 11,
            "input_connections": {
                "input1": {
                    "id": 9,
                    "output_name": "realigned"
                }
            },
            "inputs": [],
            "label": null,
            "name": "QualiMap BamQC",
            "outputs": [
                {
                    "name": "raw_data",
                    "type": "input"
                },
                {
                    "name": "output_html",
                    "type": "html"
                }
            ],
            "position": {
                "bottom": 867.46875,
                "height": 202,
                "left": 495.546875,
                "right": 695.546875,
                "top": 665.46875,
                "width": 200,
                "x": 495.546875,
                "y": 665.46875
            },
            "post_job_actions": {},
            "tool_id": "toolshed.g2.bx.psu.edu/repos/iuc/qualimap_bamqc/qualimap_bamqc/2.2.2d+galaxy3",
            "tool_shed_repository": {
                "changeset_revision": "19ece8afbaab",
                "name": "qualimap_bamqc",
                "owner": "iuc",
                "tool_shed": "toolshed.g2.bx.psu.edu"
            },
            "tool_state": "{\"duplicate_skipping\": [\"0\"], \"input1\": {\"__class__\": \"ConnectedValue\"}, \"per_base_coverage\": false, \"plot_specific\": {\"n_bins\": \"400\", \"paint_chromosome_limits\": true, \"genome_gc_distr\": null, \"homopolymer_size\": \"3\"}, \"stats_regions\": {\"region_select\": \"all\", \"__current_case__\": 0}, \"__page__\": null, \"__rerun_remap_job_id__\": null}",
            "tool_version": null,
            "type": "tool",
            "uuid": "83d5feaf-1dcf-4d49-b525-b4957f8b12f9",
            "when": null,
            "workflow_outputs": [
                {
                    "label": "bamqc_html_output",
                    "output_name": "output_html",
                    "uuid": "33786ed0-a760-4760-ad04-98327c0e5907"
                },
                {
                    "label": "bamqc_raw_output",
                    "output_name": "raw_data",
                    "uuid": "29d4b85a-2523-406f-80bb-2b12f78d0226"
                }
            ]
        },
        "12": {
            "annotation": "",
            "content_id": "toolshed.g2.bx.psu.edu/repos/iuc/lofreq_call/lofreq_call/2.1.5+galaxy0",
            "errors": null,
            "id": 12,
            "input_connections": {
                "reads": {
                    "id": 10,
                    "output_name": "output"
                },
                "reference_source|ref": {
                    "id": 2,
                    "output_name": "output"
                }
            },
            "inputs": [],
            "label": null,
            "name": "Call variants",
            "outputs": [
                {
                    "name": "variants",
                    "type": "vcf"
                }
            ],
            "position": {
                "bottom": 305.484375,
                "height": 142,
                "left": 589.71875,
                "right": 789.71875,
                "top": 163.484375,
                "width": 200,
                "x": 589.71875,
                "y": 163.484375
            },
            "post_job_actions": {},
            "tool_id": "toolshed.g2.bx.psu.edu/repos/iuc/lofreq_call/lofreq_call/2.1.5+galaxy0",
            "tool_shed_repository": {
                "changeset_revision": "65432c3abf6c",
                "name": "lofreq_call",
                "owner": "iuc",
                "tool_shed": "toolshed.g2.bx.psu.edu"
            },
            "tool_state": "{\"call_control\": {\"set_call_options\": \"yes\", \"__current_case__\": 1, \"coverage\": {\"min_cov\": \"5\", \"max_depth\": \"1000000\"}, \"pe\": {\"use_orphan\": false}, \"bc_quals\": {\"min_bq\": \"30\", \"min_alt_bq\": \"30\", \"alt_bq\": {\"modify\": \"\", \"__current_case__\": 0}}, \"align_quals\": {\"alnqual\": {\"use_alnqual\": \"\", \"__current_case__\": 0, \"alnqual_choice\": {\"alnquals_to_use\": \"\", \"__current_case__\": 1, \"extended_baq\": true}}}, \"map_quals\": {\"min_mq\": \"20\", \"use_mq\": {\"no_mq\": \"\", \"__current_case__\": 0, \"max_mq\": \"255\"}}, \"source_qual\": {\"use_src_qual\": {\"src_qual\": \"\", \"__current_case__\": 0}}, \"joint_qual\": {\"min_jq\": \"0\", \"min_alt_jq\": \"0\", \"def_alt_jq\": \"0\"}}, \"filter_control\": {\"filter_type\": \"set_custom\", \"__current_case__\": 3, \"sig\": \"0.0005\", \"bonf\": \"0\", \"others\": false}, \"reads\": {\"__class__\": \"ConnectedValue\"}, \"reference_source\": {\"ref_selector\": \"history\", \"__current_case__\": 1, \"ref\": {\"__class__\": \"ConnectedValue\"}}, \"regions\": {\"restrict_to_region\": \"genome\", \"__current_case__\": 0}, \"variant_types\": \"--call-indels\", \"__page__\": null, \"__rerun_remap_job_id__\": null}",
            "tool_version": null,
            "type": "tool",
            "uuid": "0f97e6bc-d7f2-4cf8-99da-1f853660c7dc",
            "when": null,
            "workflow_outputs": [
                {
                    "label": "preliminary_variants_1",
                    "output_name": "variants",
                    "uuid": "f13952cb-a0f2-47cb-9ea9-dda00acbdb27"
                }
            ]
        },
        "13": {
            "annotation": "",
            "content_id": "__FLATTEN__",
            "errors": null,
            "id": 13,
            "input_connections": {
                "input": {
                    "id": 11,
                    "output_name": "raw_data"
                }
            },
            "inputs": [],
            "label": null,
            "name": "Flatten collection",
            "outputs": [
                {
                    "name": "output",
                    "type": "input"
                }
            ],
            "position": {
                "bottom": 831.234375,
                "height": 132,
                "left": 743.65625,
                "right": 943.65625,
                "top": 699.234375,
                "width": 200,
                "x": 743.65625,
                "y": 699.234375
            },
            "post_job_actions": {},
            "tool_id": "__FLATTEN__",
            "tool_state": "{\"input\": {\"__class__\": \"ConnectedValue\"}, \"join_identifier\": \"_\", \"__page__\": null, \"__rerun_remap_job_id__\": null}",
            "tool_version": null,
            "type": "tool",
            "uuid": "47a39ec4-8a92-4abe-9733-9487d7b13f50",
            "when": null,
            "workflow_outputs": [
                {
                    "label": "bamqc_raw_output_flattened",
                    "output_name": "output",
                    "uuid": "98278fb6-58fb-437d-834a-747dfb58fdf4"
                }
            ]
        },
        "14": {
            "annotation": "",
            "content_id": "toolshed.g2.bx.psu.edu/repos/iuc/lofreq_filter/lofreq_filter/2.1.5+galaxy0",
            "errors": null,
            "id": 14,
            "input_connections": {
                "invcf": {
                    "id": 12,
                    "output_name": "variants"
                }
            },
            "inputs": [],
            "label": null,
            "name": "Lofreq filter",
            "outputs": [
                {
                    "name": "outvcf",
                    "type": "vcf"
                }
            ],
            "position": {
                "bottom": 453.671875,
                "height": 112,
                "left": 672.984375,
                "right": 872.984375,
                "top": 341.671875,
                "width": 200,
                "x": 672.984375,
                "y": 341.671875
            },
            "post_job_actions": {},
            "tool_id": "toolshed.g2.bx.psu.edu/repos/iuc/lofreq_filter/lofreq_filter/2.1.5+galaxy0",
            "tool_shed_repository": {
                "changeset_revision": "7dfca164d2e3",
                "name": "lofreq_filter",
                "owner": "iuc",
                "tool_shed": "toolshed.g2.bx.psu.edu"
            },
            "tool_state": "{\"af\": {\"af_min\": \"0.05\", \"af_max\": \"0.95\"}, \"coverage\": {\"cov_min\": \"5\", \"cov_max\": \"0\"}, \"filter_by_type\": {\"keep_only\": \"\", \"__current_case__\": 0, \"qual\": {\"snvqual_filter\": {\"snvqual\": \"no\", \"__current_case__\": 0}, \"indelqual_filter\": {\"indelqual\": \"no\", \"__current_case__\": 0}}}, \"flag_or_drop\": \"\", \"invcf\": {\"__class__\": \"ConnectedValue\"}, \"sb\": {\"sb_filter\": {\"strand_bias\": \"no\", \"__current_case__\": 0}}, \"__page__\": null, \"__rerun_remap_job_id__\": null}",
            "tool_version": null,
            "type": "tool",
            "uuid": "f7414f5e-fd4d-4a50-94ef-73253717df82",
            "when": null,
            "workflow_outputs": [
                {
                    "label": "filtered_preliminary_variants",
                    "output_name": "outvcf",
                    "uuid": "29805067-2084-4fa5-a378-ab7aea90dd00"
                }
            ]
        },
        "15": {
            "annotation": "",
            "content_id": "toolshed.g2.bx.psu.edu/repos/iuc/multiqc/multiqc/1.8+galaxy1",
            "errors": null,
            "id": 15,
            "input_connections": {
                "results_0|software_cond|input": {
                    "id": 4,
                    "output_name": "report_json"
                },
                "results_1|software_cond|output_0|type|input": {
                    "id": 8,
                    "output_name": "output"
                },
                "results_2|software_cond|input": {
                    "id": 13,
                    "output_name": "output"
                }
            },
            "inputs": [],
            "label": null,
            "name": "MultiQC",
            "outputs": [
                {
                    "name": "stats",
                    "type": "input"
                },
                {
                    "name": "plots",
                    "type": "input"
                },
                {
                    "name": "html_report",
                    "type": "html"
                }
            ],
            "position": {
                "bottom": 846.5,
                "height": 332,
                "left": 987.5,
                "right": 1187.5,
                "top": 514.5,
                "width": 200,
                "x": 987.5,
                "y": 514.5
            },
            "post_job_actions": {
                "HideDatasetActionstats": {
                    "action_arguments": {},
                    "action_type": "HideDatasetAction",
                    "output_name": "stats"
                },
                "RenameDatasetActionhtml_report": {
                    "action_arguments": {
                        "newname": "Preprocessing and mapping reports"
                    },
                    "action_type": "RenameDatasetAction",
                    "output_name": "html_report"
                }
            },
            "tool_id": "toolshed.g2.bx.psu.edu/repos/iuc/multiqc/multiqc/1.8+galaxy1",
            "tool_shed_repository": {
                "changeset_revision": "5e33b465d8d5",
                "name": "multiqc",
                "owner": "iuc",
                "tool_shed": "toolshed.g2.bx.psu.edu"
            },
            "tool_state": "{\"comment\": \"\", \"flat\": false, \"results\": [{\"__index__\": 0, \"software_cond\": {\"software\": \"fastp\", \"__current_case__\": 7, \"input\": {\"__class__\": \"ConnectedValue\"}}}, {\"__index__\": 1, \"software_cond\": {\"software\": \"samtools\", \"__current_case__\": 23, \"output\": [{\"__index__\": 0, \"type\": {\"type\": \"stats\", \"__current_case__\": 0, \"input\": {\"__class__\": \"ConnectedValue\"}}}]}}, {\"__index__\": 2, \"software_cond\": {\"software\": \"qualimap\", \"__current_case__\": 19, \"input\": {\"__class__\": \"ConnectedValue\"}}}], \"saveLog\": false, \"title\": \"\", \"__page__\": null, \"__rerun_remap_job_id__\": null}",
            "tool_version": null,
            "type": "tool",
            "uuid": "2fbab864-8f0b-405b-9a93-cb905a0cda8c",
            "when": null,
            "workflow_outputs": [
                {
                    "label": "preprocessing_and_mapping_reports",
                    "output_name": "html_report",
                    "uuid": "8b963e4c-3740-4dc2-a204-ad15b6eaaf20"
                },
                {
                    "label": "preprocessing_and_mapping_plots",
                    "output_name": "plots",
                    "uuid": "a9dd04b8-0f6b-42b6-ac4a-cf2f06cbba1c"
                }
            ]
        },
        "16": {
            "annotation": "",
            "content_id": "toolshed.g2.bx.psu.edu/repos/iuc/ivar_removereads/ivar_removereads/1.2.2+galaxy1",
            "errors": null,
            "id": 16,
            "input_connections": {
                "amplicon_info": {
                    "id": 0,
                    "output_name": "output"
                },
                "input_bam": {
                    "id": 10,
                    "output_name": "output"
                },
                "input_bed": {
                    "id": 1,
                    "output_name": "output"
                },
                "variants_tsv": {
                    "id": 14,
                    "output_name": "outvcf"
                }
            },
            "inputs": [],
            "label": null,
            "name": "ivar removereads",
            "outputs": [
                {
                    "name": "output_bam",
                    "type": "bam"
                }
            ],
            "position": {
                "bottom": 245.75,
                "height": 262,
                "left": 867.53125,
                "right": 1067.53125,
                "top": -16.25,
                "width": 200,
                "x": 867.53125,
                "y": -16.25
            },
            "post_job_actions": {},
            "tool_id": "toolshed.g2.bx.psu.edu/repos/iuc/ivar_removereads/ivar_removereads/1.2.2+galaxy1",
            "tool_shed_repository": {
                "changeset_revision": "ee2beb764a7b",
                "name": "ivar_removereads",
                "owner": "iuc",
                "tool_shed": "toolshed.g2.bx.psu.edu"
            },
            "tool_state": "{\"amplicon_info\": {\"__class__\": \"ConnectedValue\"}, \"input_bam\": {\"__class__\": \"ConnectedValue\"}, \"input_bed\": {\"__class__\": \"ConnectedValue\"}, \"variants_tsv\": {\"__class__\": \"ConnectedValue\"}, \"__page__\": null, \"__rerun_remap_job_id__\": null}",
            "tool_version": null,
            "type": "tool",
            "uuid": "584b0776-ee9d-4fb9-b50a-79f560185eff",
            "when": null,
            "workflow_outputs": [
                {
                    "label": "amplicon_removal_output",
                    "output_name": "output_bam",
                    "uuid": "190fc8b2-5860-4355-803e-a7fc3d7ee718"
                }
            ]
        },
        "17": {
            "annotation": "",
            "content_id": "toolshed.g2.bx.psu.edu/repos/iuc/lofreq_call/lofreq_call/2.1.5+galaxy0",
            "errors": null,
            "id": 17,
            "input_connections": {
                "reads": {
                    "id": 16,
                    "output_name": "output_bam"
                },
                "reference_source|ref": {
                    "id": 2,
                    "output_name": "output"
                }
            },
            "inputs": [],
            "label": null,
            "name": "Call variants",
            "outputs": [
                {
                    "name": "variants",
                    "type": "vcf"
                }
            ],
            "position": {
                "bottom": 388.546875,
                "height": 142,
                "left": 1085.46875,
                "right": 1285.46875,
                "top": 246.546875,
                "width": 200,
                "x": 1085.46875,
                "y": 246.546875
            },
            "post_job_actions": {},
            "tool_id": "toolshed.g2.bx.psu.edu/repos/iuc/lofreq_call/lofreq_call/2.1.5+galaxy0",
            "tool_shed_repository": {
                "changeset_revision": "65432c3abf6c",
                "name": "lofreq_call",
                "owner": "iuc",
                "tool_shed": "toolshed.g2.bx.psu.edu"
            },
            "tool_state": "{\"call_control\": {\"set_call_options\": \"yes\", \"__current_case__\": 1, \"coverage\": {\"min_cov\": \"5\", \"max_depth\": \"1000000\"}, \"pe\": {\"use_orphan\": false}, \"bc_quals\": {\"min_bq\": \"30\", \"min_alt_bq\": \"30\", \"alt_bq\": {\"modify\": \"\", \"__current_case__\": 0}}, \"align_quals\": {\"alnqual\": {\"use_alnqual\": \"\", \"__current_case__\": 0, \"alnqual_choice\": {\"alnquals_to_use\": \"\", \"__current_case__\": 1, \"extended_baq\": true}}}, \"map_quals\": {\"min_mq\": \"20\", \"use_mq\": {\"no_mq\": \"\", \"__current_case__\": 0, \"max_mq\": \"255\"}}, \"source_qual\": {\"use_src_qual\": {\"src_qual\": \"\", \"__current_case__\": 0}}, \"joint_qual\": {\"min_jq\": \"0\", \"min_alt_jq\": \"0\", \"def_alt_jq\": \"0\"}}, \"filter_control\": {\"filter_type\": \"set_custom\", \"__current_case__\": 3, \"sig\": \"0.0005\", \"bonf\": \"0\", \"others\": false}, \"reads\": {\"__class__\": \"ConnectedValue\"}, \"reference_source\": {\"ref_selector\": \"history\", \"__current_case__\": 1, \"ref\": {\"__class__\": \"ConnectedValue\"}}, \"regions\": {\"restrict_to_region\": \"genome\", \"__current_case__\": 0}, \"variant_types\": \"--call-indels\", \"__page__\": null, \"__rerun_remap_job_id__\": null}",
            "tool_version": null,
            "type": "tool",
            "uuid": "5c12f79e-299b-4333-9073-06157c9dc03f",
            "when": null,
            "workflow_outputs": [
                {
                    "label": "preliminary_variants_2",
                    "output_name": "variants",
                    "uuid": "4b4c3e65-34f6-48db-875b-0444a9291526"
                }
            ]
        },
        "18": {
            "annotation": "",
            "content_id": "toolshed.g2.bx.psu.edu/repos/devteam/vcfvcfintersect/vcfvcfintersect/1.0.0_rc3+galaxy0",
            "errors": null,
            "id": 18,
            "input_connections": {
                "reference_source|ref_file": {
                    "id": 2,
                    "output_name": "output"
                },
                "vcf_input1": {
                    "id": 17,
                    "output_name": "variants"
                },
                "vcf_input2": {
                    "id": 12,
                    "output_name": "variants"
                }
            },
            "inputs": [],
            "label": null,
            "name": "VCF-VCFintersect:",
            "outputs": [
                {
                    "name": "out_file1",
                    "type": "vcf"
                }
            ],
            "position": {
                "bottom": 594.328125,
                "height": 172,
                "left": 1216.34375,
                "right": 1416.34375,
                "top": 422.328125,
                "width": 200,
                "x": 1216.34375,
                "y": 422.328125
            },
            "post_job_actions": {},
            "tool_id": "toolshed.g2.bx.psu.edu/repos/devteam/vcfvcfintersect/vcfvcfintersect/1.0.0_rc3+galaxy0",
            "tool_shed_repository": {
                "changeset_revision": "166c4f50525f",
                "name": "vcfvcfintersect",
                "owner": "devteam",
                "tool_shed": "toolshed.g2.bx.psu.edu"
            },
            "tool_state": "{\"adv_options\": {\"adv_options_selector\": \"no\", \"__current_case__\": 0}, \"invert\": true, \"isect_union\": \"-i\", \"loci\": false, \"reference_source\": {\"reference_source_selector\": \"history\", \"__current_case__\": 1, \"ref_file\": {\"__class__\": \"ConnectedValue\"}}, \"vcf_input1\": {\"__class__\": \"ConnectedValue\"}, \"vcf_input2\": {\"__class__\": \"ConnectedValue\"}, \"window_size\": \"0\", \"__page__\": null, \"__rerun_remap_job_id__\": null}",
            "tool_version": null,
            "type": "tool",
            "uuid": "eb8be26c-112a-46d0-b1f5-07986f3be818",
            "when": null,
            "workflow_outputs": [
                {
                    "label": "lost_variants_tmp",
                    "output_name": "out_file1",
                    "uuid": "bfc68eea-67d1-42a9-a8d9-f74f8b314e98"
                }
            ]
        },
        "19": {
            "annotation": "",
            "content_id": "toolshed.g2.bx.psu.edu/repos/bgruening/text_processing/tp_replace_in_line/1.1.2",
            "errors": null,
            "id": 19,
            "input_connections": {
                "infile": {
                    "id": 18,
                    "output_name": "out_file1"
                }
            },
            "inputs": [],
            "label": null,
            "name": "Replace Text",
            "outputs": [
                {
                    "name": "outfile",
                    "type": "input"
                }
            ],
            "position": {
                "bottom": 725.671875,
                "height": 92,
                "left": 1238.734375,
                "right": 1438.734375,
                "top": 633.671875,
                "width": 200,
                "x": 1238.734375,
                "y": 633.671875
            },
            "post_job_actions": {
                "RenameDatasetActionoutfile": {
                    "action_arguments": {
                        "newname": "Variants lost upon amplicon removal"
                    },
                    "action_type": "RenameDatasetAction",
                    "output_name": "outfile"
                }
            },
            "tool_id": "toolshed.g2.bx.psu.edu/repos/bgruening/text_processing/tp_replace_in_line/1.1.2",
            "tool_shed_repository": {
                "changeset_revision": "f46f0e4f75c4",
                "name": "text_processing",
                "owner": "bgruening",
                "tool_shed": "toolshed.g2.bx.psu.edu"
            },
            "tool_state": "{\"infile\": {\"__class__\": \"ConnectedValue\"}, \"replacements\": [{\"__index__\": 0, \"find_pattern\": \"^(##reference.+)$\", \"replace_pattern\": \"\\\\1\\\\n##INFO=<ID=AmpliconBias,Number=0,Type=Flag,Description=\\\"Indicates that the AF value of the variant could not be corrected for potential amplicon bias.\\\">\"}, {\"__index__\": 1, \"find_pattern\": \"^([^#].+)$\", \"replace_pattern\": \"\\\\1;AmpliconBias\"}], \"__page__\": null, \"__rerun_remap_job_id__\": null}",
            "tool_version": null,
            "type": "tool",
            "uuid": "44abd24d-a5f4-4e95-8371-4fccfbea086d",
            "when": null,
            "workflow_outputs": [
                {
                    "label": "lost_variants",
                    "output_name": "outfile",
                    "uuid": "8a4de351-c444-42a9-8f2e-345bfbca5d43"
                }
            ]
        },
        "20": {
            "annotation": "",
            "content_id": "toolshed.g2.bx.psu.edu/repos/devteam/vcfvcfintersect/vcfvcfintersect/1.0.0_rc3+galaxy0",
            "errors": null,
            "id": 20,
            "input_connections": {
                "reference_source|ref_file": {
                    "id": 2,
                    "output_name": "output"
                },
                "vcf_input1": {
                    "id": 19,
                    "output_name": "outfile"
                },
                "vcf_input2": {
                    "id": 17,
                    "output_name": "variants"
                }
            },
            "inputs": [],
            "label": null,
            "name": "VCF-VCFintersect:",
            "outputs": [
                {
                    "name": "out_file1",
                    "type": "vcf"
                }
            ],
            "position": {
                "bottom": 506.953125,
                "height": 172,
                "left": 1466.46875,
                "right": 1666.46875,
                "top": 334.953125,
                "width": 200,
                "x": 1466.46875,
                "y": 334.953125
            },
            "post_job_actions": {},
            "tool_id": "toolshed.g2.bx.psu.edu/repos/devteam/vcfvcfintersect/vcfvcfintersect/1.0.0_rc3+galaxy0",
            "tool_shed_repository": {
                "changeset_revision": "166c4f50525f",
                "name": "vcfvcfintersect",
                "owner": "devteam",
                "tool_shed": "toolshed.g2.bx.psu.edu"
            },
            "tool_state": "{\"adv_options\": {\"adv_options_selector\": \"no\", \"__current_case__\": 0}, \"invert\": false, \"isect_union\": \"-u\", \"loci\": false, \"reference_source\": {\"reference_source_selector\": \"history\", \"__current_case__\": 1, \"ref_file\": {\"__class__\": \"ConnectedValue\"}}, \"vcf_input1\": {\"__class__\": \"ConnectedValue\"}, \"vcf_input2\": {\"__class__\": \"ConnectedValue\"}, \"window_size\": \"0\", \"__page__\": null, \"__rerun_remap_job_id__\": null}",
            "tool_version": null,
            "type": "tool",
            "uuid": "9ecb7acd-b198-4e90-b6b4-42dcb5ada9c1",
            "when": null,
            "workflow_outputs": [
                {
                    "label": "variants",
                    "output_name": "out_file1",
                    "uuid": "95d9c4fb-e995-4334-bf54-511f2f9a28a1"
                }
            ]
        },
        "21": {
            "annotation": "",
            "content_id": "toolshed.g2.bx.psu.edu/repos/bgruening/text_processing/tp_replace_in_line/1.1.2",
            "errors": null,
            "id": 21,
            "input_connections": {
                "infile": {
                    "id": 20,
                    "output_name": "out_file1"
                }
            },
            "inputs": [],
            "label": null,
            "name": "Replace Text",
            "outputs": [
                {
                    "name": "outfile",
                    "type": "input"
                }
            ],
            "position": {
                "bottom": 535.147903443,
                "height": 113.59999084472656,
                "left": 1691.290588379,
                "right": 1891.290588379,
                "top": 421.547912598,
                "width": 200,
                "x": 1691.290588379,
                "y": 421.547912598
            },
            "post_job_actions": {},
            "tool_id": "toolshed.g2.bx.psu.edu/repos/bgruening/text_processing/tp_replace_in_line/1.1.2",
            "tool_shed_repository": {
                "changeset_revision": "f46f0e4f75c4",
                "name": "text_processing",
                "owner": "bgruening",
                "tool_shed": "toolshed.g2.bx.psu.edu"
            },
            "tool_state": "{\"infile\": {\"__class__\": \"ConnectedValue\"}, \"replacements\": [{\"__index__\": 0, \"find_pattern\": \"^(##reference.+)$\", \"replace_pattern\": \"\\\\1\\\\n##INFO=<ID=AmpliconBias,Number=0,Type=Flag,Description=\\\"Indicates that the AF value of the variant could not be corrected for potential amplicon bias.\\\">\"}], \"__page__\": null, \"__rerun_remap_job_id__\": null}",
            "tool_version": null,
            "type": "tool",
            "uuid": "23cd801d-19e9-4b7f-8100-37427324e3f1",
            "when": null,
            "workflow_outputs": [
                {
                    "label": "variants_fixed_header",
                    "output_name": "outfile",
                    "uuid": "c43910c1-6236-4672-b903-fe70c4dde58a"
                }
            ]
        },
        "22": {
            "annotation": "",
            "content_id": "toolshed.g2.bx.psu.edu/repos/iuc/snpeff_sars_cov_2/snpeff_sars_cov_2/4.5covid19",
            "errors": null,
            "id": 22,
            "input_connections": {
                "input": {
                    "id": 21,
                    "output_name": "outfile"
                }
            },
            "inputs": [
                {
                    "description": "runtime parameter for tool SnpEff eff:",
                    "name": "intervals"
                },
                {
                    "description": "runtime parameter for tool SnpEff eff:",
                    "name": "transcripts"
                }
            ],
            "label": "SnpEff eff covid19 version",
            "name": "SnpEff eff:",
            "outputs": [
                {
                    "name": "snpeff_output",
                    "type": "vcf"
                },
                {
                    "name": "statsFile",
                    "type": "html"
                }
            ],
            "position": {
                "bottom": 731.947921753,
                "height": 302,
                "left": 1917.99053955,
                "right": 2117.99053955,
                "top": 429.947921753,
                "width": 200,
                "x": 1917.99053955,
                "y": 429.947921753
            },
            "post_job_actions": {
                "RenameDatasetActionsnpeff_output": {
                    "action_arguments": {
                        "newname": "Final (SnpEff-) annotated variants"
                    },
                    "action_type": "RenameDatasetAction",
                    "output_name": "snpeff_output"
                }
            },
            "tool_id": "toolshed.g2.bx.psu.edu/repos/iuc/snpeff_sars_cov_2/snpeff_sars_cov_2/4.5covid19",
            "tool_shed_repository": {
                "changeset_revision": "2a3a00c1fa0a",
                "name": "snpeff_sars_cov_2",
                "owner": "iuc",
                "tool_shed": "toolshed.g2.bx.psu.edu"
            },
            "tool_state": "{\"annotations\": [\"-formatEff\", \"-classic\"], \"chr\": \"\", \"csvStats\": false, \"filter\": {\"specificEffects\": \"no\", \"__current_case__\": 0}, \"filterOut\": [\"-no-downstream\", \"-no-intergenic\", \"-no-upstream\"], \"generate_stats\": true, \"genome_version\": \"NC_045512.2\", \"input\": {\"__class__\": \"ConnectedValue\"}, \"inputFormat\": \"vcf\", \"intervals\": {\"__class__\": \"RuntimeValue\"}, \"noLog\": true, \"offset\": \"default\", \"outputConditional\": {\"outputFormat\": \"vcf\", \"__current_case__\": 0}, \"transcripts\": {\"__class__\": \"RuntimeValue\"}, \"udLength\": \"0\", \"__page__\": null, \"__rerun_remap_job_id__\": null}",
            "tool_version": null,
            "type": "tool",
            "uuid": "fd2c7393-60c5-4011-83f2-94627054fd0d",
            "when": null,
            "workflow_outputs": [
                {
                    "label": "annotated_variants_stats",
                    "output_name": "statsFile",
                    "uuid": "5621f3ee-c4d5-428d-93ec-0af8011e2a48"
                },
                {
                    "label": "annotated_variants",
                    "output_name": "snpeff_output",
                    "uuid": "7271c1c1-ea29-42a0-a71c-4f8dbeed362f"
                }
            ]
        },
        "23": {
            "annotation": "",
            "content_id": "toolshed.g2.bx.psu.edu/repos/iuc/lofreq_filter/lofreq_filter/2.1.5+galaxy0",
            "errors": null,
            "id": 23,
            "input_connections": {
                "invcf": {
                    "id": 22,
                    "output_name": "snpeff_output"
                }
            },
            "inputs": [
                {
                    "description": "runtime parameter for tool Lofreq filter",
                    "name": "invcf"
                }
            ],
            "label": null,
            "name": "Lofreq filter",
            "outputs": [
                {
                    "name": "outvcf",
                    "type": "vcf"
                }
            ],
            "position": {
                "bottom": 735.84791565,
                "height": 134,
                "left": 2146.773986816,
                "right": 2346.773986816,
                "top": 601.84791565,
                "width": 200,
                "x": 2146.773986816,
                "y": 601.84791565
            },
            "post_job_actions": {
                "RenameDatasetActionoutvcf": {
                    "action_arguments": {
                        "newname": "Final (SnpEff-) annotated variants with strand-bias soft filter applied"
                    },
                    "action_type": "RenameDatasetAction",
                    "output_name": "outvcf"
                }
            },
            "tool_id": "toolshed.g2.bx.psu.edu/repos/iuc/lofreq_filter/lofreq_filter/2.1.5+galaxy0",
            "tool_shed_repository": {
                "changeset_revision": "7dfca164d2e3",
                "name": "lofreq_filter",
                "owner": "iuc",
                "tool_shed": "toolshed.g2.bx.psu.edu"
            },
            "tool_state": "{\"af\": {\"af_min\": \"0.0\", \"af_max\": \"0.0\"}, \"coverage\": {\"cov_min\": \"0\", \"cov_max\": \"0\"}, \"filter_by_type\": {\"keep_only\": \"\", \"__current_case__\": 0, \"qual\": {\"snvqual_filter\": {\"snvqual\": \"no\", \"__current_case__\": 0}, \"indelqual_filter\": {\"indelqual\": \"no\", \"__current_case__\": 0}}}, \"flag_or_drop\": \"--print-all\", \"invcf\": {\"__class__\": \"RuntimeValue\"}, \"sb\": {\"sb_filter\": {\"strand_bias\": \"mtc\", \"__current_case__\": 2, \"sb_alpha\": \"0.001\", \"sb_mtc\": \"fdr\", \"sb_compound\": true, \"sb_indels\": false}}, \"__page__\": null, \"__rerun_remap_job_id__\": null}",
            "tool_version": null,
            "type": "tool",
            "uuid": "f17fc8ed-2bef-475d-84e8-67d21ff7530d",
            "when": null,
            "workflow_outputs": [
                {
                    "label": "annotated_softfiltered_variants",
                    "output_name": "outvcf",
                    "uuid": "ebc989a5-f213-4450-b9d9-7f9dd24b9990"
                }
            ]
        }
    },
    "tags": [
        "COVID-19",
        "ARTIC",
        "covid19.galaxyproject.org"
    ],
    "uuid": "a3fe33ad-9156-4826-9dbc-97c1cb69e9c0",
    "version": 1
}