{
    "a_galaxy_workflow": "true",
    "annotation": "",
    "format-version": "0.1",
    "name": "Storytime_Demo",
    "steps": {
        "0": {
            "annotation": "",
            "content_id": null,
            "errors": null,
            "id": 0,
            "input_connections": {},
            "inputs": [
                {
                    "description": "",
                    "name": "Simple Text File"
                }
            ],
            "label": "Simple Text File",
            "name": "Input dataset",
            "outputs": [],
            "position": {
                "bottom": 288,
                "height": 61,
                "left": 349,
                "right": 549,
                "top": 227,
                "width": 200,
                "x": 349,
                "y": 227
            },
            "tool_id": null,
            "tool_state": "{\"optional\": false, \"tag\": null}",
            "tool_version": null,
            "type": "data_input",
            "uuid": "78e6251a-89e7-4883-985f-51d508ac9ba1",
            "when": null,
            "workflow_outputs": [
                {
                    "label": null,
                    "output_name": "output",
                    "uuid": "1349f9a4-ee02-451b-95f3-4a2c8daa93ce"
                }
            ]
        },
        "1": {
            "annotation": "",
            "content_id": "sort1",
            "errors": null,
            "id": 1,
            "input_connections": {
                "input": {
                    "id": 0,
                    "output_name": "output"
                }
            },
            "inputs": [
                {
                    "description": "runtime parameter for tool Sort",
                    "name": "input"
                }
            ],
            "label": "Sort in Descending Order",
            "name": "Sort",
            "outputs": [
                {
                    "name": "out_file1",
                    "type": "input"
                }
            ],
            "position": {
                "bottom": 402,
                "height": 112,
                "left": 595,
                "right": 795,
                "top": 290,
                "width": 200,
                "x": 595,
                "y": 290
            },
            "post_job_actions": {
                "RenameDatasetActionout_file1": {
                    "action_arguments": {
                        "newname": "SortedFile"
                    },
                    "action_type": "RenameDatasetAction",
                    "output_name": "out_file1"
                }
            },
            "tool_id": "sort1",
            "tool_state": "{\"column\": \"1\", \"column_set\": [], \"header_lines\": \"0\", \"input\": {\"__class__\": \"RuntimeValue\"}, \"order\": \"DESC\", \"style\": \"alpha\", \"__page__\": null, \"__rerun_remap_job_id__\": null}",
            "tool_version": "1.1.0",
            "type": "tool",
            "uuid": "460480f3-d75d-4449-8fcf-590bcac60e88",
            "when": null,
            "workflow_outputs": [
                {
                    "label": null,
                    "output_name": "out_file1",
                    "uuid": "528bd9a1-f1b0-4109-a2e2-85ad90fc856f"
                }
            ]
        },
        "2": {
            "annotation": "",
            "content_id": "toolshed.g2.bx.psu.edu/repos/bgruening/text_processing/tp_head_tool/1.1.0",
            "errors": null,
            "id": 2,
            "input_connections": {
                "infile": {
                    "id": 1,
                    "output_name": "out_file1"
                }
            },
            "inputs": [
                {
                    "description": "runtime parameter for tool Select first",
                    "name": "infile"
                }
            ],
            "label": "Select first line",
            "name": "Select first",
            "outputs": [
                {
                    "name": "outfile",
                    "type": "input"
                }
            ],
            "position": {
                "bottom": 504,
                "height": 92,
                "left": 851,
                "right": 1051,
                "top": 412,
                "width": 200,
                "x": 851,
                "y": 412
            },
            "post_job_actions": {
                "RenameDatasetActionout_file1": {
                    "action_arguments": {
                        "newname": "SortedFile"
                    },
                    "action_type": "RenameDatasetAction",
                    "output_name": "out_file1"
                }
            },
            "tool_id": "toolshed.g2.bx.psu.edu/repos/bgruening/text_processing/tp_head_tool/1.1.0",
            "tool_shed_repository": {
                "changeset_revision": "ddf54b12c295",
                "name": "text_processing",
                "owner": "bgruening",
                "tool_shed": "toolshed.g2.bx.psu.edu"
            },
            "tool_state": "{\"complement\": \"\", \"count\": \"1\", \"infile\": {\"__class__\": \"RuntimeValue\"}, \"__page__\": null, \"__rerun_remap_job_id__\": null}",
            "tool_version": "1.1.0",
            "type": "tool",
            "uuid": "1c1ffbbe-d9f7-4d12-9a9f-53d48e696c20",
            "when": null,
            "workflow_outputs": [
                {
                    "label": null,
                    "output_name": "outfile",
                    "uuid": "9d6d4aef-5da9-4059-bbb9-88deb4762d7d"
                }
            ]
        }
    },
    "tags": [],
    "uuid": "bf6638a3-53ed-4f15-8d0e-946f0ae804e1",
    "version": 1
}