{
    "a_galaxy_workflow": "true",
    "annotation": "",
    "format-version": "0.1",
    "name": "Homework 4 part 2",
    "steps": {
        "0": {
            "annotation": "",
            "content_id": "toolshed.g2.bx.psu.edu/repos/devteam/sam_merge/sam_merge2/1.1.2",
            "errors": "Tool is not installed",
            "id": 0,
            "input_connections": {},
            "inputs": [],
            "label": null,
            "name": "toolshed.g2.bx.psu.edu/repos/devteam/sam_merge/sam_merge2/1.1.2",
            "outputs": [],
            "position": {
                "left": 305.3499755859375,
                "top": 238.20000457763672
            },
            "post_job_actions": {},
            "tool_id": "toolshed.g2.bx.psu.edu/repos/devteam/sam_merge/sam_merge2/1.1.2",
            "tool_state": "{\"input1\": \"null\", \"input2\": \"null\", \"inputs\": \"[]\", \"mergeSD\": \"\\\"True\\\"\", \"title\": \"\\\"CombinedBamReps\\\"\"}",
            "tool_version": "1.1.2",
            "type": "tool",
            "uuid": "None",
            "when": null,
            "workflow_outputs": []
        },
        "1": {
            "annotation": "",
            "content_id": null,
            "errors": null,
            "id": 1,
            "input_connections": {},
            "inputs": [
                {
                    "description": "",
                    "name": "Input Dataset"
                }
            ],
            "label": null,
            "name": "Input dataset",
            "outputs": [],
            "position": {
                "left": 288.95001220703125,
                "top": 500.5600051879883
            },
            "tool_id": null,
            "tool_state": "{\"optional\": false, \"tag\": null}",
            "tool_version": null,
            "type": "data_input",
            "uuid": "None",
            "when": null,
            "workflow_outputs": []
        },
        "2": {
            "annotation": "",
            "content_id": "toolshed.g2.bx.psu.edu/repos/devteam/macs/peakcalling_macs/1.0.1",
            "errors": "Tool is not installed",
            "id": 2,
            "input_connections": {
                "input_type|input_chipseq_file1": {
                    "id": 0,
                    "output_name": "output1"
                },
                "input_type|input_control_file1": {
                    "id": 1,
                    "output_name": "output"
                }
            },
            "inputs": [],
            "label": null,
            "name": "toolshed.g2.bx.psu.edu/repos/devteam/macs/peakcalling_macs/1.0.1",
            "outputs": [],
            "position": {
                "left": 587.510009765625,
                "top": 263.84000396728516
            },
            "post_job_actions": {},
            "tool_id": "toolshed.g2.bx.psu.edu/repos/devteam/macs/peakcalling_macs/1.0.1",
            "tool_state": "{\"bw\": \"\\\"300\\\"\", \"diag_type\": \"{\\\"diag_type_selector\\\": \\\"no_diag\\\", \\\"__current_case__\\\": 1}\", \"experiment_name\": \"\\\"MACS in Galaxy\\\"\", \"futurefdr\": \"\\\"False\\\"\", \"gsize\": \"\\\"2700000000.0\\\"\", \"input_type\": \"{\\\"input_control_file1\\\": null, \\\"input_chipseq_file1\\\": null, \\\"input_type_selector\\\": \\\"single_end\\\", \\\"__current_case__\\\": 1}\", \"lambdaset\": \"\\\"1000,5000,10000\\\"\", \"mfold\": \"\\\"32\\\"\", \"nolambda\": \"\\\"False\\\"\", \"nomodel_type\": \"{\\\"nomodel_type_selector\\\": \\\"create_model\\\", \\\"__current_case__\\\": 1}\", \"pvalue\": \"\\\"1e-05\\\"\", \"tsize\": \"{\\\"__class__\\\": \\\"RuntimeValue\\\"}\", \"wig_type\": \"{\\\"wig_type_selector\\\": \\\"no_wig\\\", \\\"__current_case__\\\": 1}\", \"xls_to_interval\": \"\\\"False\\\"\"}",
            "tool_version": "1.0.1",
            "type": "tool",
            "uuid": "None",
            "when": null,
            "workflow_outputs": []
        }
    },
    "tags": [],
    "version": 3
}