{
    "a_galaxy_workflow": "true",
    "annotation": "",
    "format-version": "0.1",
    "name": "workflow 4",
    "steps": {
        "0": {
            "annotation": "",
            "content_id": null,
            "errors": null,
            "id": 0,
            "input_connections": {},
            "inputs": [
                {
                    "description": "",
                    "name": "Input Dataset"
                }
            ],
            "label": null,
            "name": "Input dataset",
            "outputs": [],
            "position": {
                "left": 200,
                "top": 454
            },
            "tool_id": null,
            "tool_state": "{\"optional\": false, \"tag\": null}",
            "tool_version": null,
            "type": "data_input",
            "uuid": "28685379-6d6c-4a64-bad2-4e4417ec6e99",
            "when": null,
            "workflow_outputs": []
        },
        "1": {
            "annotation": "",
            "content_id": "toolshed.g2.bx.psu.edu/repos/devteam/fastqc/fastqc/0.63",
            "errors": null,
            "id": 1,
            "input_connections": {
                "input_file": {
                    "id": 0,
                    "output_name": "output"
                }
            },
            "inputs": [],
            "label": null,
            "name": "FastQC",
            "outputs": [
                {
                    "name": "html_file",
                    "type": "html"
                },
                {
                    "name": "text_file",
                    "type": "txt"
                }
            ],
            "position": {
                "left": 353,
                "top": 208
            },
            "post_job_actions": {
                "HideDatasetActiontext_file": {
                    "action_arguments": {},
                    "action_type": "HideDatasetAction",
                    "output_name": "text_file"
                },
                "RenameDatasetActionhtml_file": {
                    "action_arguments": {
                        "newname": "FASTQ data 3"
                    },
                    "action_type": "RenameDatasetAction",
                    "output_name": "html_file"
                }
            },
            "tool_id": "toolshed.g2.bx.psu.edu/repos/devteam/fastqc/fastqc/0.63",
            "tool_shed_repository": {
                "changeset_revision": "2d094334f61e",
                "name": "fastqc",
                "owner": "devteam",
                "tool_shed": "toolshed.g2.bx.psu.edu"
            },
            "tool_state": "{\"contaminants\": null, \"input_file\": null, \"limits\": null, \"__page__\": null, \"__rerun_remap_job_id__\": null}",
            "tool_version": "0.63",
            "type": "tool",
            "uuid": "b8be99a3-99b5-4dcf-8bac-d5ff5c0dd86f",
            "when": null,
            "workflow_outputs": [
                {
                    "label": null,
                    "output_name": "html_file",
                    "uuid": null
                }
            ]
        },
        "2": {
            "annotation": "",
            "content_id": "toolshed.g2.bx.psu.edu/repos/devteam/fastq_groomer/fastq_groomer/1.0.4",
            "errors": null,
            "id": 2,
            "input_connections": {
                "input_file": {
                    "id": 0,
                    "output_name": "output"
                }
            },
            "inputs": [],
            "label": null,
            "name": "FASTQ Groomer",
            "outputs": [
                {
                    "name": "output_file",
                    "type": "fastqsanger"
                }
            ],
            "position": {
                "left": 405,
                "top": 443
            },
            "post_job_actions": {},
            "tool_id": "toolshed.g2.bx.psu.edu/repos/devteam/fastq_groomer/fastq_groomer/1.0.4",
            "tool_shed_repository": {
                "changeset_revision": "1298445c852b",
                "name": "fastq_groomer",
                "owner": "devteam",
                "tool_shed": "toolshed.g2.bx.psu.edu"
            },
            "tool_state": "{\"input_file\": null, \"input_type\": \"sanger\", \"options_type\": {\"options_type_selector\": \"basic\", \"__current_case__\": 0}, \"__page__\": null, \"__rerun_remap_job_id__\": null}",
            "tool_version": "1.0.4",
            "type": "tool",
            "uuid": "704c5cbc-12b8-4125-ab51-2f47f95b6461",
            "when": null,
            "workflow_outputs": [
                {
                    "label": null,
                    "output_name": "output_file",
                    "uuid": null
                }
            ]
        },
        "3": {
            "annotation": "",
            "content_id": "toolshed.g2.bx.psu.edu/repos/devteam/bwa/bwa_mem/0.1",
            "errors": null,
            "id": 3,
            "input_connections": {
                "fastq_input|fastq_input1": {
                    "id": 2,
                    "output_name": "output_file"
                }
            },
            "inputs": [],
            "label": null,
            "name": "BWA-MEM",
            "outputs": [
                {
                    "name": "bam_output",
                    "type": "bam"
                }
            ],
            "position": {
                "left": 703,
                "top": 458
            },
            "post_job_actions": {},
            "tool_id": "toolshed.g2.bx.psu.edu/repos/devteam/bwa/bwa_mem/0.1",
            "tool_shed_repository": {
                "changeset_revision": "c71dd035971e",
                "name": "bwa",
                "owner": "devteam",
                "tool_shed": "toolshed.g2.bx.psu.edu"
            },
            "tool_state": "{\"__job_resource\": {\"__job_resource__select\": \"no\", \"__current_case__\": 0}, \"analysis_type\": {\"analysis_type_selector\": \"illumina\", \"__current_case__\": 0}, \"fastq_input\": {\"fastq_input_selector\": \"paired\", \"__current_case__\": 0, \"fastq_input1\": null, \"fastq_input2\": null, \"iset_stats\": \"\"}, \"reference_source\": {\"reference_source_selector\": \"cached\", \"__current_case__\": 0, \"ref_file\": \"ce10\"}, \"rg\": {\"rg_selector\": \"do_not_set\", \"__current_case__\": 1}, \"__page__\": null, \"__rerun_remap_job_id__\": null}",
            "tool_version": "0.1",
            "type": "tool",
            "uuid": "de0778b0-4388-4a9c-97c8-a84e2b1569b3",
            "when": null,
            "workflow_outputs": [
                {
                    "label": null,
                    "output_name": "bam_output",
                    "uuid": null
                }
            ]
        },
        "4": {
            "annotation": "",
            "content_id": "toolshed.g2.bx.psu.edu/repos/devteam/samtools_stats/samtools_stats/2.0",
            "errors": null,
            "id": 4,
            "input_connections": {
                "input_file": {
                    "id": 3,
                    "output_name": "bam_output"
                }
            },
            "inputs": [],
            "label": null,
            "name": "Stats",
            "outputs": [
                {
                    "name": "output",
                    "type": "tabular"
                }
            ],
            "position": {
                "left": 701,
                "top": 636
            },
            "post_job_actions": {},
            "tool_id": "toolshed.g2.bx.psu.edu/repos/devteam/samtools_stats/samtools_stats/2.0",
            "tool_shed_repository": {
                "changeset_revision": "8cfc17e27132",
                "name": "samtools_stats",
                "owner": "devteam",
                "tool_shed": "toolshed.g2.bx.psu.edu"
            },
            "tool_state": "{\"coverage_max\": \"1000\", \"coverage_min\": \"1\", \"coverage_step\": \"1\", \"filter_by_flags\": {\"filter_flags\": \"nofilter\", \"__current_case__\": 1}, \"gc_depth\": \"20000.0\", \"input_file\": null, \"insert_size\": \"8000\", \"most_inserts\": \"0.99\", \"read_length\": \"0\", \"remove_dups\": false, \"split_output\": {\"split_output_selector\": \"no\", \"__current_case__\": 0}, \"trim_quality\": \"0\", \"use_reference\": {\"use_ref_selector\": \"no\", \"__current_case__\": 1}, \"__page__\": null, \"__rerun_remap_job_id__\": null}",
            "tool_version": "2.0",
            "type": "tool",
            "uuid": "3b5e7563-f7e7-42cd-a04c-ce88dd5951f1",
            "when": null,
            "workflow_outputs": [
                {
                    "label": null,
                    "output_name": "output",
                    "uuid": null
                }
            ]
        }
    },
    "tags": [],
    "uuid": "3352e59b-19e2-4eac-b091-46f47785832b",
    "version": 1
}