{
    "a_galaxy_workflow": "true",
    "annotation": "",
    "format-version": "0.1",
    "name": "COVID-19: MCRA",
    "steps": {
        "0": {
            "annotation": "",
            "content_id": null,
            "errors": null,
            "id": 0,
            "input_connections": {},
            "inputs": [
                {
                    "description": "",
                    "name": "CoV acc date"
                }
            ],
            "label": "CoV acc date",
            "name": "Input dataset",
            "outputs": [],
            "position": {
                "left": 287,
                "top": 231.3125
            },
            "tool_id": null,
            "tool_state": "{\"optional\": false, \"tag\": null}",
            "tool_version": null,
            "type": "data_input",
            "uuid": "2643deac-b2e3-42b5-96e4-6c76dcca77ee",
            "when": null,
            "workflow_outputs": [
                {
                    "label": null,
                    "output_name": "output",
                    "uuid": "52478883-1457-45ea-864d-eada76e21adf"
                }
            ]
        },
        "1": {
            "annotation": "",
            "content_id": "Remove beginning1",
            "errors": null,
            "id": 1,
            "input_connections": {
                "input": {
                    "id": 0,
                    "output_name": "output"
                }
            },
            "inputs": [],
            "label": null,
            "name": "Remove beginning",
            "outputs": [
                {
                    "name": "out_file1",
                    "type": "input"
                }
            ],
            "position": {
                "left": 304.4687805175781,
                "top": 358.20314025878906
            },
            "post_job_actions": {
                "HideDatasetActionout_file1": {
                    "action_arguments": {},
                    "action_type": "HideDatasetAction",
                    "output_name": "out_file1"
                }
            },
            "tool_id": "Remove beginning1",
            "tool_state": "{\"input\": {\"__class__\": \"ConnectedValue\"}, \"num_lines\": \"1\", \"__page__\": null, \"__rerun_remap_job_id__\": null}",
            "tool_version": "1.0.0",
            "type": "tool",
            "uuid": "8bef1140-8e4b-45ee-8298-0b5532b921e4",
            "when": null,
            "workflow_outputs": []
        },
        "2": {
            "annotation": "",
            "content_id": "Convert characters1",
            "errors": null,
            "id": 2,
            "input_connections": {
                "input": {
                    "id": 1,
                    "output_name": "out_file1"
                }
            },
            "inputs": [],
            "label": null,
            "name": "Convert",
            "outputs": [
                {
                    "name": "out_file1",
                    "type": "tabular"
                }
            ],
            "position": {
                "left": 332.71875,
                "top": 523.8125305175781
            },
            "post_job_actions": {
                "HideDatasetActionout_file1": {
                    "action_arguments": {},
                    "action_type": "HideDatasetAction",
                    "output_name": "out_file1"
                }
            },
            "tool_id": "Convert characters1",
            "tool_state": "{\"condense\": true, \"convert_from\": \"C\", \"input\": {\"__class__\": \"ConnectedValue\"}, \"strip\": true, \"__page__\": null, \"__rerun_remap_job_id__\": null}",
            "tool_version": "1.0.0",
            "type": "tool",
            "uuid": "f768b440-bb0d-4c20-9fb1-a24132bce9e3",
            "when": null,
            "workflow_outputs": []
        },
        "3": {
            "annotation": "",
            "content_id": "Cut1",
            "errors": null,
            "id": 3,
            "input_connections": {
                "input": {
                    "id": 2,
                    "output_name": "out_file1"
                }
            },
            "inputs": [],
            "label": null,
            "name": "Cut",
            "outputs": [
                {
                    "name": "out_file1",
                    "type": "tabular"
                }
            ],
            "position": {
                "left": 370.7031555175781,
                "top": 641.6875305175781
            },
            "post_job_actions": {
                "HideDatasetActionout_file1": {
                    "action_arguments": {},
                    "action_type": "HideDatasetAction",
                    "output_name": "out_file1"
                }
            },
            "tool_id": "Cut1",
            "tool_state": "{\"columnList\": \"c1\", \"delimiter\": \"T\", \"input\": {\"__class__\": \"ConnectedValue\"}, \"__page__\": null, \"__rerun_remap_job_id__\": null}",
            "tool_version": "1.0.2",
            "type": "tool",
            "uuid": "75a1ef2f-fe51-4c23-b327-61e998ff2de8",
            "when": null,
            "workflow_outputs": []
        },
        "4": {
            "annotation": "",
            "content_id": "toolshed.g2.bx.psu.edu/repos/iuc/ncbi_acc_download/ncbi_acc_download/0.2.5+galaxy0",
            "errors": null,
            "id": 4,
            "input_connections": {
                "query_source|accession_file": {
                    "id": 3,
                    "output_name": "out_file1"
                }
            },
            "inputs": [],
            "label": null,
            "name": "NCBI Accession Download",
            "outputs": [
                {
                    "name": "output",
                    "type": "input"
                },
                {
                    "name": "error_log",
                    "type": "txt"
                }
            ],
            "position": {
                "left": 457.625,
                "top": 799.2031555175781
            },
            "post_job_actions": {
                "HideDatasetActionerror_log": {
                    "action_arguments": {},
                    "action_type": "HideDatasetAction",
                    "output_name": "error_log"
                },
                "HideDatasetActionoutput": {
                    "action_arguments": {},
                    "action_type": "HideDatasetAction",
                    "output_name": "output"
                }
            },
            "tool_id": "toolshed.g2.bx.psu.edu/repos/iuc/ncbi_acc_download/ncbi_acc_download/0.2.5+galaxy0",
            "tool_shed_repository": {
                "changeset_revision": "1c58de56d587",
                "name": "ncbi_acc_download",
                "owner": "iuc",
                "tool_shed": "toolshed.g2.bx.psu.edu"
            },
            "tool_state": "{\"ignore_failed\": \"0\", \"molecule\": {\"select\": \"nucleotide\", \"__current_case__\": 0, \"format\": \"fasta\"}, \"query_source\": {\"select\": \"accession_file\", \"__current_case__\": 0, \"accession_file\": {\"__class__\": \"ConnectedValue\"}}, \"__page__\": null, \"__rerun_remap_job_id__\": null}",
            "tool_version": "0.2.5+galaxy0",
            "type": "tool",
            "uuid": "ae929df7-4ccb-46de-a181-ea1017feaf20",
            "when": null,
            "workflow_outputs": []
        },
        "5": {
            "annotation": "",
            "content_id": "toolshed.g2.bx.psu.edu/repos/devteam/picard/picard_NormalizeFasta/2.18.2.1",
            "errors": null,
            "id": 5,
            "input_connections": {
                "inputFile": {
                    "id": 4,
                    "output_name": "output"
                }
            },
            "inputs": [],
            "label": null,
            "name": "NormalizeFasta",
            "outputs": [
                {
                    "name": "outFile",
                    "type": "fasta"
                }
            ],
            "position": {
                "left": 619.0938110351562,
                "top": 230.40625
            },
            "post_job_actions": {
                "HideDatasetActionoutFile": {
                    "action_arguments": {},
                    "action_type": "HideDatasetAction",
                    "output_name": "outFile"
                }
            },
            "tool_id": "toolshed.g2.bx.psu.edu/repos/devteam/picard/picard_NormalizeFasta/2.18.2.1",
            "tool_shed_repository": {
                "changeset_revision": "a1f0b3f4b781",
                "name": "picard",
                "owner": "devteam",
                "tool_shed": "toolshed.g2.bx.psu.edu"
            },
            "tool_state": "{\"inputFile\": {\"__class__\": \"ConnectedValue\"}, \"line_length\": \"100\", \"truncate_sequence_names_at_whitespaces\": true, \"__page__\": null, \"__rerun_remap_job_id__\": null}",
            "tool_version": "2.18.2.1",
            "type": "tool",
            "uuid": "fb7624a1-e8c0-431f-96f6-6af0661a3bac",
            "when": null,
            "workflow_outputs": []
        },
        "6": {
            "annotation": "",
            "content_id": "toolshed.g2.bx.psu.edu/repos/bgruening/text_processing/tp_sed_tool/1.1.1",
            "errors": null,
            "id": 6,
            "input_connections": {
                "infile": {
                    "id": 5,
                    "output_name": "outFile"
                }
            },
            "inputs": [],
            "label": null,
            "name": "Text transformation",
            "outputs": [
                {
                    "name": "output",
                    "type": "input"
                }
            ],
            "position": {
                "left": 697.75,
                "top": 437.40625
            },
            "post_job_actions": {
                "HideDatasetActionoutput": {
                    "action_arguments": {},
                    "action_type": "HideDatasetAction",
                    "output_name": "output"
                }
            },
            "tool_id": "toolshed.g2.bx.psu.edu/repos/bgruening/text_processing/tp_sed_tool/1.1.1",
            "tool_shed_repository": {
                "changeset_revision": "ddf54b12c295",
                "name": "text_processing",
                "owner": "bgruening",
                "tool_shed": "toolshed.g2.bx.psu.edu"
            },
            "tool_state": "{\"adv_opts\": {\"adv_opts_selector\": \"basic\", \"__current_case__\": 0}, \"code\": \"s/\\\\..$//\", \"infile\": {\"__class__\": \"ConnectedValue\"}, \"__page__\": null, \"__rerun_remap_job_id__\": null}",
            "tool_version": "1.1.1",
            "type": "tool",
            "uuid": "835bc1ba-654a-419d-a0fc-4effb5e033cb",
            "when": null,
            "workflow_outputs": []
        },
        "7": {
            "annotation": "",
            "content_id": "toolshed.g2.bx.psu.edu/repos/nml/collapse_collections/collapse_dataset/4.1",
            "errors": null,
            "id": 7,
            "input_connections": {
                "input_list": {
                    "id": 6,
                    "output_name": "output"
                }
            },
            "inputs": [],
            "label": null,
            "name": "Collapse Collection",
            "outputs": [
                {
                    "name": "output",
                    "type": "input"
                }
            ],
            "position": {
                "left": 711.609375,
                "top": 652.5000305175781
            },
            "post_job_actions": {
                "HideDatasetActionoutput": {
                    "action_arguments": {},
                    "action_type": "HideDatasetAction",
                    "output_name": "output"
                }
            },
            "tool_id": "toolshed.g2.bx.psu.edu/repos/nml/collapse_collections/collapse_dataset/4.1",
            "tool_shed_repository": {
                "changeset_revision": "33151a38533a",
                "name": "collapse_collections",
                "owner": "nml",
                "tool_shed": "toolshed.g2.bx.psu.edu"
            },
            "tool_state": "{\"filename\": {\"add_name\": false, \"__current_case__\": 1}, \"input_list\": {\"__class__\": \"ConnectedValue\"}, \"one_header\": false, \"__page__\": null, \"__rerun_remap_job_id__\": null}",
            "tool_version": "4.1",
            "type": "tool",
            "uuid": "8156d17d-a057-4c64-b0bf-c0837440d330",
            "when": null,
            "workflow_outputs": []
        },
        "8": {
            "annotation": "",
            "content_id": "toolshed.g2.bx.psu.edu/repos/rnateam/mafft/rbc_mafft/7.221.3",
            "errors": null,
            "id": 8,
            "input_connections": {
                "inputSequences": {
                    "id": 7,
                    "output_name": "output"
                }
            },
            "inputs": [],
            "label": null,
            "name": "MAFFT",
            "outputs": [
                {
                    "name": "outputAlignment",
                    "type": "fasta"
                }
            ],
            "position": {
                "left": 774.078125,
                "top": 845.1094055175781
            },
            "post_job_actions": {
                "HideDatasetActionoutputAlignment": {
                    "action_arguments": {},
                    "action_type": "HideDatasetAction",
                    "output_name": "outputAlignment"
                }
            },
            "tool_id": "toolshed.g2.bx.psu.edu/repos/rnateam/mafft/rbc_mafft/7.221.3",
            "tool_shed_repository": {
                "changeset_revision": "15974dd17515",
                "name": "mafft",
                "owner": "rnateam",
                "tool_shed": "toolshed.g2.bx.psu.edu"
            },
            "tool_state": "{\"__job_resource\": {\"__job_resource__select\": \"no\", \"__current_case__\": 0}, \"adjustdirection\": \" \", \"cond_flavour\": {\"flavourType\": \"mafft-fftns\", \"__current_case__\": 0}, \"datatype\": \"--nuc\", \"ep\": \"0.123\", \"getTree\": false, \"inputSequences\": {\"__class__\": \"ConnectedValue\"}, \"matrix_condition\": {\"matrix\": \"\", \"__current_case__\": 0}, \"op\": \"1.53\", \"outputFormat\": \"\", \"reorder\": false, \"__page__\": null, \"__rerun_remap_job_id__\": null}",
            "tool_version": "7.221.3",
            "type": "tool",
            "uuid": "dae7b22d-aaa6-4e42-b08b-85e356568715",
            "when": null,
            "workflow_outputs": []
        },
        "9": {
            "annotation": "",
            "content_id": "toolshed.g2.bx.psu.edu/repos/iuc/fasttree/fasttree/2.1.10+galaxy1",
            "errors": null,
            "id": 9,
            "input_connections": {
                "input_selector|input": {
                    "id": 8,
                    "output_name": "outputAlignment"
                }
            },
            "inputs": [],
            "label": null,
            "name": "FASTTREE",
            "outputs": [
                {
                    "name": "output",
                    "type": "nhx"
                }
            ],
            "position": {
                "left": 1074.46875,
                "top": 373.89064025878906
            },
            "post_job_actions": {},
            "tool_id": "toolshed.g2.bx.psu.edu/repos/iuc/fasttree/fasttree/2.1.10+galaxy1",
            "tool_shed_repository": {
                "changeset_revision": "e005e659ae21",
                "name": "fasttree",
                "owner": "iuc",
                "tool_shed": "toolshed.g2.bx.psu.edu"
            },
            "tool_state": "{\"advanced_selector\": {\"maximize\": \"min\", \"__current_case__\": 0}, \"input_selector\": {\"select_format\": \"fasta\", \"__current_case__\": 0, \"input\": {\"__class__\": \"ConnectedValue\"}, \"quote\": false, \"intree_selector\": {\"intree_format\": \"none\", \"__current_case__\": 0}}, \"model_selector\": {\"format\": \"-nt\", \"__current_case__\": 0, \"model\": \"-gtr\"}, \"save_logfile\": false, \"__page__\": null, \"__rerun_remap_job_id__\": null}",
            "tool_version": "2.1.10+galaxy1",
            "type": "tool",
            "uuid": "0446780d-62f0-46f9-a05d-8ebf2177f3b4",
            "when": null,
            "workflow_outputs": [
                {
                    "label": null,
                    "output_name": "output",
                    "uuid": "85841a60-719a-4593-877c-f0c54322b727"
                }
            ]
        }
    },
    "tags": [],
    "uuid": "8cbed5e0-3688-49d7-9516-9bd67e6d1f4e",
    "version": 8
}