{
    "a_galaxy_workflow": "true",
    "annotation": "",
    "format-version": "0.1",
    "name": "Workflow constructed from history 'My Example -Aug 27,20'",
    "steps": {
        "0": {
            "annotation": "",
            "content_id": null,
            "errors": null,
            "id": 0,
            "input_connections": {},
            "inputs": [
                {
                    "description": "",
                    "name": "Exons"
                }
            ],
            "label": null,
            "name": "Input dataset",
            "outputs": [],
            "position": {
                "left": 10,
                "top": 10
            },
            "tool_id": null,
            "tool_state": "{\"optional\": false, \"tag\": null}",
            "tool_version": null,
            "type": "data_input",
            "uuid": "1fd34e25-2476-4dec-9631-cf4dec77542b",
            "when": null,
            "workflow_outputs": []
        },
        "1": {
            "annotation": "",
            "content_id": null,
            "errors": null,
            "id": 1,
            "input_connections": {},
            "inputs": [
                {
                    "description": "",
                    "name": "SNPs"
                }
            ],
            "label": null,
            "name": "Input dataset",
            "outputs": [],
            "position": {
                "left": 10,
                "top": 130
            },
            "tool_id": null,
            "tool_state": "{\"optional\": false, \"tag\": null}",
            "tool_version": null,
            "type": "data_input",
            "uuid": "c6fc7dcc-5476-460a-a0f2-4c528df74470",
            "when": null,
            "workflow_outputs": []
        },
        "2": {
            "annotation": "",
            "content_id": "toolshed.g2.bx.psu.edu/repos/devteam/join/gops_join_1/1.0.0",
            "errors": null,
            "id": 2,
            "input_connections": {
                "input1": {
                    "id": 0,
                    "output_name": "output"
                },
                "input2": {
                    "id": 1,
                    "output_name": "output"
                }
            },
            "inputs": [],
            "label": null,
            "name": "Join",
            "outputs": [
                {
                    "name": "output",
                    "type": "interval"
                }
            ],
            "position": {
                "left": 230,
                "top": 10
            },
            "post_job_actions": {},
            "tool_id": "toolshed.g2.bx.psu.edu/repos/devteam/join/gops_join_1/1.0.0",
            "tool_shed_repository": {
                "changeset_revision": "718d04143c31",
                "name": "join",
                "owner": "devteam",
                "tool_shed": "toolshed.g2.bx.psu.edu"
            },
            "tool_state": "{\"__input_ext\": \"bed\", \"chromInfo\": \"/cvmfs/data.galaxyproject.org/managed/len/ucsc/hg38.len\", \"fill\": \"none\", \"input1\": null, \"input2\": null, \"min\": \"1\", \"__page__\": null, \"__rerun_remap_job_id__\": null}",
            "tool_version": "1.0.0",
            "type": "tool",
            "uuid": "0ffcc172-fc85-4cb3-b3ce-411fdb2a9aa7",
            "when": null,
            "workflow_outputs": []
        },
        "3": {
            "annotation": "",
            "content_id": "Grouping1",
            "errors": null,
            "id": 3,
            "input_connections": {
                "input1": {
                    "id": 2,
                    "output_name": "output"
                }
            },
            "inputs": [],
            "label": null,
            "name": "Group",
            "outputs": [
                {
                    "name": "out_file1",
                    "type": "tabular"
                }
            ],
            "position": {
                "left": 450,
                "top": 10
            },
            "post_job_actions": {},
            "tool_id": "Grouping1",
            "tool_state": "{\"__input_ext\": \"bed\", \"chromInfo\": \"/cvmfs/data.galaxyproject.org/managed/len/ucsc/hg38.len\", \"groupcol\": \"4\", \"ignorecase\": false, \"ignorelines\": null, \"input1\": null, \"operations\": [{\"__index__\": 0, \"optype\": \"length\", \"opcol\": \"4\", \"opround\": \"yes\", \"opdefault\": null}], \"__page__\": null, \"__rerun_remap_job_id__\": null}",
            "tool_version": "2.1.4",
            "type": "tool",
            "uuid": "b3164ac6-2364-499f-b131-f7f453cc41d7",
            "when": null,
            "workflow_outputs": []
        },
        "4": {
            "annotation": "",
            "content_id": "toolshed.g2.bx.psu.edu/repos/bgruening/text_processing/tp_sort_header_tool/1.1.1",
            "errors": null,
            "id": 4,
            "input_connections": {
                "infile": {
                    "id": 3,
                    "output_name": "out_file1"
                }
            },
            "inputs": [],
            "label": null,
            "name": "Sort",
            "outputs": [
                {
                    "name": "outfile",
                    "type": "input"
                }
            ],
            "position": {
                "left": 670,
                "top": 10
            },
            "post_job_actions": {},
            "tool_id": "toolshed.g2.bx.psu.edu/repos/bgruening/text_processing/tp_sort_header_tool/1.1.1",
            "tool_shed_repository": {
                "changeset_revision": "ddf54b12c295",
                "name": "text_processing",
                "owner": "bgruening",
                "tool_shed": "toolshed.g2.bx.psu.edu"
            },
            "tool_state": "{\"__input_ext\": \"tabular\", \"chromInfo\": \"/cvmfs/data.galaxyproject.org/managed/len/ucsc/hg38.len\", \"header\": \"0\", \"ignore_case\": false, \"infile\": null, \"sortkeys\": [{\"__index__\": 0, \"column\": \"2\", \"order\": \"r\", \"style\": \"n\"}], \"unique\": false, \"__page__\": null, \"__rerun_remap_job_id__\": null}",
            "tool_version": "1.1.1",
            "type": "tool",
            "uuid": "aa1c8877-d43b-43e5-9411-e4a6d19a4ece",
            "when": null,
            "workflow_outputs": []
        },
        "5": {
            "annotation": "",
            "content_id": "Show beginning1",
            "errors": null,
            "id": 5,
            "input_connections": {
                "input": {
                    "id": 4,
                    "output_name": "outfile"
                }
            },
            "inputs": [],
            "label": null,
            "name": "Select first",
            "outputs": [
                {
                    "name": "out_file1",
                    "type": "input"
                }
            ],
            "position": {
                "left": 890,
                "top": 10
            },
            "post_job_actions": {},
            "tool_id": "Show beginning1",
            "tool_state": "{\"__input_ext\": \"tabular\", \"chromInfo\": \"/cvmfs/data.galaxyproject.org/managed/len/ucsc/hg38.len\", \"input\": null, \"lineNum\": \"5\", \"__page__\": null, \"__rerun_remap_job_id__\": null}",
            "tool_version": "1.0.0",
            "type": "tool",
            "uuid": "3cf22c54-aa3c-40b0-b232-66beeb85c1b2",
            "when": null,
            "workflow_outputs": []
        },
        "6": {
            "annotation": "",
            "content_id": "join1",
            "errors": null,
            "id": 6,
            "input_connections": {
                "input1": {
                    "id": 0,
                    "output_name": "output"
                },
                "input2": {
                    "id": 5,
                    "output_name": "out_file1"
                }
            },
            "inputs": [],
            "label": null,
            "name": "Join two Datasets",
            "outputs": [
                {
                    "name": "out_file1",
                    "type": "tabular"
                }
            ],
            "position": {
                "left": 1110,
                "top": 10
            },
            "post_job_actions": {},
            "tool_id": "join1",
            "tool_state": "{\"__input_ext\": \"bed\", \"chromInfo\": \"/cvmfs/data.galaxyproject.org/managed/len/ucsc/hg38.len\", \"field1\": \"4\", \"field2\": \"1\", \"fill_empty_columns\": {\"fill_empty_columns_switch\": \"no_fill\", \"__current_case__\": 0}, \"header\": \"\", \"input1\": null, \"input2\": null, \"partial\": \"\", \"unmatched\": \"\", \"__page__\": null, \"__rerun_remap_job_id__\": null}",
            "tool_version": "2.1.3",
            "type": "tool",
            "uuid": "d67bdff7-978f-4e33-a3db-12d6d6faff75",
            "when": null,
            "workflow_outputs": []
        },
        "7": {
            "annotation": "",
            "content_id": "toolshed.g2.bx.psu.edu/repos/bgruening/text_processing/tp_cut_tool/1.1.0",
            "errors": null,
            "id": 7,
            "input_connections": {
                "input": {
                    "id": 6,
                    "output_name": "out_file1"
                }
            },
            "inputs": [],
            "label": null,
            "name": "Advanced Cut",
            "outputs": [
                {
                    "name": "output",
                    "type": "tabular"
                }
            ],
            "position": {
                "left": 1330,
                "top": 10
            },
            "post_job_actions": {},
            "tool_id": "toolshed.g2.bx.psu.edu/repos/bgruening/text_processing/tp_cut_tool/1.1.0",
            "tool_shed_repository": {
                "changeset_revision": "ddf54b12c295",
                "name": "text_processing",
                "owner": "bgruening",
                "tool_shed": "toolshed.g2.bx.psu.edu"
            },
            "tool_state": "{\"__input_ext\": \"tabular\", \"chromInfo\": \"/cvmfs/data.galaxyproject.org/managed/len/ucsc/hg38.len\", \"complement\": \"\", \"cut_type_options\": {\"cut_element\": \"-f\", \"__current_case__\": 0, \"list\": [\"1\", \"2\", \"3\", \"4\", \"8\", \"6\"]}, \"delimiter\": \"\", \"input\": null, \"__page__\": null, \"__rerun_remap_job_id__\": null}",
            "tool_version": "1.1.0",
            "type": "tool",
            "uuid": "519c6387-0762-4da9-a51f-d0d749fd3cc1",
            "when": null,
            "workflow_outputs": []
        }
    },
    "tags": [],
    "uuid": "e373d3df-7d24-4ad8-b8f4-58a1922ce0fb",
    "version": 0
}