{
    "a_galaxy_workflow": "true",
    "annotation": "",
    "format-version": "0.1",
    "name": "NrD Workflow: 4 rounds",
    "steps": {
        "0": {
            "annotation": "",
            "content_id": null,
            "errors": null,
            "id": 0,
            "input_connections": {},
            "inputs": [
                {
                    "description": "",
                    "name": "4"
                }
            ],
            "label": "4",
            "name": "Input dataset",
            "outputs": [],
            "position": {
                "bottom": -209.5,
                "height": 61,
                "left": -671.046875,
                "right": -471.046875,
                "top": -270.5,
                "width": 200,
                "x": -671.046875,
                "y": -270.5
            },
            "tool_id": null,
            "tool_state": "{\"optional\": false, \"tag\": null}",
            "tool_version": null,
            "type": "data_input",
            "uuid": "66900c6e-a57d-41cd-a812-7267b9b36216",
            "when": null,
            "workflow_outputs": []
        },
        "1": {
            "annotation": "",
            "content_id": null,
            "errors": null,
            "id": 1,
            "input_connections": {},
            "inputs": [
                {
                    "description": "",
                    "name": "\"Input Dataset\""
                }
            ],
            "label": "\"Input Dataset\"",
            "name": "Input dataset",
            "outputs": [],
            "position": {
                "bottom": -209.21875,
                "height": 61,
                "left": -714.0625,
                "right": -514.0625,
                "top": -270.21875,
                "width": 200,
                "x": -714.0625,
                "y": -270.21875
            },
            "tool_id": null,
            "tool_state": "{\"optional\": false, \"tag\": null}",
            "tool_version": null,
            "type": "data_input",
            "uuid": "39aeac49-4d32-446a-bee4-47955e25a047",
            "when": null,
            "workflow_outputs": []
        },
        "2": {
            "annotation": "",
            "content_id": null,
            "errors": null,
            "id": 2,
            "input_connections": {},
            "inputs": [
                {
                    "description": "",
                    "name": "\"Input Dataset\""
                }
            ],
            "label": "\"Input Dataset\"",
            "name": "Input dataset",
            "outputs": [],
            "position": {
                "bottom": -215.484375,
                "height": 61,
                "left": -782.03125,
                "right": -582.03125,
                "top": -276.484375,
                "width": 200,
                "x": -782.03125,
                "y": -276.484375
            },
            "tool_id": null,
            "tool_state": "{\"optional\": false, \"tag\": null}",
            "tool_version": null,
            "type": "data_input",
            "uuid": "b80b3ead-d77a-4178-8ac2-0182a33df921",
            "when": null,
            "workflow_outputs": []
        },
        "3": {
            "annotation": "",
            "content_id": null,
            "errors": null,
            "id": 3,
            "input_connections": {},
            "inputs": [
                {
                    "description": "",
                    "name": "\"Input Dataset\""
                }
            ],
            "label": "\"Input Dataset\"",
            "name": "Input dataset",
            "outputs": [],
            "position": {
                "bottom": -220.5625,
                "height": 61,
                "left": -831.0625,
                "right": -631.0625,
                "top": -281.5625,
                "width": 200,
                "x": -831.0625,
                "y": -281.5625
            },
            "tool_id": null,
            "tool_state": "{\"optional\": false, \"tag\": null}",
            "tool_version": null,
            "type": "data_input",
            "uuid": "f8385740-7b98-4bca-8d75-d9822f3ec8fb",
            "when": null,
            "workflow_outputs": []
        },
        "4": {
            "annotation": "",
            "content_id": "toolshed.g2.bx.psu.edu/repos/devteam/fasta_to_tabular/fasta2tab/1.1.0",
            "errors": null,
            "id": 4,
            "input_connections": {
                "input": {
                    "id": 0,
                    "output_name": "output"
                }
            },
            "inputs": [],
            "label": null,
            "name": "FASTA-to-Tabular",
            "outputs": [
                {
                    "name": "output",
                    "type": "tabular"
                }
            ],
            "position": {
                "bottom": 821.78125,
                "height": 92,
                "left": -87.046875,
                "right": 112.953125,
                "top": 729.78125,
                "width": 200,
                "x": -87.046875,
                "y": 729.78125
            },
            "post_job_actions": {
                "HideDatasetActionoutput": {
                    "action_arguments": {},
                    "action_type": "HideDatasetAction",
                    "output_name": "output"
                }
            },
            "tool_id": "toolshed.g2.bx.psu.edu/repos/devteam/fasta_to_tabular/fasta2tab/1.1.0",
            "tool_shed_repository": {
                "changeset_revision": "7e801ab2b70e",
                "name": "fasta_to_tabular",
                "owner": "devteam",
                "tool_shed": "toolshed.g2.bx.psu.edu"
            },
            "tool_state": "{\"descr_columns\": \"1\", \"input\": {\"__class__\": \"ConnectedValue\"}, \"keep_first\": \"0\", \"__page__\": null, \"__rerun_remap_job_id__\": null}",
            "tool_version": "1.1.0",
            "type": "tool",
            "uuid": "670ec766-9b67-40c2-a3b1-e2f8bc621a57",
            "when": null,
            "workflow_outputs": []
        },
        "5": {
            "annotation": "",
            "content_id": "toolshed.g2.bx.psu.edu/repos/devteam/fasta_to_tabular/fasta2tab/1.1.0",
            "errors": null,
            "id": 5,
            "input_connections": {
                "input": {
                    "id": 1,
                    "output_name": "output"
                }
            },
            "inputs": [],
            "label": null,
            "name": "FASTA-to-Tabular",
            "outputs": [
                {
                    "name": "output",
                    "type": "tabular"
                }
            ],
            "position": {
                "bottom": 733.796875,
                "height": 92,
                "left": -83.875,
                "right": 116.125,
                "top": 641.796875,
                "width": 200,
                "x": -83.875,
                "y": 641.796875
            },
            "post_job_actions": {
                "HideDatasetActionoutput": {
                    "action_arguments": {},
                    "action_type": "HideDatasetAction",
                    "output_name": "output"
                }
            },
            "tool_id": "toolshed.g2.bx.psu.edu/repos/devteam/fasta_to_tabular/fasta2tab/1.1.0",
            "tool_shed_repository": {
                "changeset_revision": "7e801ab2b70e",
                "name": "fasta_to_tabular",
                "owner": "devteam",
                "tool_shed": "toolshed.g2.bx.psu.edu"
            },
            "tool_state": "{\"descr_columns\": \"1\", \"input\": {\"__class__\": \"ConnectedValue\"}, \"keep_first\": \"0\", \"__page__\": null, \"__rerun_remap_job_id__\": null}",
            "tool_version": "1.1.0",
            "type": "tool",
            "uuid": "a486e82b-9db1-40e9-82e5-5c681258464b",
            "when": null,
            "workflow_outputs": []
        },
        "6": {
            "annotation": "",
            "content_id": "toolshed.g2.bx.psu.edu/repos/devteam/fasta_to_tabular/fasta2tab/1.1.0",
            "errors": null,
            "id": 6,
            "input_connections": {
                "input": {
                    "id": 2,
                    "output_name": "output"
                }
            },
            "inputs": [],
            "label": null,
            "name": "FASTA-to-Tabular",
            "outputs": [
                {
                    "name": "output",
                    "type": "tabular"
                }
            ],
            "position": {
                "bottom": 628.671875,
                "height": 92,
                "left": -89.125,
                "right": 110.875,
                "top": 536.671875,
                "width": 200,
                "x": -89.125,
                "y": 536.671875
            },
            "post_job_actions": {
                "HideDatasetActionoutput": {
                    "action_arguments": {},
                    "action_type": "HideDatasetAction",
                    "output_name": "output"
                }
            },
            "tool_id": "toolshed.g2.bx.psu.edu/repos/devteam/fasta_to_tabular/fasta2tab/1.1.0",
            "tool_shed_repository": {
                "changeset_revision": "7e801ab2b70e",
                "name": "fasta_to_tabular",
                "owner": "devteam",
                "tool_shed": "toolshed.g2.bx.psu.edu"
            },
            "tool_state": "{\"descr_columns\": \"1\", \"input\": {\"__class__\": \"ConnectedValue\"}, \"keep_first\": \"0\", \"__page__\": null, \"__rerun_remap_job_id__\": null}",
            "tool_version": "1.1.0",
            "type": "tool",
            "uuid": "b456dde1-9273-425b-90fd-7dabbc15067a",
            "when": null,
            "workflow_outputs": []
        },
        "7": {
            "annotation": "",
            "content_id": "cat1",
            "errors": null,
            "id": 7,
            "input_connections": {
                "input1": {
                    "id": 3,
                    "output_name": "output"
                },
                "queries_0|input2": {
                    "id": 2,
                    "output_name": "output"
                },
                "queries_1|input2": {
                    "id": 1,
                    "output_name": "output"
                },
                "queries_2|input2": {
                    "id": 0,
                    "output_name": "output"
                }
            },
            "inputs": [],
            "label": null,
            "name": "Concatenate datasets",
            "outputs": [
                {
                    "name": "out_file1",
                    "type": "input"
                }
            ],
            "position": {
                "bottom": 339.28125,
                "height": 202,
                "left": -148.765625,
                "right": 51.234375,
                "top": 137.28125,
                "width": 200,
                "x": -148.765625,
                "y": 137.28125
            },
            "post_job_actions": {
                "HideDatasetActionout_file1": {
                    "action_arguments": {},
                    "action_type": "HideDatasetAction",
                    "output_name": "out_file1"
                }
            },
            "tool_id": "cat1",
            "tool_state": "{\"input1\": {\"__class__\": \"ConnectedValue\"}, \"queries\": [{\"__index__\": 0, \"input2\": {\"__class__\": \"ConnectedValue\"}}, {\"__index__\": 1, \"input2\": {\"__class__\": \"ConnectedValue\"}}, {\"__index__\": 2, \"input2\": {\"__class__\": \"ConnectedValue\"}}], \"__page__\": null, \"__rerun_remap_job_id__\": null}",
            "tool_version": "1.0.0",
            "type": "tool",
            "uuid": "833eb0c3-9a6d-49f9-bbc6-bd441fc61d2f",
            "when": null,
            "workflow_outputs": []
        },
        "8": {
            "annotation": "",
            "content_id": "toolshed.g2.bx.psu.edu/repos/devteam/fasta_to_tabular/fasta2tab/1.1.0",
            "errors": null,
            "id": 8,
            "input_connections": {
                "input": {
                    "id": 3,
                    "output_name": "output"
                }
            },
            "inputs": [],
            "label": null,
            "name": "FASTA-to-Tabular",
            "outputs": [
                {
                    "name": "output",
                    "type": "tabular"
                }
            ],
            "position": {
                "bottom": 529.546875,
                "height": 92,
                "left": -91,
                "right": 109,
                "top": 437.546875,
                "width": 200,
                "x": -91,
                "y": 437.546875
            },
            "post_job_actions": {
                "HideDatasetActionoutput": {
                    "action_arguments": {},
                    "action_type": "HideDatasetAction",
                    "output_name": "output"
                }
            },
            "tool_id": "toolshed.g2.bx.psu.edu/repos/devteam/fasta_to_tabular/fasta2tab/1.1.0",
            "tool_shed_repository": {
                "changeset_revision": "7e801ab2b70e",
                "name": "fasta_to_tabular",
                "owner": "devteam",
                "tool_shed": "toolshed.g2.bx.psu.edu"
            },
            "tool_state": "{\"descr_columns\": \"1\", \"input\": {\"__class__\": \"ConnectedValue\"}, \"keep_first\": \"0\", \"__page__\": null, \"__rerun_remap_job_id__\": null}",
            "tool_version": "1.1.0",
            "type": "tool",
            "uuid": "815c5bda-9b22-4c53-92a7-f6b24529bbcf",
            "when": null,
            "workflow_outputs": []
        },
        "9": {
            "annotation": "",
            "content_id": "Convert characters1",
            "errors": null,
            "id": 9,
            "input_connections": {
                "input": {
                    "id": 4,
                    "output_name": "output"
                }
            },
            "inputs": [],
            "label": null,
            "name": "Convert",
            "outputs": [
                {
                    "name": "out_file1",
                    "type": "tabular"
                }
            ],
            "position": {
                "bottom": 842.78125,
                "height": 92,
                "left": 116.9375,
                "right": 316.9375,
                "top": 750.78125,
                "width": 200,
                "x": 116.9375,
                "y": 750.78125
            },
            "post_job_actions": {
                "HideDatasetActionout_file1": {
                    "action_arguments": {},
                    "action_type": "HideDatasetAction",
                    "output_name": "out_file1"
                }
            },
            "tool_id": "Convert characters1",
            "tool_state": "{\"condense\": true, \"convert_from\": \"D\", \"input\": {\"__class__\": \"ConnectedValue\"}, \"strip\": true, \"__page__\": null, \"__rerun_remap_job_id__\": null}",
            "tool_version": "1.0.0",
            "type": "tool",
            "uuid": "3e5ec5ae-3042-481c-b4d7-56143b69e35f",
            "when": null,
            "workflow_outputs": []
        },
        "10": {
            "annotation": "",
            "content_id": "Convert characters1",
            "errors": null,
            "id": 10,
            "input_connections": {
                "input": {
                    "id": 5,
                    "output_name": "output"
                }
            },
            "inputs": [],
            "label": null,
            "name": "Convert",
            "outputs": [
                {
                    "name": "out_file1",
                    "type": "tabular"
                }
            ],
            "position": {
                "bottom": 736.59375,
                "height": 92,
                "left": 113.59375,
                "right": 313.59375,
                "top": 644.59375,
                "width": 200,
                "x": 113.59375,
                "y": 644.59375
            },
            "post_job_actions": {
                "HideDatasetActionout_file1": {
                    "action_arguments": {},
                    "action_type": "HideDatasetAction",
                    "output_name": "out_file1"
                }
            },
            "tool_id": "Convert characters1",
            "tool_state": "{\"condense\": true, \"convert_from\": \"D\", \"input\": {\"__class__\": \"ConnectedValue\"}, \"strip\": true, \"__page__\": null, \"__rerun_remap_job_id__\": null}",
            "tool_version": "1.0.0",
            "type": "tool",
            "uuid": "fb14d589-2ae4-47ab-b46f-ffb405a3a9b0",
            "when": null,
            "workflow_outputs": []
        },
        "11": {
            "annotation": "",
            "content_id": "Convert characters1",
            "errors": null,
            "id": 11,
            "input_connections": {
                "input": {
                    "id": 6,
                    "output_name": "output"
                }
            },
            "inputs": [],
            "label": null,
            "name": "Convert",
            "outputs": [
                {
                    "name": "out_file1",
                    "type": "tabular"
                }
            ],
            "position": {
                "bottom": 632.59375,
                "height": 92,
                "left": 112.59375,
                "right": 312.59375,
                "top": 540.59375,
                "width": 200,
                "x": 112.59375,
                "y": 540.59375
            },
            "post_job_actions": {
                "HideDatasetActionout_file1": {
                    "action_arguments": {},
                    "action_type": "HideDatasetAction",
                    "output_name": "out_file1"
                }
            },
            "tool_id": "Convert characters1",
            "tool_state": "{\"condense\": true, \"convert_from\": \"D\", \"input\": {\"__class__\": \"ConnectedValue\"}, \"strip\": true, \"__page__\": null, \"__rerun_remap_job_id__\": null}",
            "tool_version": "1.0.0",
            "type": "tool",
            "uuid": "a5ab25f7-bc3f-44d5-b8df-57bab6557afb",
            "when": null,
            "workflow_outputs": []
        },
        "12": {
            "annotation": "",
            "content_id": "toolshed.g2.bx.psu.edu/repos/devteam/fastx_renamer/cshl_fastx_renamer/0.0.11",
            "errors": null,
            "id": 12,
            "input_connections": {
                "input": {
                    "id": 7,
                    "output_name": "out_file1"
                }
            },
            "inputs": [],
            "label": null,
            "name": "Rename sequences",
            "outputs": [
                {
                    "name": "output",
                    "type": "input"
                }
            ],
            "position": {
                "bottom": 30.03125,
                "height": 112,
                "left": 88.3125,
                "right": 288.3125,
                "top": -81.96875,
                "width": 200,
                "x": 88.3125,
                "y": -81.96875
            },
            "post_job_actions": {
                "HideDatasetActionoutput": {
                    "action_arguments": {},
                    "action_type": "HideDatasetAction",
                    "output_name": "output"
                }
            },
            "tool_id": "toolshed.g2.bx.psu.edu/repos/devteam/fastx_renamer/cshl_fastx_renamer/0.0.11",
            "tool_shed_repository": {
                "changeset_revision": "02f8a17a4ebd",
                "name": "fastx_renamer",
                "owner": "devteam",
                "tool_shed": "toolshed.g2.bx.psu.edu"
            },
            "tool_state": "{\"TYPE\": \"SEQ\", \"input\": {\"__class__\": \"ConnectedValue\"}, \"__page__\": null, \"__rerun_remap_job_id__\": null}",
            "tool_version": "0.0.11",
            "type": "tool",
            "uuid": "6ce82499-19b1-443d-ade3-81e1665e7121",
            "when": null,
            "workflow_outputs": []
        },
        "13": {
            "annotation": "",
            "content_id": "Convert characters1",
            "errors": null,
            "id": 13,
            "input_connections": {
                "input": {
                    "id": 8,
                    "output_name": "output"
                }
            },
            "inputs": [],
            "label": null,
            "name": "Convert",
            "outputs": [
                {
                    "name": "out_file1",
                    "type": "tabular"
                }
            ],
            "position": {
                "bottom": 533.640625,
                "height": 92,
                "left": 112.59375,
                "right": 312.59375,
                "top": 441.640625,
                "width": 200,
                "x": 112.59375,
                "y": 441.640625
            },
            "post_job_actions": {
                "HideDatasetActionout_file1": {
                    "action_arguments": {},
                    "action_type": "HideDatasetAction",
                    "output_name": "out_file1"
                }
            },
            "tool_id": "Convert characters1",
            "tool_state": "{\"condense\": true, \"convert_from\": \"D\", \"input\": {\"__class__\": \"ConnectedValue\"}, \"strip\": true, \"__page__\": null, \"__rerun_remap_job_id__\": null}",
            "tool_version": "1.0.0",
            "type": "tool",
            "uuid": "1d43f4d6-6947-4050-80d2-04466597b397",
            "when": null,
            "workflow_outputs": []
        },
        "14": {
            "annotation": "",
            "content_id": "Paste1",
            "errors": null,
            "id": 14,
            "input_connections": {
                "input1": {
                    "id": 9,
                    "output_name": "out_file1"
                },
                "input2": {
                    "id": 9,
                    "output_name": "out_file1"
                }
            },
            "inputs": [],
            "label": null,
            "name": "Paste",
            "outputs": [
                {
                    "name": "out_file1",
                    "type": "input"
                }
            ],
            "position": {
                "bottom": 866.78125,
                "height": 122,
                "left": 314.9375,
                "right": 514.9375,
                "top": 744.78125,
                "width": 200,
                "x": 314.9375,
                "y": 744.78125
            },
            "post_job_actions": {
                "HideDatasetActionout_file1": {
                    "action_arguments": {},
                    "action_type": "HideDatasetAction",
                    "output_name": "out_file1"
                }
            },
            "tool_id": "Paste1",
            "tool_state": "{\"delimiter\": \"T\", \"input1\": {\"__class__\": \"ConnectedValue\"}, \"input2\": {\"__class__\": \"ConnectedValue\"}, \"__page__\": null, \"__rerun_remap_job_id__\": null}",
            "tool_version": "1.0.0",
            "type": "tool",
            "uuid": "c7ada4db-eb2c-4c94-800a-291b37f7a776",
            "when": null,
            "workflow_outputs": []
        },
        "15": {
            "annotation": "",
            "content_id": "Paste1",
            "errors": null,
            "id": 15,
            "input_connections": {
                "input1": {
                    "id": 10,
                    "output_name": "out_file1"
                },
                "input2": {
                    "id": 10,
                    "output_name": "out_file1"
                }
            },
            "inputs": [],
            "label": null,
            "name": "Paste",
            "outputs": [
                {
                    "name": "out_file1",
                    "type": "input"
                }
            ],
            "position": {
                "bottom": 766.109375,
                "height": 122,
                "left": 310.171875,
                "right": 510.171875,
                "top": 644.109375,
                "width": 200,
                "x": 310.171875,
                "y": 644.109375
            },
            "post_job_actions": {
                "HideDatasetActionout_file1": {
                    "action_arguments": {},
                    "action_type": "HideDatasetAction",
                    "output_name": "out_file1"
                }
            },
            "tool_id": "Paste1",
            "tool_state": "{\"delimiter\": \"T\", \"input1\": {\"__class__\": \"ConnectedValue\"}, \"input2\": {\"__class__\": \"ConnectedValue\"}, \"__page__\": null, \"__rerun_remap_job_id__\": null}",
            "tool_version": "1.0.0",
            "type": "tool",
            "uuid": "f91b8277-9dda-41f6-9a62-36b1bc694614",
            "when": null,
            "workflow_outputs": []
        },
        "16": {
            "annotation": "",
            "content_id": "Paste1",
            "errors": null,
            "id": 16,
            "input_connections": {
                "input1": {
                    "id": 11,
                    "output_name": "out_file1"
                },
                "input2": {
                    "id": 11,
                    "output_name": "out_file1"
                }
            },
            "inputs": [],
            "label": null,
            "name": "Paste",
            "outputs": [
                {
                    "name": "out_file1",
                    "type": "input"
                }
            ],
            "position": {
                "bottom": 666.109375,
                "height": 122,
                "left": 308.1875,
                "right": 508.1875,
                "top": 544.109375,
                "width": 200,
                "x": 308.1875,
                "y": 544.109375
            },
            "post_job_actions": {
                "HideDatasetActionout_file1": {
                    "action_arguments": {},
                    "action_type": "HideDatasetAction",
                    "output_name": "out_file1"
                }
            },
            "tool_id": "Paste1",
            "tool_state": "{\"delimiter\": \"T\", \"input1\": {\"__class__\": \"ConnectedValue\"}, \"input2\": {\"__class__\": \"ConnectedValue\"}, \"__page__\": null, \"__rerun_remap_job_id__\": null}",
            "tool_version": "1.0.0",
            "type": "tool",
            "uuid": "081f531e-0e47-4bdd-b1da-f167af1c10e3",
            "when": null,
            "workflow_outputs": []
        },
        "17": {
            "annotation": "",
            "content_id": "toolshed.g2.bx.psu.edu/repos/devteam/fastx_collapser/cshl_fastx_collapser/1.0.0",
            "errors": null,
            "id": 17,
            "input_connections": {
                "input": {
                    "id": 12,
                    "output_name": "output"
                }
            },
            "inputs": [],
            "label": null,
            "name": "Collapse",
            "outputs": [
                {
                    "name": "output",
                    "type": "fasta"
                }
            ],
            "position": {
                "bottom": 156.03125,
                "height": 92,
                "left": 96.328125,
                "right": 296.328125,
                "top": 64.03125,
                "width": 200,
                "x": 96.328125,
                "y": 64.03125
            },
            "post_job_actions": {
                "HideDatasetActionoutput": {
                    "action_arguments": {},
                    "action_type": "HideDatasetAction",
                    "output_name": "output"
                }
            },
            "tool_id": "toolshed.g2.bx.psu.edu/repos/devteam/fastx_collapser/cshl_fastx_collapser/1.0.0",
            "tool_shed_repository": {
                "changeset_revision": "13c2d9e8c6d5",
                "name": "fastx_collapser",
                "owner": "devteam",
                "tool_shed": "toolshed.g2.bx.psu.edu"
            },
            "tool_state": "{\"input\": {\"__class__\": \"ConnectedValue\"}, \"__page__\": null, \"__rerun_remap_job_id__\": null}",
            "tool_version": "1.0.0",
            "type": "tool",
            "uuid": "911f4690-2a69-48b4-a0d3-cd90669ea5f2",
            "when": null,
            "workflow_outputs": []
        },
        "18": {
            "annotation": "",
            "content_id": "Paste1",
            "errors": null,
            "id": 18,
            "input_connections": {
                "input1": {
                    "id": 13,
                    "output_name": "out_file1"
                },
                "input2": {
                    "id": 13,
                    "output_name": "out_file1"
                }
            },
            "inputs": [],
            "label": null,
            "name": "Paste",
            "outputs": [
                {
                    "name": "out_file1",
                    "type": "input"
                }
            ],
            "position": {
                "bottom": 566.109375,
                "height": 122,
                "left": 306.234375,
                "right": 506.234375,
                "top": 444.109375,
                "width": 200,
                "x": 306.234375,
                "y": 444.109375
            },
            "post_job_actions": {
                "HideDatasetActionout_file1": {
                    "action_arguments": {},
                    "action_type": "HideDatasetAction",
                    "output_name": "out_file1"
                }
            },
            "tool_id": "Paste1",
            "tool_state": "{\"delimiter\": \"T\", \"input1\": {\"__class__\": \"ConnectedValue\"}, \"input2\": {\"__class__\": \"ConnectedValue\"}, \"__page__\": null, \"__rerun_remap_job_id__\": null}",
            "tool_version": "1.0.0",
            "type": "tool",
            "uuid": "0b2b44e2-3c94-4fd6-b185-ad6226dca458",
            "when": null,
            "workflow_outputs": []
        },
        "19": {
            "annotation": "",
            "content_id": "Cut1",
            "errors": null,
            "id": 19,
            "input_connections": {
                "input": {
                    "id": 14,
                    "output_name": "out_file1"
                }
            },
            "inputs": [],
            "label": null,
            "name": "Cut",
            "outputs": [
                {
                    "name": "out_file1",
                    "type": "tabular"
                }
            ],
            "position": {
                "bottom": 855.796875,
                "height": 92,
                "left": 517.953125,
                "right": 717.953125,
                "top": 763.796875,
                "width": 200,
                "x": 517.953125,
                "y": 763.796875
            },
            "post_job_actions": {
                "HideDatasetActionout_file1": {
                    "action_arguments": {},
                    "action_type": "HideDatasetAction",
                    "output_name": "out_file1"
                }
            },
            "tool_id": "Cut1",
            "tool_state": "{\"columnList\": \"c3,c5\", \"delimiter\": \"T\", \"input\": {\"__class__\": \"ConnectedValue\"}, \"__page__\": null, \"__rerun_remap_job_id__\": null}",
            "tool_version": "1.0.2",
            "type": "tool",
            "uuid": "54b3da61-161c-465f-8ffc-951cb1cf5bea",
            "when": null,
            "workflow_outputs": []
        },
        "20": {
            "annotation": "",
            "content_id": "Cut1",
            "errors": null,
            "id": 20,
            "input_connections": {
                "input": {
                    "id": 15,
                    "output_name": "out_file1"
                }
            },
            "inputs": [],
            "label": null,
            "name": "Cut",
            "outputs": [
                {
                    "name": "out_file1",
                    "type": "tabular"
                }
            ],
            "position": {
                "bottom": 745.015625,
                "height": 92,
                "left": 506.0625,
                "right": 706.0625,
                "top": 653.015625,
                "width": 200,
                "x": 506.0625,
                "y": 653.015625
            },
            "post_job_actions": {
                "HideDatasetActionout_file1": {
                    "action_arguments": {},
                    "action_type": "HideDatasetAction",
                    "output_name": "out_file1"
                }
            },
            "tool_id": "Cut1",
            "tool_state": "{\"columnList\": \"c3,c5\", \"delimiter\": \"T\", \"input\": {\"__class__\": \"ConnectedValue\"}, \"__page__\": null, \"__rerun_remap_job_id__\": null}",
            "tool_version": "1.0.2",
            "type": "tool",
            "uuid": "54eea1d2-f393-4423-bea6-ffa4b8839a18",
            "when": null,
            "workflow_outputs": []
        },
        "21": {
            "annotation": "",
            "content_id": "Cut1",
            "errors": null,
            "id": 21,
            "input_connections": {
                "input": {
                    "id": 16,
                    "output_name": "out_file1"
                }
            },
            "inputs": [],
            "label": null,
            "name": "Cut",
            "outputs": [
                {
                    "name": "out_file1",
                    "type": "tabular"
                }
            ],
            "position": {
                "bottom": 642.1875,
                "height": 92,
                "left": 504.546875,
                "right": 704.546875,
                "top": 550.1875,
                "width": 200,
                "x": 504.546875,
                "y": 550.1875
            },
            "post_job_actions": {
                "HideDatasetActionout_file1": {
                    "action_arguments": {},
                    "action_type": "HideDatasetAction",
                    "output_name": "out_file1"
                }
            },
            "tool_id": "Cut1",
            "tool_state": "{\"columnList\": \"c3,c5\", \"delimiter\": \"T\", \"input\": {\"__class__\": \"ConnectedValue\"}, \"__page__\": null, \"__rerun_remap_job_id__\": null}",
            "tool_version": "1.0.2",
            "type": "tool",
            "uuid": "98addc4a-9f14-4c2b-a9c3-6c601ac92418",
            "when": null,
            "workflow_outputs": []
        },
        "22": {
            "annotation": "",
            "content_id": "toolshed.g2.bx.psu.edu/repos/devteam/fasta_to_tabular/fasta2tab/1.1.0",
            "errors": null,
            "id": 22,
            "input_connections": {
                "input": {
                    "id": 17,
                    "output_name": "output"
                }
            },
            "inputs": [],
            "label": null,
            "name": "FASTA-to-Tabular",
            "outputs": [
                {
                    "name": "output",
                    "type": "tabular"
                }
            ],
            "position": {
                "bottom": 11.125,
                "height": 92,
                "left": 301.0625,
                "right": 501.0625,
                "top": -80.875,
                "width": 200,
                "x": 301.0625,
                "y": -80.875
            },
            "post_job_actions": {
                "HideDatasetActionoutput": {
                    "action_arguments": {},
                    "action_type": "HideDatasetAction",
                    "output_name": "output"
                }
            },
            "tool_id": "toolshed.g2.bx.psu.edu/repos/devteam/fasta_to_tabular/fasta2tab/1.1.0",
            "tool_shed_repository": {
                "changeset_revision": "7e801ab2b70e",
                "name": "fasta_to_tabular",
                "owner": "devteam",
                "tool_shed": "toolshed.g2.bx.psu.edu"
            },
            "tool_state": "{\"descr_columns\": \"1\", \"input\": {\"__class__\": \"ConnectedValue\"}, \"keep_first\": \"0\", \"__page__\": null, \"__rerun_remap_job_id__\": null}",
            "tool_version": "1.1.0",
            "type": "tool",
            "uuid": "bd8c913c-1a18-43b4-9d19-177d9141bedb",
            "when": null,
            "workflow_outputs": []
        },
        "23": {
            "annotation": "",
            "content_id": "Cut1",
            "errors": null,
            "id": 23,
            "input_connections": {
                "input": {
                    "id": 18,
                    "output_name": "out_file1"
                }
            },
            "inputs": [],
            "label": null,
            "name": "Cut",
            "outputs": [
                {
                    "name": "out_file1",
                    "type": "tabular"
                }
            ],
            "position": {
                "bottom": 542.40625,
                "height": 92,
                "left": 503.75,
                "right": 703.75,
                "top": 450.40625,
                "width": 200,
                "x": 503.75,
                "y": 450.40625
            },
            "post_job_actions": {
                "HideDatasetActionout_file1": {
                    "action_arguments": {},
                    "action_type": "HideDatasetAction",
                    "output_name": "out_file1"
                }
            },
            "tool_id": "Cut1",
            "tool_state": "{\"columnList\": \"c3,c5\", \"delimiter\": \"T\", \"input\": {\"__class__\": \"ConnectedValue\"}, \"__page__\": null, \"__rerun_remap_job_id__\": null}",
            "tool_version": "1.0.2",
            "type": "tool",
            "uuid": "d0cc1494-b753-491e-b33c-e0846c3b3a73",
            "when": null,
            "workflow_outputs": []
        },
        "24": {
            "annotation": "",
            "content_id": "Convert characters1",
            "errors": null,
            "id": 24,
            "input_connections": {
                "input": {
                    "id": 22,
                    "output_name": "output"
                }
            },
            "inputs": [],
            "label": null,
            "name": "Convert",
            "outputs": [
                {
                    "name": "out_file1",
                    "type": "tabular"
                }
            ],
            "position": {
                "bottom": 155.171875,
                "height": 92,
                "left": 303.046875,
                "right": 503.046875,
                "top": 63.171875,
                "width": 200,
                "x": 303.046875,
                "y": 63.171875
            },
            "post_job_actions": {
                "HideDatasetActionout_file1": {
                    "action_arguments": {},
                    "action_type": "HideDatasetAction",
                    "output_name": "out_file1"
                }
            },
            "tool_id": "Convert characters1",
            "tool_state": "{\"condense\": true, \"convert_from\": \"D\", \"input\": {\"__class__\": \"ConnectedValue\"}, \"strip\": true, \"__page__\": null, \"__rerun_remap_job_id__\": null}",
            "tool_version": "1.0.0",
            "type": "tool",
            "uuid": "811106f6-ff47-4af1-9830-cb6ee53bbf26",
            "when": null,
            "workflow_outputs": []
        },
        "25": {
            "annotation": "",
            "content_id": "Paste1",
            "errors": null,
            "id": 25,
            "input_connections": {
                "input1": {
                    "id": 24,
                    "output_name": "out_file1"
                },
                "input2": {
                    "id": 24,
                    "output_name": "out_file1"
                }
            },
            "inputs": [],
            "label": null,
            "name": "Paste",
            "outputs": [
                {
                    "name": "out_file1",
                    "type": "input"
                }
            ],
            "position": {
                "bottom": 164.640625,
                "height": 122,
                "left": 517.375,
                "right": 717.375,
                "top": 42.640625,
                "width": 200,
                "x": 517.375,
                "y": 42.640625
            },
            "post_job_actions": {
                "HideDatasetActionout_file1": {
                    "action_arguments": {},
                    "action_type": "HideDatasetAction",
                    "output_name": "out_file1"
                }
            },
            "tool_id": "Paste1",
            "tool_state": "{\"delimiter\": \"T\", \"input1\": {\"__class__\": \"ConnectedValue\"}, \"input2\": {\"__class__\": \"ConnectedValue\"}, \"__page__\": null, \"__rerun_remap_job_id__\": null}",
            "tool_version": "1.0.0",
            "type": "tool",
            "uuid": "55976754-16e5-4e60-a437-91ad2644c955",
            "when": null,
            "workflow_outputs": []
        },
        "26": {
            "annotation": "",
            "content_id": "Cut1",
            "errors": null,
            "id": 26,
            "input_connections": {
                "input": {
                    "id": 25,
                    "output_name": "out_file1"
                }
            },
            "inputs": [],
            "label": null,
            "name": "Cut",
            "outputs": [
                {
                    "name": "out_file1",
                    "type": "tabular"
                }
            ],
            "position": {
                "bottom": 163.609375,
                "height": 92,
                "left": 705.375,
                "right": 905.375,
                "top": 71.609375,
                "width": 200,
                "x": 705.375,
                "y": 71.609375
            },
            "post_job_actions": {
                "HideDatasetActionout_file1": {
                    "action_arguments": {},
                    "action_type": "HideDatasetAction",
                    "output_name": "out_file1"
                }
            },
            "tool_id": "Cut1",
            "tool_state": "{\"columnList\": \"c3,c5\", \"delimiter\": \"T\", \"input\": {\"__class__\": \"ConnectedValue\"}, \"__page__\": null, \"__rerun_remap_job_id__\": null}",
            "tool_version": "1.0.2",
            "type": "tool",
            "uuid": "6d8de1e1-7c01-4c30-a062-761e3cc9ac36",
            "when": null,
            "workflow_outputs": []
        },
        "27": {
            "annotation": "",
            "content_id": "join1",
            "errors": null,
            "id": 27,
            "input_connections": {
                "input1": {
                    "id": 26,
                    "output_name": "out_file1"
                },
                "input2": {
                    "id": 23,
                    "output_name": "out_file1"
                }
            },
            "inputs": [
                {
                    "description": "runtime parameter for tool Join two Datasets",
                    "name": "input1"
                },
                {
                    "description": "runtime parameter for tool Join two Datasets",
                    "name": "input2"
                }
            ],
            "label": null,
            "name": "Join two Datasets",
            "outputs": [
                {
                    "name": "out_file1",
                    "type": "tabular"
                }
            ],
            "position": {
                "bottom": 542.5,
                "height": 122,
                "left": 723,
                "right": 923,
                "top": 420.5,
                "width": 200,
                "x": 723,
                "y": 420.5
            },
            "post_job_actions": {
                "HideDatasetActionout_file1": {
                    "action_arguments": {},
                    "action_type": "HideDatasetAction",
                    "output_name": "out_file1"
                }
            },
            "tool_id": "join1",
            "tool_state": "{\"field1\": \"1\", \"field2\": \"1\", \"fill_empty_columns\": {\"fill_empty_columns_switch\": \"fill_empty\", \"__current_case__\": 1, \"fill_columns_by\": \"fill_unjoined_only\", \"do_fill_empty_columns\": {\"column_fill_type\": \"single_fill_value\", \"__current_case__\": 0, \"fill_value\": \"0\"}}, \"header\": \"\", \"input1\": {\"__class__\": \"RuntimeValue\"}, \"input2\": {\"__class__\": \"RuntimeValue\"}, \"partial\": \"-p\", \"unmatched\": \"-u\", \"__page__\": null, \"__rerun_remap_job_id__\": null}",
            "tool_version": "2.1.3",
            "type": "tool",
            "uuid": "c242ea5b-f4af-4d6c-ac41-02ceff8bb7ba",
            "when": null,
            "workflow_outputs": []
        },
        "28": {
            "annotation": "",
            "content_id": "Cut1",
            "errors": null,
            "id": 28,
            "input_connections": {
                "input": {
                    "id": 27,
                    "output_name": "out_file1"
                }
            },
            "inputs": [],
            "label": null,
            "name": "Cut",
            "outputs": [
                {
                    "name": "out_file1",
                    "type": "tabular"
                }
            ],
            "position": {
                "bottom": 541.3125,
                "height": 92,
                "left": 954.15625,
                "right": 1154.15625,
                "top": 449.3125,
                "width": 200,
                "x": 954.15625,
                "y": 449.3125
            },
            "post_job_actions": {
                "HideDatasetActionout_file1": {
                    "action_arguments": {},
                    "action_type": "HideDatasetAction",
                    "output_name": "out_file1"
                }
            },
            "tool_id": "Cut1",
            "tool_state": "{\"columnList\": \"c1,c2,c4\", \"delimiter\": \"T\", \"input\": {\"__class__\": \"ConnectedValue\"}, \"__page__\": null, \"__rerun_remap_job_id__\": null}",
            "tool_version": "1.0.2",
            "type": "tool",
            "uuid": "b73e86a3-e699-4a00-b9eb-c27bad90f46b",
            "when": null,
            "workflow_outputs": []
        },
        "29": {
            "annotation": "",
            "content_id": "join1",
            "errors": null,
            "id": 29,
            "input_connections": {
                "input1": {
                    "id": 28,
                    "output_name": "out_file1"
                },
                "input2": {
                    "id": 21,
                    "output_name": "out_file1"
                }
            },
            "inputs": [
                {
                    "description": "runtime parameter for tool Join two Datasets",
                    "name": "input1"
                },
                {
                    "description": "runtime parameter for tool Join two Datasets",
                    "name": "input2"
                }
            ],
            "label": null,
            "name": "Join two Datasets",
            "outputs": [
                {
                    "name": "out_file1",
                    "type": "tabular"
                }
            ],
            "position": {
                "bottom": 667.5,
                "height": 122,
                "left": 728,
                "right": 928,
                "top": 545.5,
                "width": 200,
                "x": 728,
                "y": 545.5
            },
            "post_job_actions": {
                "HideDatasetActionout_file1": {
                    "action_arguments": {},
                    "action_type": "HideDatasetAction",
                    "output_name": "out_file1"
                }
            },
            "tool_id": "join1",
            "tool_state": "{\"field1\": \"1\", \"field2\": \"1\", \"fill_empty_columns\": {\"fill_empty_columns_switch\": \"fill_empty\", \"__current_case__\": 1, \"fill_columns_by\": \"fill_unjoined_only\", \"do_fill_empty_columns\": {\"column_fill_type\": \"single_fill_value\", \"__current_case__\": 0, \"fill_value\": \"0\"}}, \"header\": \"\", \"input1\": {\"__class__\": \"RuntimeValue\"}, \"input2\": {\"__class__\": \"RuntimeValue\"}, \"partial\": \"-p\", \"unmatched\": \"-u\", \"__page__\": null, \"__rerun_remap_job_id__\": null}",
            "tool_version": "2.1.3",
            "type": "tool",
            "uuid": "1448740c-3301-4196-aa31-2ed61c11470c",
            "when": null,
            "workflow_outputs": []
        },
        "30": {
            "annotation": "",
            "content_id": "Cut1",
            "errors": null,
            "id": 30,
            "input_connections": {
                "input": {
                    "id": 29,
                    "output_name": "out_file1"
                }
            },
            "inputs": [],
            "label": null,
            "name": "Cut",
            "outputs": [
                {
                    "name": "out_file1",
                    "type": "tabular"
                }
            ],
            "position": {
                "bottom": 666.3125,
                "height": 92,
                "left": 966.171875,
                "right": 1166.171875,
                "top": 574.3125,
                "width": 200,
                "x": 966.171875,
                "y": 574.3125
            },
            "post_job_actions": {
                "HideDatasetActionout_file1": {
                    "action_arguments": {},
                    "action_type": "HideDatasetAction",
                    "output_name": "out_file1"
                }
            },
            "tool_id": "Cut1",
            "tool_state": "{\"columnList\": \"c1,c2,c3,c5\", \"delimiter\": \"T\", \"input\": {\"__class__\": \"ConnectedValue\"}, \"__page__\": null, \"__rerun_remap_job_id__\": null}",
            "tool_version": "1.0.2",
            "type": "tool",
            "uuid": "9d69d58f-22af-40f9-b2c7-160d1db85666",
            "when": null,
            "workflow_outputs": []
        },
        "31": {
            "annotation": "",
            "content_id": "join1",
            "errors": null,
            "id": 31,
            "input_connections": {
                "input1": {
                    "id": 30,
                    "output_name": "out_file1"
                },
                "input2": {
                    "id": 20,
                    "output_name": "out_file1"
                }
            },
            "inputs": [
                {
                    "description": "runtime parameter for tool Join two Datasets",
                    "name": "input1"
                },
                {
                    "description": "runtime parameter for tool Join two Datasets",
                    "name": "input2"
                }
            ],
            "label": null,
            "name": "Join two Datasets",
            "outputs": [
                {
                    "name": "out_file1",
                    "type": "tabular"
                }
            ],
            "position": {
                "bottom": 792.5,
                "height": 122,
                "left": 737,
                "right": 937,
                "top": 670.5,
                "width": 200,
                "x": 737,
                "y": 670.5
            },
            "post_job_actions": {
                "HideDatasetActionout_file1": {
                    "action_arguments": {},
                    "action_type": "HideDatasetAction",
                    "output_name": "out_file1"
                }
            },
            "tool_id": "join1",
            "tool_state": "{\"field1\": \"1\", \"field2\": \"1\", \"fill_empty_columns\": {\"fill_empty_columns_switch\": \"fill_empty\", \"__current_case__\": 1, \"fill_columns_by\": \"fill_unjoined_only\", \"do_fill_empty_columns\": {\"column_fill_type\": \"single_fill_value\", \"__current_case__\": 0, \"fill_value\": \"0\"}}, \"header\": \"\", \"input1\": {\"__class__\": \"RuntimeValue\"}, \"input2\": {\"__class__\": \"RuntimeValue\"}, \"partial\": \"-p\", \"unmatched\": \"-u\", \"__page__\": null, \"__rerun_remap_job_id__\": null}",
            "tool_version": "2.1.3",
            "type": "tool",
            "uuid": "e0c0230b-7a7a-4514-a5f5-4d2e99c4aa86",
            "when": null,
            "workflow_outputs": []
        },
        "32": {
            "annotation": "",
            "content_id": "Cut1",
            "errors": null,
            "id": 32,
            "input_connections": {
                "input": {
                    "id": 31,
                    "output_name": "out_file1"
                }
            },
            "inputs": [],
            "label": null,
            "name": "Cut",
            "outputs": [
                {
                    "name": "out_file1",
                    "type": "tabular"
                }
            ],
            "position": {
                "bottom": 777.3125,
                "height": 92,
                "left": 977.1875,
                "right": 1177.1875,
                "top": 685.3125,
                "width": 200,
                "x": 977.1875,
                "y": 685.3125
            },
            "post_job_actions": {
                "HideDatasetActionout_file1": {
                    "action_arguments": {},
                    "action_type": "HideDatasetAction",
                    "output_name": "out_file1"
                }
            },
            "tool_id": "Cut1",
            "tool_state": "{\"columnList\": \"c1,c2,c3,c4,c6\", \"delimiter\": \"T\", \"input\": {\"__class__\": \"ConnectedValue\"}, \"__page__\": null, \"__rerun_remap_job_id__\": null}",
            "tool_version": "1.0.2",
            "type": "tool",
            "uuid": "8f29a6af-902b-4299-80cd-51058c5ac9e9",
            "when": null,
            "workflow_outputs": []
        },
        "33": {
            "annotation": "",
            "content_id": "join1",
            "errors": null,
            "id": 33,
            "input_connections": {
                "input1": {
                    "id": 32,
                    "output_name": "out_file1"
                },
                "input2": {
                    "id": 19,
                    "output_name": "out_file1"
                }
            },
            "inputs": [
                {
                    "description": "runtime parameter for tool Join two Datasets",
                    "name": "input1"
                },
                {
                    "description": "runtime parameter for tool Join two Datasets",
                    "name": "input2"
                }
            ],
            "label": null,
            "name": "Join two Datasets",
            "outputs": [
                {
                    "name": "out_file1",
                    "type": "tabular"
                }
            ],
            "position": {
                "bottom": 927.5,
                "height": 122,
                "left": 733,
                "right": 933,
                "top": 805.5,
                "width": 200,
                "x": 733,
                "y": 805.5
            },
            "post_job_actions": {
                "HideDatasetActionout_file1": {
                    "action_arguments": {},
                    "action_type": "HideDatasetAction",
                    "output_name": "out_file1"
                }
            },
            "tool_id": "join1",
            "tool_state": "{\"field1\": \"1\", \"field2\": \"1\", \"fill_empty_columns\": {\"fill_empty_columns_switch\": \"fill_empty\", \"__current_case__\": 1, \"fill_columns_by\": \"fill_unjoined_only\", \"do_fill_empty_columns\": {\"column_fill_type\": \"single_fill_value\", \"__current_case__\": 0, \"fill_value\": \"0\"}}, \"header\": \"\", \"input1\": {\"__class__\": \"RuntimeValue\"}, \"input2\": {\"__class__\": \"RuntimeValue\"}, \"partial\": \"-p\", \"unmatched\": \"-u\", \"__page__\": null, \"__rerun_remap_job_id__\": null}",
            "tool_version": "2.1.3",
            "type": "tool",
            "uuid": "f305de68-7c76-4b47-b0da-72c3bb3df75d",
            "when": null,
            "workflow_outputs": []
        },
        "34": {
            "annotation": "",
            "content_id": "Cut1",
            "errors": null,
            "id": 34,
            "input_connections": {
                "input": {
                    "id": 33,
                    "output_name": "out_file1"
                }
            },
            "inputs": [],
            "label": null,
            "name": "Cut",
            "outputs": [
                {
                    "name": "out_file1",
                    "type": "tabular"
                }
            ],
            "position": {
                "bottom": 913.234375,
                "height": 92,
                "left": 981.078125,
                "right": 1181.078125,
                "top": 821.234375,
                "width": 200,
                "x": 981.078125,
                "y": 821.234375
            },
            "post_job_actions": {
                "RenameDatasetActionout_file1": {
                    "action_arguments": {
                        "newname": "NrD"
                    },
                    "action_type": "RenameDatasetAction",
                    "output_name": "out_file1"
                }
            },
            "tool_id": "Cut1",
            "tool_state": "{\"columnList\": \"c1,c2,c3,c4,c5,c7\", \"delimiter\": \"T\", \"input\": {\"__class__\": \"ConnectedValue\"}, \"__page__\": null, \"__rerun_remap_job_id__\": null}",
            "tool_version": "1.0.2",
            "type": "tool",
            "uuid": "86a44e38-a151-4821-ae63-48835b0543e6",
            "when": null,
            "workflow_outputs": [
                {
                    "label": null,
                    "output_name": "out_file1",
                    "uuid": "3503781a-fab5-4f77-bea8-c47f2f97821a"
                }
            ]
        }
    },
    "tags": [],
    "uuid": "2b0e6bda-fd3f-4ee3-b98c-81d7470ff1ce",
    "version": 13
}