{
    "a_galaxy_workflow": "true",
    "annotation": "",
    "creator": [
        {
            "class": "Person",
            "identifier": "https://orcid.org/0000-0002-1964-4960",
            "name": "Lucille Delisle"
        }
    ],
    "format-version": "0.1",
    "license": "MIT",
    "name": "Get Confident Peaks From ChIP_SR duplicates (release v0.1)",
    "steps": {
        "0": {
            "annotation": "",
            "content_id": null,
            "errors": null,
            "id": 0,
            "input_connections": {},
            "inputs": [
                {
                    "description": "",
                    "name": "2 rmDup SR"
                }
            ],
            "label": "2 rmDup SR",
            "name": "Input dataset collection",
            "outputs": [],
            "position": {
                "left": 0,
                "top": 98.9666748046875
            },
            "tool_id": null,
            "tool_state": "{\"optional\": false, \"format\": [\"bam\"], \"tag\": \"\", \"collection_type\": \"list\"}",
            "tool_version": null,
            "type": "data_collection_input",
            "uuid": "82f90fb0-926e-440b-89b3-0a41325f7b7c",
            "when": null,
            "workflow_outputs": []
        },
        "1": {
            "annotation": "",
            "content_id": null,
            "errors": null,
            "id": 1,
            "input_connections": {},
            "inputs": [
                {
                    "description": "",
                    "name": "effective_genome_size"
                }
            ],
            "label": "effective_genome_size",
            "name": "Input parameter",
            "outputs": [],
            "position": {
                "left": 11,
                "top": 212.9666748046875
            },
            "tool_id": null,
            "tool_state": "{\"parameter_type\": \"integer\", \"optional\": false}",
            "tool_version": null,
            "type": "parameter_input",
            "uuid": "9a3a9e4f-5591-4a46-a9c4-8ae26f75d56c",
            "when": null,
            "workflow_outputs": []
        },
        "2": {
            "annotation": "",
            "content_id": null,
            "errors": null,
            "id": 2,
            "input_connections": {},
            "inputs": [
                {
                    "description": "",
                    "name": "bin_size"
                }
            ],
            "label": "bin_size",
            "name": "Input parameter",
            "outputs": [],
            "position": {
                "left": 29,
                "top": 310
            },
            "tool_id": null,
            "tool_state": "{\"parameter_type\": \"integer\", \"optional\": false}",
            "tool_version": null,
            "type": "parameter_input",
            "uuid": "2614b86e-fb8c-43f5-87fe-40183c9b14ca",
            "when": null,
            "workflow_outputs": []
        },
        "3": {
            "annotation": "",
            "content_id": "toolshed.g2.bx.psu.edu/repos/iuc/samtools_view/samtools_view/1.15.1+galaxy0",
            "errors": null,
            "id": 3,
            "input_connections": {
                "input": {
                    "id": 0,
                    "output_name": "output"
                }
            },
            "inputs": [],
            "label": "count number of reads",
            "name": "Samtools view",
            "outputs": [
                {
                    "name": "outputcnt",
                    "type": "tabular"
                }
            ],
            "position": {
                "left": 196.08331298828125,
                "top": 504.83331298828125
            },
            "post_job_actions": {
                "HideDatasetActionoutputcnt": {
                    "action_arguments": {},
                    "action_type": "HideDatasetAction",
                    "output_name": "outputcnt"
                }
            },
            "tool_id": "toolshed.g2.bx.psu.edu/repos/iuc/samtools_view/samtools_view/1.15.1+galaxy0",
            "tool_shed_repository": {
                "changeset_revision": "5826298f6a73",
                "name": "samtools_view",
                "owner": "iuc",
                "tool_shed": "toolshed.g2.bx.psu.edu"
            },
            "tool_state": "{\"addref_cond\": {\"addref_select\": \"no\", \"__current_case__\": 0}, \"input\": {\"__class__\": \"ConnectedValue\"}, \"mode\": {\"outtype\": \"all_reads\", \"__current_case__\": 0, \"output_options\": {\"reads_report_type\": \"count\", \"__current_case__\": 1}}, \"__page__\": null, \"__rerun_remap_job_id__\": null}",
            "tool_version": null,
            "type": "tool",
            "uuid": "09be7c94-ff79-4831-afaa-5cbd027b53d3",
            "when": null,
            "workflow_outputs": []
        },
        "4": {
            "annotation": "",
            "content_id": "toolshed.g2.bx.psu.edu/repos/iuc/macs2/macs2_callpeak/2.2.7.1+galaxy0",
            "errors": null,
            "id": 4,
            "input_connections": {
                "effective_genome_size_options|gsize": {
                    "id": 1,
                    "output_name": "output"
                },
                "treatment|input_treatment_file": {
                    "id": 0,
                    "output_name": "output"
                }
            },
            "inputs": [
                {
                    "description": "runtime parameter for tool MACS2 callpeak",
                    "name": "treatment"
                }
            ],
            "label": "call peaks individually",
            "name": "MACS2 callpeak",
            "outputs": [
                {
                    "name": "output_tabular",
                    "type": "tabular"
                },
                {
                    "name": "output_narrowpeaks",
                    "type": "bed"
                },
                {
                    "name": "output_treat_pileup",
                    "type": "bedgraph"
                },
                {
                    "name": "output_control_lambda",
                    "type": "bedgraph"
                }
            ],
            "position": {
                "left": 426.449951171875,
                "top": 24.23333740234375
            },
            "post_job_actions": {
                "HideDatasetActionoutput_control_lambda": {
                    "action_arguments": {},
                    "action_type": "HideDatasetAction",
                    "output_name": "output_control_lambda"
                },
                "HideDatasetActionoutput_tabular": {
                    "action_arguments": {},
                    "action_type": "HideDatasetAction",
                    "output_name": "output_tabular"
                },
                "HideDatasetActionoutput_treat_pileup": {
                    "action_arguments": {},
                    "action_type": "HideDatasetAction",
                    "output_name": "output_treat_pileup"
                },
                "RenameDatasetActionoutput_narrowpeaks": {
                    "action_arguments": {
                        "newname": "individual macs2 narrowPeaks"
                    },
                    "action_type": "RenameDatasetAction",
                    "output_name": "output_narrowpeaks"
                },
                "RenameDatasetActionoutput_tabular": {
                    "action_arguments": {
                        "newname": "individual macs2 tabular"
                    },
                    "action_type": "RenameDatasetAction",
                    "output_name": "output_tabular"
                },
                "RenameDatasetActionoutput_treat_pileup": {
                    "action_arguments": {
                        "newname": "individual macs2 coverage normalized"
                    },
                    "action_type": "RenameDatasetAction",
                    "output_name": "output_treat_pileup"
                }
            },
            "tool_id": "toolshed.g2.bx.psu.edu/repos/iuc/macs2/macs2_callpeak/2.2.7.1+galaxy0",
            "tool_shed_repository": {
                "changeset_revision": "640d3af5d833",
                "name": "macs2",
                "owner": "iuc",
                "tool_shed": "toolshed.g2.bx.psu.edu"
            },
            "tool_state": "{\"advanced_options\": {\"to_large\": false, \"nolambda\": false, \"spmr\": true, \"ratio\": null, \"slocal\": null, \"llocal\": null, \"broad_options\": {\"broad_options_selector\": \"nobroad\", \"__current_case__\": 1, \"call_summits\": true}, \"keep_dup_options\": {\"keep_dup_options_selector\": \"1\", \"__current_case__\": 1}, \"d_min\": \"20\", \"buffer_size\": \"100000\"}, \"control\": {\"c_select\": \"No\", \"__current_case__\": 1}, \"cutoff_options\": {\"cutoff_options_selector\": \"qvalue\", \"__current_case__\": 1, \"qvalue\": \"0.05\"}, \"effective_genome_size_options\": {\"effective_genome_size_options_selector\": \"user_defined\", \"__current_case__\": 4, \"gsize\": {\"__class__\": \"ConnectedValue\"}}, \"format\": \"BAM\", \"nomodel_type\": {\"nomodel_type_selector\": \"nomodel\", \"__current_case__\": 1, \"extsize\": \"200\", \"shift\": \"0\"}, \"outputs\": [\"bdg\", \"peaks_tabular\"], \"treatment\": {\"t_multi_select\": \"No\", \"__current_case__\": 0, \"input_treatment_file\": {\"__class__\": \"RuntimeValue\"}}, \"__page__\": null, \"__rerun_remap_job_id__\": null}",
            "tool_version": null,
            "type": "tool",
            "uuid": "8812dac8-dc72-4f7a-a574-8f4656f04b00",
            "when": null,
            "workflow_outputs": [
                {
                    "label": "individual_macs2_narrowPeaks",
                    "output_name": "output_narrowpeaks",
                    "uuid": "0b7b4f59-571a-4b7e-9d89-2eebc7527747"
                }
            ]
        },
        "5": {
            "annotation": "",
            "content_id": "toolshed.g2.bx.psu.edu/repos/nml/collapse_collections/collapse_dataset/5.1.0",
            "errors": null,
            "id": 5,
            "input_connections": {
                "input_list": {
                    "id": 3,
                    "output_name": "outputcnt"
                }
            },
            "inputs": [],
            "label": "put all nb of reads into single dataset",
            "name": "Collapse Collection",
            "outputs": [
                {
                    "name": "output",
                    "type": "input"
                }
            ],
            "position": {
                "left": 440.0999755859375,
                "top": 582.683349609375
            },
            "post_job_actions": {
                "HideDatasetActionoutput": {
                    "action_arguments": {},
                    "action_type": "HideDatasetAction",
                    "output_name": "output"
                }
            },
            "tool_id": "toolshed.g2.bx.psu.edu/repos/nml/collapse_collections/collapse_dataset/5.1.0",
            "tool_shed_repository": {
                "changeset_revision": "90981f86000f",
                "name": "collapse_collections",
                "owner": "nml",
                "tool_shed": "toolshed.g2.bx.psu.edu"
            },
            "tool_state": "{\"filename\": {\"add_name\": false, \"__current_case__\": 1}, \"input_list\": {\"__class__\": \"ConnectedValue\"}, \"one_header\": false, \"__page__\": null, \"__rerun_remap_job_id__\": null}",
            "tool_version": null,
            "type": "tool",
            "uuid": "2bf0116d-b0c8-4f79-bdcf-1bac2372a6eb",
            "when": null,
            "workflow_outputs": []
        },
        "6": {
            "annotation": "",
            "content_id": "__EXTRACT_DATASET__",
            "errors": null,
            "id": 6,
            "input_connections": {
                "input": {
                    "id": 4,
                    "output_name": "output_narrowpeaks"
                }
            },
            "inputs": [],
            "label": "get first narrowPeak",
            "name": "Extract dataset",
            "outputs": [
                {
                    "name": "output",
                    "type": "data"
                }
            ],
            "position": {
                "left": 691.449951171875,
                "top": 0
            },
            "post_job_actions": {
                "ChangeDatatypeActionoutput": {
                    "action_arguments": {
                        "newtype": "bed"
                    },
                    "action_type": "ChangeDatatypeAction",
                    "output_name": "output"
                },
                "HideDatasetActionoutput": {
                    "action_arguments": {},
                    "action_type": "HideDatasetAction",
                    "output_name": "output"
                }
            },
            "tool_id": "__EXTRACT_DATASET__",
            "tool_state": "{\"input\": {\"__class__\": \"ConnectedValue\"}, \"which\": {\"which_dataset\": \"first\", \"__current_case__\": 0}, \"__page__\": null, \"__rerun_remap_job_id__\": null}",
            "tool_version": null,
            "type": "tool",
            "uuid": "47b4c1ad-7998-45e2-9930-5e4c919cc002",
            "when": null,
            "workflow_outputs": []
        },
        "7": {
            "annotation": "",
            "content_id": "__EXTRACT_DATASET__",
            "errors": null,
            "id": 7,
            "input_connections": {
                "input": {
                    "id": 4,
                    "output_name": "output_narrowpeaks"
                }
            },
            "inputs": [],
            "label": "get second narrowPeak",
            "name": "Extract dataset",
            "outputs": [
                {
                    "name": "output",
                    "type": "data"
                }
            ],
            "position": {
                "left": 697.683349609375,
                "top": 155.83331298828125
            },
            "post_job_actions": {
                "ChangeDatatypeActionoutput": {
                    "action_arguments": {
                        "newtype": "bed"
                    },
                    "action_type": "ChangeDatatypeAction",
                    "output_name": "output"
                },
                "HideDatasetActionoutput": {
                    "action_arguments": {},
                    "action_type": "HideDatasetAction",
                    "output_name": "output"
                }
            },
            "tool_id": "__EXTRACT_DATASET__",
            "tool_state": "{\"input\": {\"__class__\": \"ConnectedValue\"}, \"which\": {\"which_dataset\": \"by_index\", \"__current_case__\": 2, \"index\": \"1\"}, \"__page__\": null, \"__rerun_remap_job_id__\": null}",
            "tool_version": null,
            "type": "tool",
            "uuid": "6cac0ec7-4f5f-4a4b-b375-cb0571fecbd0",
            "when": null,
            "workflow_outputs": []
        },
        "8": {
            "annotation": "",
            "content_id": "wig_to_bigWig",
            "errors": null,
            "id": 8,
            "input_connections": {
                "input1": {
                    "id": 4,
                    "output_name": "output_treat_pileup"
                }
            },
            "inputs": [],
            "label": "individual normalized bigwig",
            "name": "Wig/BedGraph-to-bigWig",
            "outputs": [
                {
                    "name": "out_file1",
                    "type": "bigwig"
                }
            ],
            "position": {
                "left": 956.2666015625,
                "top": 289.51666259765625
            },
            "post_job_actions": {
                "HideDatasetActionout_file1": {
                    "action_arguments": {},
                    "action_type": "HideDatasetAction",
                    "output_name": "out_file1"
                }
            },
            "tool_id": "wig_to_bigWig",
            "tool_state": "{\"input1\": {\"__class__\": \"ConnectedValue\"}, \"settings\": {\"settingsType\": \"preset\", \"__current_case__\": 0}, \"__page__\": null, \"__rerun_remap_job_id__\": null}",
            "tool_version": null,
            "type": "tool",
            "uuid": "dcd61d0e-5e1e-40ca-8d7e-248e014b743d",
            "when": null,
            "workflow_outputs": []
        },
        "9": {
            "annotation": "",
            "content_id": "toolshed.g2.bx.psu.edu/repos/iuc/table_compute/table_compute/1.2.4+galaxy0",
            "errors": null,
            "id": 9,
            "input_connections": {
                "singtabop|input": {
                    "id": 5,
                    "output_name": "output"
                }
            },
            "inputs": [],
            "label": "get min value",
            "name": "Table Compute",
            "outputs": [
                {
                    "name": "table",
                    "type": "tabular"
                }
            ],
            "position": {
                "left": 695,
                "top": 667
            },
            "post_job_actions": {
                "HideDatasetActiontable": {
                    "action_arguments": {},
                    "action_type": "HideDatasetAction",
                    "output_name": "table"
                }
            },
            "tool_id": "toolshed.g2.bx.psu.edu/repos/iuc/table_compute/table_compute/1.2.4+galaxy0",
            "tool_shed_repository": {
                "changeset_revision": "3bf5661c0280",
                "name": "table_compute",
                "owner": "iuc",
                "tool_shed": "toolshed.g2.bx.psu.edu"
            },
            "tool_state": "{\"out_opts\": null, \"precision\": \"6\", \"singtabop\": {\"use_type\": \"single\", \"__current_case__\": 0, \"input\": {\"__class__\": \"ConnectedValue\"}, \"col_row_names\": null, \"adv\": {\"header\": null, \"nrows\": null, \"skipfooter\": null, \"skip_blank_lines\": true}, \"user\": {\"mode\": \"matrixapply\", \"__current_case__\": 3, \"matrixapply_func\": {\"vector_op\": \"min\", \"__current_case__\": 1}, \"dimension\": \"0\"}}, \"__page__\": null, \"__rerun_remap_job_id__\": null}",
            "tool_version": null,
            "type": "tool",
            "uuid": "af1b7fc4-f452-440b-9292-66e935e41a47",
            "when": null,
            "workflow_outputs": []
        },
        "10": {
            "annotation": "",
            "content_id": "toolshed.g2.bx.psu.edu/repos/iuc/bedtools/bedtools_intersectbed/2.30.0+galaxy1",
            "errors": null,
            "id": 10,
            "input_connections": {
                "inputA": {
                    "id": 6,
                    "output_name": "output"
                },
                "reduce_or_iterate|inputB": {
                    "id": 7,
                    "output_name": "output"
                }
            },
            "inputs": [],
            "label": "strict overlap between peaks of both replicates",
            "name": "bedtools Intersect intervals",
            "outputs": [
                {
                    "name": "output",
                    "type": "input"
                }
            ],
            "position": {
                "left": 958.5333251953125,
                "top": 76.73333740234375
            },
            "post_job_actions": {
                "RenameDatasetActionoutput": {
                    "action_arguments": {
                        "newname": "Intersection of both peaks"
                    },
                    "action_type": "RenameDatasetAction",
                    "output_name": "output"
                }
            },
            "tool_id": "toolshed.g2.bx.psu.edu/repos/iuc/bedtools/bedtools_intersectbed/2.30.0+galaxy1",
            "tool_shed_repository": {
                "changeset_revision": "07e8b80f278c",
                "name": "bedtools",
                "owner": "iuc",
                "tool_shed": "toolshed.g2.bx.psu.edu"
            },
            "tool_state": "{\"bed\": false, \"count\": false, \"fraction_cond\": {\"fraction_select\": \"default\", \"__current_case__\": 0}, \"genome_file_opts\": {\"genome_file_opts_selector\": \"loc\", \"__current_case__\": 0, \"genome\": null}, \"header\": false, \"inputA\": {\"__class__\": \"ConnectedValue\"}, \"invert\": false, \"once\": false, \"overlap_mode\": null, \"reduce_or_iterate\": {\"reduce_or_iterate_selector\": \"reduce\", \"__current_case__\": 1, \"inputB\": {\"__class__\": \"ConnectedValue\"}, \"names\": false}, \"sorted\": false, \"split\": false, \"strand\": \"\", \"__page__\": null, \"__rerun_remap_job_id__\": null}",
            "tool_version": null,
            "type": "tool",
            "uuid": "fee19801-11e6-4933-a0aa-e80d3605ad81",
            "when": null,
            "workflow_outputs": [
                {
                    "label": "strict_intersect_peaks",
                    "output_name": "output",
                    "uuid": "0ae4bf37-1eee-4e27-b1dd-184e497ef565"
                }
            ]
        },
        "11": {
            "annotation": "",
            "content_id": "toolshed.g2.bx.psu.edu/repos/bgruening/deeptools_bigwig_average/deeptools_bigwig_average/3.5.2+galaxy0",
            "errors": null,
            "id": 11,
            "input_connections": {
                "advancedOpt|binSize": {
                    "id": 2,
                    "output_name": "output"
                },
                "bigwigs": {
                    "id": 8,
                    "output_name": "out_file1"
                }
            },
            "inputs": [
                {
                    "description": "runtime parameter for tool bigwigAverage",
                    "name": "advancedOpt"
                }
            ],
            "label": "average coverage from both replicates",
            "name": "bigwigAverage",
            "outputs": [
                {
                    "name": "outFileName",
                    "type": "bigwig"
                }
            ],
            "position": {
                "left": 1215,
                "top": 307
            },
            "post_job_actions": {
                "RenameDatasetActionoutFileName": {
                    "action_arguments": {
                        "newname": "Average Normalized Coverage of both replicates"
                    },
                    "action_type": "RenameDatasetAction",
                    "output_name": "outFileName"
                }
            },
            "tool_id": "toolshed.g2.bx.psu.edu/repos/bgruening/deeptools_bigwig_average/deeptools_bigwig_average/3.5.2+galaxy0",
            "tool_shed_repository": {
                "changeset_revision": "f6f246438eda",
                "name": "deeptools_bigwig_average",
                "owner": "bgruening",
                "tool_shed": "toolshed.g2.bx.psu.edu"
            },
            "tool_state": "{\"advancedOpt\": {\"showAdvancedOpt\": \"yes\", \"__current_case__\": 1, \"binSize\": {\"__class__\": \"ConnectedValue\"}, \"skipNAs\": false, \"scaleFactors\": \"1\", \"blackListFileName\": {\"__class__\": \"RuntimeValue\"}}, \"bigwigs\": {\"__class__\": \"ConnectedValue\"}, \"outFileFormat\": \"bigwig\", \"region\": \"\", \"__page__\": null, \"__rerun_remap_job_id__\": null}",
            "tool_version": null,
            "type": "tool",
            "uuid": "8c17f67f-5bc3-4de0-aa83-423fd47ccfb3",
            "when": null,
            "workflow_outputs": [
                {
                    "label": "average_bigwig",
                    "output_name": "outFileName",
                    "uuid": "fd89d6f4-0a33-4cc2-8316-e6467cd9158c"
                }
            ]
        },
        "12": {
            "annotation": "",
            "content_id": "param_value_from_file",
            "errors": null,
            "id": 12,
            "input_connections": {
                "input1": {
                    "id": 9,
                    "output_name": "table"
                }
            },
            "inputs": [],
            "label": "convert min nb of reads to parameter",
            "name": "Parse parameter value",
            "outputs": [
                {
                    "name": "integer_param",
                    "type": "expression.json"
                }
            ],
            "position": {
                "left": 970.0333251953125,
                "top": 754.8333129882812
            },
            "post_job_actions": {
                "HideDatasetActioninteger_param": {
                    "action_arguments": {},
                    "action_type": "HideDatasetAction",
                    "output_name": "integer_param"
                }
            },
            "tool_id": "param_value_from_file",
            "tool_state": "{\"input1\": {\"__class__\": \"ConnectedValue\"}, \"param_type\": \"integer\", \"remove_newlines\": true, \"__page__\": null, \"__rerun_remap_job_id__\": null}",
            "tool_version": null,
            "type": "tool",
            "uuid": "b86068a8-6eb9-4044-b7b9-57c1e1175038",
            "when": null,
            "workflow_outputs": []
        },
        "13": {
            "annotation": "",
            "content_id": "toolshed.g2.bx.psu.edu/repos/iuc/samtools_view/samtools_view/1.15.1+galaxy0",
            "errors": null,
            "id": 13,
            "input_connections": {
                "input": {
                    "id": 0,
                    "output_name": "output"
                },
                "mode|subsample_config|subsampling_mode|target": {
                    "id": 12,
                    "output_name": "integer_param"
                }
            },
            "inputs": [],
            "label": "downsample BAM",
            "name": "Samtools view",
            "outputs": [
                {
                    "name": "outputsam",
                    "type": "input"
                }
            ],
            "position": {
                "left": 1235,
                "top": 732.38330078125
            },
            "post_job_actions": {
                "HideDatasetActionoutputsam": {
                    "action_arguments": {},
                    "action_type": "HideDatasetAction",
                    "output_name": "outputsam"
                }
            },
            "tool_id": "toolshed.g2.bx.psu.edu/repos/iuc/samtools_view/samtools_view/1.15.1+galaxy0",
            "tool_shed_repository": {
                "changeset_revision": "5826298f6a73",
                "name": "samtools_view",
                "owner": "iuc",
                "tool_shed": "toolshed.g2.bx.psu.edu"
            },
            "tool_state": "{\"addref_cond\": {\"addref_select\": \"no\", \"__current_case__\": 0}, \"input\": {\"__class__\": \"ConnectedValue\"}, \"mode\": {\"outtype\": \"selected_reads\", \"__current_case__\": 1, \"filter_config\": {\"cond_region\": {\"select_region\": \"no\", \"__current_case__\": 0}, \"cond_rg\": {\"select_rg\": \"no\", \"__current_case__\": 0}, \"quality\": null, \"library\": null, \"cigarcons\": null, \"inclusive_filter\": null, \"exclusive_filter\": null, \"exclusive_filter_all\": null, \"tag\": null, \"qname_file\": {\"__class__\": \"RuntimeValue\"}}, \"subsample_config\": {\"subsampling_mode\": {\"select_subsample\": \"target\", \"__current_case__\": 1, \"target\": {\"__class__\": \"ConnectedValue\"}, \"seed\": \"1\"}}, \"output_options\": {\"reads_report_type\": \"retained\", \"__current_case__\": 0, \"complementary_output\": false, \"adv_output\": {\"readtags\": [], \"collapsecigar\": false}, \"output_format\": {\"oformat\": \"bam\", \"__current_case__\": 2}}}, \"__page__\": null, \"__rerun_remap_job_id__\": null}",
            "tool_version": null,
            "type": "tool",
            "uuid": "1b14ba50-3c59-4218-adac-3ccc7acbd672",
            "when": null,
            "workflow_outputs": []
        },
        "14": {
            "annotation": "",
            "content_id": "toolshed.g2.bx.psu.edu/repos/iuc/macs2/macs2_callpeak/2.2.7.1+galaxy0",
            "errors": null,
            "id": 14,
            "input_connections": {
                "effective_genome_size_options|gsize": {
                    "id": 1,
                    "output_name": "output"
                },
                "treatment|input_treatment_file": {
                    "id": 13,
                    "output_name": "outputsam"
                }
            },
            "inputs": [
                {
                    "description": "runtime parameter for tool MACS2 callpeak",
                    "name": "treatment"
                }
            ],
            "label": "call peaks on merge",
            "name": "MACS2 callpeak",
            "outputs": [
                {
                    "name": "output_tabular",
                    "type": "tabular"
                },
                {
                    "name": "output_narrowpeaks",
                    "type": "bed"
                }
            ],
            "position": {
                "left": 1518.199951171875,
                "top": 450.51666259765625
            },
            "post_job_actions": {
                "HideDatasetActionoutput_tabular": {
                    "action_arguments": {},
                    "action_type": "HideDatasetAction",
                    "output_name": "output_tabular"
                },
                "RenameDatasetActionoutput_narrowpeaks": {
                    "action_arguments": {
                        "newname": "merged macs2 narrowPeaks"
                    },
                    "action_type": "RenameDatasetAction",
                    "output_name": "output_narrowpeaks"
                },
                "RenameDatasetActionoutput_tabular": {
                    "action_arguments": {
                        "newname": "merged macs2 tabular"
                    },
                    "action_type": "RenameDatasetAction",
                    "output_name": "output_tabular"
                },
                "RenameDatasetActionoutput_treat_pileup": {
                    "action_arguments": {
                        "newname": "merged macs2 coverage normalized"
                    },
                    "action_type": "RenameDatasetAction",
                    "output_name": "output_treat_pileup"
                }
            },
            "tool_id": "toolshed.g2.bx.psu.edu/repos/iuc/macs2/macs2_callpeak/2.2.7.1+galaxy0",
            "tool_shed_repository": {
                "changeset_revision": "640d3af5d833",
                "name": "macs2",
                "owner": "iuc",
                "tool_shed": "toolshed.g2.bx.psu.edu"
            },
            "tool_state": "{\"advanced_options\": {\"to_large\": false, \"nolambda\": false, \"spmr\": true, \"ratio\": null, \"slocal\": null, \"llocal\": null, \"broad_options\": {\"broad_options_selector\": \"nobroad\", \"__current_case__\": 1, \"call_summits\": true}, \"keep_dup_options\": {\"keep_dup_options_selector\": \"1\", \"__current_case__\": 1}, \"d_min\": \"20\", \"buffer_size\": \"100000\"}, \"control\": {\"c_select\": \"No\", \"__current_case__\": 1}, \"cutoff_options\": {\"cutoff_options_selector\": \"qvalue\", \"__current_case__\": 1, \"qvalue\": \"0.05\"}, \"effective_genome_size_options\": {\"effective_genome_size_options_selector\": \"user_defined\", \"__current_case__\": 4, \"gsize\": {\"__class__\": \"ConnectedValue\"}}, \"format\": \"BAM\", \"nomodel_type\": {\"nomodel_type_selector\": \"nomodel\", \"__current_case__\": 1, \"extsize\": \"200\", \"shift\": \"0\"}, \"outputs\": [\"peaks_tabular\"], \"treatment\": {\"t_multi_select\": \"Yes\", \"__current_case__\": 1, \"input_treatment_file\": {\"__class__\": \"RuntimeValue\"}}, \"__page__\": null, \"__rerun_remap_job_id__\": null}",
            "tool_version": null,
            "type": "tool",
            "uuid": "9f3ef021-fa9c-4f3b-a9ce-b89d8a12afdd",
            "when": null,
            "workflow_outputs": [
                {
                    "label": "merged_macs2_narrowPeaks",
                    "output_name": "output_narrowpeaks",
                    "uuid": "c92b1edf-f085-473b-ba6e-8428b02a653e"
                }
            ]
        },
        "15": {
            "annotation": "",
            "content_id": "toolshed.g2.bx.psu.edu/repos/iuc/multiqc/multiqc/1.11+galaxy1",
            "errors": null,
            "id": 15,
            "input_connections": {
                "results_0|software_cond|input": {
                    "id": 4,
                    "output_name": "output_tabular"
                },
                "results_1|software_cond|input": {
                    "id": 14,
                    "output_name": "output_tabular"
                }
            },
            "inputs": [],
            "label": "multiQC",
            "name": "MultiQC",
            "outputs": [
                {
                    "name": "stats",
                    "type": "input"
                },
                {
                    "name": "html_report",
                    "type": "html"
                }
            ],
            "position": {
                "left": 1308.1666259765625,
                "top": 48.316650390625
            },
            "post_job_actions": {
                "HideDatasetActionstats": {
                    "action_arguments": {},
                    "action_type": "HideDatasetAction",
                    "output_name": "stats"
                }
            },
            "tool_id": "toolshed.g2.bx.psu.edu/repos/iuc/multiqc/multiqc/1.11+galaxy1",
            "tool_shed_repository": {
                "changeset_revision": "abfd8a6544d7",
                "name": "multiqc",
                "owner": "iuc",
                "tool_shed": "toolshed.g2.bx.psu.edu"
            },
            "tool_state": "{\"comment\": \"\", \"export\": false, \"flat\": false, \"results\": [{\"__index__\": 0, \"software_cond\": {\"software\": \"macs2\", \"__current_case__\": 16, \"input\": {\"__class__\": \"ConnectedValue\"}}}, {\"__index__\": 1, \"software_cond\": {\"software\": \"macs2\", \"__current_case__\": 16, \"input\": {\"__class__\": \"ConnectedValue\"}}}], \"saveLog\": false, \"title\": \"\", \"__page__\": null, \"__rerun_remap_job_id__\": null}",
            "tool_version": null,
            "type": "tool",
            "uuid": "b209b117-5f4f-40a4-bc1d-ffc52f134547",
            "when": null,
            "workflow_outputs": [
                {
                    "label": "multiqc_output",
                    "output_name": "html_report",
                    "uuid": "116eac8c-715a-4d86-8a67-8730b5a4e3df"
                }
            ]
        },
        "16": {
            "annotation": "",
            "content_id": "toolshed.g2.bx.psu.edu/repos/iuc/bedtools/bedtools_intersectbed/2.30.0+galaxy1",
            "errors": null,
            "id": 16,
            "input_connections": {
                "inputA": {
                    "id": 14,
                    "output_name": "output_narrowpeaks"
                },
                "reduce_or_iterate|inputB": {
                    "id": 10,
                    "output_name": "output"
                }
            },
            "inputs": [],
            "label": "get merged peaks overlapping both replicates",
            "name": "bedtools Intersect intervals",
            "outputs": [
                {
                    "name": "output",
                    "type": "input"
                }
            ],
            "position": {
                "left": 1615.5166015625,
                "top": 185.91668701171875
            },
            "post_job_actions": {
                "HideDatasetActionoutput": {
                    "action_arguments": {},
                    "action_type": "HideDatasetAction",
                    "output_name": "output"
                }
            },
            "tool_id": "toolshed.g2.bx.psu.edu/repos/iuc/bedtools/bedtools_intersectbed/2.30.0+galaxy1",
            "tool_shed_repository": {
                "changeset_revision": "07e8b80f278c",
                "name": "bedtools",
                "owner": "iuc",
                "tool_shed": "toolshed.g2.bx.psu.edu"
            },
            "tool_state": "{\"bed\": false, \"count\": false, \"fraction_cond\": {\"fraction_select\": \"default\", \"__current_case__\": 0}, \"genome_file_opts\": {\"genome_file_opts_selector\": \"loc\", \"__current_case__\": 0, \"genome\": null}, \"header\": false, \"inputA\": {\"__class__\": \"ConnectedValue\"}, \"invert\": false, \"once\": false, \"overlap_mode\": [\"-wa\", \"-wb\"], \"reduce_or_iterate\": {\"reduce_or_iterate_selector\": \"reduce\", \"__current_case__\": 1, \"inputB\": {\"__class__\": \"ConnectedValue\"}, \"names\": false}, \"sorted\": false, \"split\": false, \"strand\": \"\", \"__page__\": null, \"__rerun_remap_job_id__\": null}",
            "tool_version": null,
            "type": "tool",
            "uuid": "875873a4-fbc8-48b6-94c1-91b908680f10",
            "when": null,
            "workflow_outputs": []
        },
        "17": {
            "annotation": "",
            "content_id": "Filter1",
            "errors": null,
            "id": 17,
            "input_connections": {
                "input": {
                    "id": 16,
                    "output_name": "output"
                }
            },
            "inputs": [],
            "label": "only keep peaks with summits overlapping intersection of both replicates",
            "name": "Filter",
            "outputs": [
                {
                    "name": "out_file1",
                    "type": "input"
                }
            ],
            "position": {
                "left": 1846.401877544738,
                "top": 190.95001220703125
            },
            "post_job_actions": {
                "HideDatasetActionout_file1": {
                    "action_arguments": {},
                    "action_type": "HideDatasetAction",
                    "output_name": "out_file1"
                }
            },
            "tool_id": "Filter1",
            "tool_state": "{\"cond\": \"(c2+c10)>=c12 and (c2+c10)<c13\", \"header_lines\": \"0\", \"input\": {\"__class__\": \"ConnectedValue\"}, \"__page__\": null, \"__rerun_remap_job_id__\": null}",
            "tool_version": null,
            "type": "tool",
            "uuid": "3987a8ff-6092-4bcf-b1ff-76e93d1e465e",
            "when": null,
            "workflow_outputs": []
        },
        "18": {
            "annotation": "",
            "content_id": "Cut1",
            "errors": null,
            "id": 18,
            "input_connections": {
                "input": {
                    "id": 17,
                    "output_name": "out_file1"
                }
            },
            "inputs": [],
            "label": "keep only columns of narrowPeak",
            "name": "Cut",
            "outputs": [
                {
                    "name": "out_file1",
                    "type": "tabular"
                }
            ],
            "position": {
                "left": 2076.095825078475,
                "top": 285.04926506519354
            },
            "post_job_actions": {
                "HideDatasetActionout_file1": {
                    "action_arguments": {},
                    "action_type": "HideDatasetAction",
                    "output_name": "out_file1"
                }
            },
            "tool_id": "Cut1",
            "tool_state": "{\"columnList\": \"c1-c10\", \"delimiter\": \"T\", \"input\": {\"__class__\": \"ConnectedValue\"}, \"__page__\": null, \"__rerun_remap_job_id__\": null}",
            "tool_version": null,
            "type": "tool",
            "uuid": "8a9bae9e-a6ed-4dd6-a50c-a057b9c7b143",
            "when": null,
            "workflow_outputs": []
        },
        "19": {
            "annotation": "",
            "content_id": "toolshed.g2.bx.psu.edu/repos/bgruening/text_processing/tp_sorted_uniq/1.1.0",
            "errors": null,
            "id": 19,
            "input_connections": {
                "infile": {
                    "id": 18,
                    "output_name": "out_file1"
                }
            },
            "inputs": [],
            "label": "discard duplicated lines",
            "name": "Unique",
            "outputs": [
                {
                    "name": "outfile",
                    "type": "input"
                }
            ],
            "position": {
                "left": 2308.462697917632,
                "top": 306.1975845160615
            },
            "post_job_actions": {
                "ChangeDatatypeActionoutfile": {
                    "action_arguments": {
                        "newtype": "bed"
                    },
                    "action_type": "ChangeDatatypeAction",
                    "output_name": "outfile"
                },
                "RenameDatasetActionoutfile": {
                    "action_arguments": {
                        "newname": "narrowPeak shared by both replicates"
                    },
                    "action_type": "RenameDatasetAction",
                    "output_name": "outfile"
                }
            },
            "tool_id": "toolshed.g2.bx.psu.edu/repos/bgruening/text_processing/tp_sorted_uniq/1.1.0",
            "tool_shed_repository": {
                "changeset_revision": "f46f0e4f75c4",
                "name": "text_processing",
                "owner": "bgruening",
                "tool_shed": "toolshed.g2.bx.psu.edu"
            },
            "tool_state": "{\"adv_opts\": {\"adv_opts_selector\": \"basic\", \"__current_case__\": 0}, \"ignore_case\": false, \"infile\": {\"__class__\": \"ConnectedValue\"}, \"is_numeric\": false, \"__page__\": null, \"__rerun_remap_job_id__\": null}",
            "tool_version": null,
            "type": "tool",
            "uuid": "283123c2-a0b8-4190-94a7-3eb4ea3ed853",
            "when": null,
            "workflow_outputs": [
                {
                    "label": "shared_narrowPeak",
                    "output_name": "outfile",
                    "uuid": "780ba02d-0248-4837-af8d-94ce9074727a"
                }
            ]
        }
    },
    "tags": [
        "ChIP"
    ],
    "uuid": "0a132010-e21d-4471-8e6c-e32207dc14f6",
    "version": 1
}