{
    "a_galaxy_workflow": "true",
    "annotation": "",
    "format-version": "0.1",
    "name": "exploring iris dataset",
    "steps": {
        "0": {
            "annotation": "",
            "content_id": null,
            "errors": null,
            "id": 0,
            "input_connections": {},
            "inputs": [
                {
                    "description": "",
                    "name": "iris.csv"
                }
            ],
            "label": "iris.csv",
            "name": "Input dataset",
            "outputs": [],
            "position": {
                "left": 0,
                "top": 0
            },
            "tool_id": null,
            "tool_state": "{\"optional\": false, \"tag\": null}",
            "tool_version": null,
            "type": "data_input",
            "uuid": "ceb352ac-c06d-4a5b-a39c-72708562c786",
            "when": null,
            "workflow_outputs": []
        },
        "1": {
            "annotation": "",
            "content_id": "csv_to_tabular",
            "errors": null,
            "id": 1,
            "input_connections": {
                "csv": {
                    "id": 0,
                    "output_name": "output"
                }
            },
            "inputs": [],
            "label": null,
            "name": "Convert CSV to tabular",
            "outputs": [
                {
                    "name": "tabular",
                    "type": "tabular"
                }
            ],
            "position": {
                "left": 220,
                "top": 0
            },
            "post_job_actions": {},
            "tool_id": "csv_to_tabular",
            "tool_state": "{\"__input_ext\": \"input\", \"__target_datatype__\": \"tabular\", \"chromInfo\": \"/cvmfs/data.galaxyproject.org/managed/len/ucsc/?.len\", \"csv\": {\"__class__\": \"ConnectedValue\"}, \"__page__\": null, \"__rerun_remap_job_id__\": null}",
            "tool_version": "1.0.0",
            "type": "tool",
            "uuid": "9c2a285c-1865-4f92-9b10-3d56da5f27f0",
            "when": null,
            "workflow_outputs": []
        },
        "2": {
            "annotation": "",
            "content_id": "Remove beginning1",
            "errors": null,
            "id": 2,
            "input_connections": {
                "input": {
                    "id": 1,
                    "output_name": "tabular"
                }
            },
            "inputs": [],
            "label": null,
            "name": "Remove beginning",
            "outputs": [
                {
                    "name": "out_file1",
                    "type": "input"
                }
            ],
            "position": {
                "left": 440,
                "top": 0
            },
            "post_job_actions": {},
            "tool_id": "Remove beginning1",
            "tool_state": "{\"__input_ext\": \"tabular\", \"chromInfo\": \"/cvmfs/data.galaxyproject.org/managed/len/ucsc/?.len\", \"input\": {\"__class__\": \"ConnectedValue\"}, \"num_lines\": \"1\", \"__page__\": null, \"__rerun_remap_job_id__\": null}",
            "tool_version": "1.0.0",
            "type": "tool",
            "uuid": "1239cdc9-1a18-4f1a-8337-33a43b810c2a",
            "when": null,
            "workflow_outputs": []
        },
        "3": {
            "annotation": "",
            "content_id": "toolshed.g2.bx.psu.edu/repos/iuc/datamash_ops/datamash_ops/1.1.0+galaxy2",
            "errors": null,
            "id": 3,
            "input_connections": {
                "in_file": {
                    "id": 1,
                    "output_name": "tabular"
                }
            },
            "inputs": [],
            "label": null,
            "name": "Datamash",
            "outputs": [
                {
                    "name": "out_file",
                    "type": "input"
                }
            ],
            "position": {
                "left": 440,
                "top": 120
            },
            "post_job_actions": {},
            "tool_id": "toolshed.g2.bx.psu.edu/repos/iuc/datamash_ops/datamash_ops/1.1.0+galaxy2",
            "tool_shed_repository": {
                "changeset_revision": "746e8e4bf929",
                "name": "datamash_ops",
                "owner": "iuc",
                "tool_shed": "toolshed.g2.bx.psu.edu"
            },
            "tool_state": "{\"__input_ext\": \"input\", \"chromInfo\": \"/cvmfs/data.galaxyproject.org/managed/len/ucsc/?.len\", \"grouping\": \"5\", \"header_in\": true, \"header_out\": true, \"ignore_case\": true, \"in_file\": {\"__class__\": \"ConnectedValue\"}, \"narm\": false, \"need_sort\": false, \"operations\": [{\"__index__\": 0, \"op_name\": \"mean\", \"op_column\": \"1\"}, {\"__index__\": 1, \"op_name\": \"sstdev\", \"op_column\": \"1\"}, {\"__index__\": 2, \"op_name\": \"mean\", \"op_column\": \"2\"}, {\"__index__\": 3, \"op_name\": \"sstdev\", \"op_column\": \"2\"}, {\"__index__\": 4, \"op_name\": \"mean\", \"op_column\": \"3\"}, {\"__index__\": 5, \"op_name\": \"sstdev\", \"op_column\": \"3\"}, {\"__index__\": 6, \"op_name\": \"mean\", \"op_column\": \"4\"}, {\"__index__\": 7, \"op_name\": \"sstdev\", \"op_column\": \"4\"}], \"print_full_line\": false, \"__page__\": null, \"__rerun_remap_job_id__\": null}",
            "tool_version": "1.1.0+galaxy2",
            "type": "tool",
            "uuid": "27be2ac6-b303-4d3e-917b-4cdbe94130a8",
            "when": null,
            "workflow_outputs": []
        },
        "4": {
            "annotation": "",
            "content_id": "Cut1",
            "errors": null,
            "id": 4,
            "input_connections": {
                "input": {
                    "id": 2,
                    "output_name": "out_file1"
                }
            },
            "inputs": [],
            "label": null,
            "name": "Cut",
            "outputs": [
                {
                    "name": "out_file1",
                    "type": "tabular"
                }
            ],
            "position": {
                "left": 660,
                "top": 0
            },
            "post_job_actions": {},
            "tool_id": "Cut1",
            "tool_state": "{\"__input_ext\": \"tabular\", \"chromInfo\": \"/cvmfs/data.galaxyproject.org/managed/len/ucsc/?.len\", \"columnList\": \"c5\", \"delimiter\": \"T\", \"input\": {\"__class__\": \"ConnectedValue\"}, \"__page__\": null, \"__rerun_remap_job_id__\": null}",
            "tool_version": "1.0.2",
            "type": "tool",
            "uuid": "79f206a2-13f0-4224-b05e-9f99c93b9d7b",
            "when": null,
            "workflow_outputs": []
        },
        "5": {
            "annotation": "",
            "content_id": "Grouping1",
            "errors": null,
            "id": 5,
            "input_connections": {
                "input1": {
                    "id": 2,
                    "output_name": "out_file1"
                }
            },
            "inputs": [],
            "label": null,
            "name": "Group",
            "outputs": [
                {
                    "name": "out_file1",
                    "type": "tabular"
                }
            ],
            "position": {
                "left": 660,
                "top": 120
            },
            "post_job_actions": {},
            "tool_id": "Grouping1",
            "tool_state": "{\"__input_ext\": \"tabular\", \"chromInfo\": \"/cvmfs/data.galaxyproject.org/managed/len/ucsc/?.len\", \"groupcol\": \"5\", \"ignorecase\": false, \"ignorelines\": null, \"input1\": {\"__class__\": \"ConnectedValue\"}, \"operations\": [], \"__page__\": null, \"__rerun_remap_job_id__\": null}",
            "tool_version": "2.1.4",
            "type": "tool",
            "uuid": "edd3bdbe-370d-4d1a-acc9-f7df168c29b7",
            "when": null,
            "workflow_outputs": []
        },
        "6": {
            "annotation": "",
            "content_id": "Grouping1",
            "errors": null,
            "id": 6,
            "input_connections": {
                "input1": {
                    "id": 2,
                    "output_name": "out_file1"
                }
            },
            "inputs": [],
            "label": null,
            "name": "Group",
            "outputs": [
                {
                    "name": "out_file1",
                    "type": "tabular"
                }
            ],
            "position": {
                "left": 660,
                "top": 240
            },
            "post_job_actions": {
                "RenameDatasetActionout_file1": {
                    "action_arguments": {
                        "newname": "samples per category"
                    },
                    "action_type": "RenameDatasetAction",
                    "output_name": "out_file1"
                }
            },
            "tool_id": "Grouping1",
            "tool_state": "{\"__input_ext\": \"tabular\", \"chromInfo\": \"/cvmfs/data.galaxyproject.org/managed/len/ucsc/?.len\", \"groupcol\": \"5\", \"ignorecase\": false, \"ignorelines\": null, \"input1\": {\"__class__\": \"ConnectedValue\"}, \"operations\": [{\"__index__\": 0, \"optype\": \"length\", \"opcol\": \"1\", \"opround\": \"no\", \"opdefault\": null}], \"__page__\": null, \"__rerun_remap_job_id__\": null}",
            "tool_version": "2.1.4",
            "type": "tool",
            "uuid": "9b267dde-0d51-4b97-bd94-7a83d4f7d0ad",
            "when": null,
            "workflow_outputs": [
                {
                    "label": null,
                    "output_name": "out_file1",
                    "uuid": "a7cd380a-a03b-40f5-bb3c-e7bd0a273bce"
                }
            ]
        },
        "7": {
            "annotation": "",
            "content_id": "toolshed.g2.bx.psu.edu/repos/iuc/ggplot2_point/ggplot2_point/3.4.0+galaxy1",
            "errors": null,
            "id": 7,
            "input_connections": {
                "input1": {
                    "id": 2,
                    "output_name": "out_file1"
                }
            },
            "inputs": [],
            "label": null,
            "name": "Scatterplot with ggplot2",
            "outputs": [
                {
                    "name": "output1",
                    "type": "png"
                },
                {
                    "name": "output2",
                    "type": "pdf"
                }
            ],
            "position": {
                "left": 660,
                "top": 360
            },
            "post_job_actions": {},
            "tool_id": "toolshed.g2.bx.psu.edu/repos/iuc/ggplot2_point/ggplot2_point/3.4.0+galaxy1",
            "tool_shed_repository": {
                "changeset_revision": "3b12bf9b4b87",
                "name": "ggplot2_point",
                "owner": "iuc",
                "tool_shed": "toolshed.g2.bx.psu.edu"
            },
            "tool_state": "{\"__input_ext\": \"input\", \"adv\": {\"type_conditional\": {\"type_options\": \"points\", \"__current_case__\": 0, \"points\": {\"pointoptions\": \"defined\", \"__current_case__\": 1, \"size\": \"2.0\", \"alpha\": \"1.0\", \"pointcolor\": \"black\", \"shape\": \"0\"}}, \"factor\": {\"factoring\": \"Single\", \"__current_case__\": 1, \"factorcol\": \"5\", \"colors\": \"Set2\", \"colororder\": \"1\"}, \"axis_title_customization\": {\"axis_customization\": \"default\", \"__current_case__\": 0}, \"axis_text_customization\": {\"axis_customization\": \"default\", \"__current_case__\": 0}, \"plot_title_customization\": {\"axis_customization\": \"default\", \"__current_case__\": 0}, \"gridlinecust\": \"default\", \"transform\": \"none\", \"scaling\": {\"plot_scaling\": \"Automatic\", \"__current_case__\": 0}, \"theme\": \"bw\", \"legend\": \"yes\"}, \"chromInfo\": \"/cvmfs/data.galaxyproject.org/managed/len/ucsc/?.len\", \"input1\": {\"__class__\": \"ConnectedValue\"}, \"out\": {\"unit_output_dim\": \"in\", \"width_output_dim\": \"7.0\", \"height_output_dim\": \"7.0\", \"dpi_output_dim\": \"300.0\", \"additional_output_format\": \"pdf\"}, \"title\": \"Sepal length as a function of sepal width\", \"xlab\": \"sepal length\", \"xplot\": \"1\", \"ylab\": \"sepal width\", \"yplot\": \"2\", \"__page__\": null, \"__rerun_remap_job_id__\": null}",
            "tool_version": "3.4.0+galaxy1",
            "type": "tool",
            "uuid": "69802217-af02-474d-ad5b-e1646e0c85de",
            "when": null,
            "workflow_outputs": [
                {
                    "label": null,
                    "output_name": "output1",
                    "uuid": "b164a036-31b6-43b7-b831-c2c436c2abba"
                }
            ]
        },
        "8": {
            "annotation": "",
            "content_id": "toolshed.g2.bx.psu.edu/repos/iuc/ggplot2_point/ggplot2_point/3.4.0+galaxy1",
            "errors": null,
            "id": 8,
            "input_connections": {
                "input1": {
                    "id": 2,
                    "output_name": "out_file1"
                }
            },
            "inputs": [],
            "label": null,
            "name": "Scatterplot with ggplot2",
            "outputs": [
                {
                    "name": "output1",
                    "type": "png"
                },
                {
                    "name": "output2",
                    "type": "pdf"
                }
            ],
            "position": {
                "left": 660,
                "top": 480
            },
            "post_job_actions": {},
            "tool_id": "toolshed.g2.bx.psu.edu/repos/iuc/ggplot2_point/ggplot2_point/3.4.0+galaxy1",
            "tool_shed_repository": {
                "changeset_revision": "3b12bf9b4b87",
                "name": "ggplot2_point",
                "owner": "iuc",
                "tool_shed": "toolshed.g2.bx.psu.edu"
            },
            "tool_state": "{\"__input_ext\": \"input\", \"adv\": {\"type_conditional\": {\"type_options\": \"points\", \"__current_case__\": 0, \"points\": {\"pointoptions\": \"defined\", \"__current_case__\": 1, \"size\": \"2.0\", \"alpha\": \"1.0\", \"pointcolor\": \"black\", \"shape\": \"0\"}}, \"factor\": {\"factoring\": \"Single\", \"__current_case__\": 1, \"factorcol\": \"5\", \"colors\": \"Set2\", \"colororder\": \"1\"}, \"axis_title_customization\": {\"axis_customization\": \"default\", \"__current_case__\": 0}, \"axis_text_customization\": {\"axis_customization\": \"default\", \"__current_case__\": 0}, \"plot_title_customization\": {\"axis_customization\": \"default\", \"__current_case__\": 0}, \"gridlinecust\": \"default\", \"transform\": \"none\", \"scaling\": {\"plot_scaling\": \"Automatic\", \"__current_case__\": 0}, \"theme\": \"bw\", \"legend\": \"yes\"}, \"chromInfo\": \"/cvmfs/data.galaxyproject.org/managed/len/ucsc/?.len\", \"input1\": {\"__class__\": \"ConnectedValue\"}, \"out\": {\"unit_output_dim\": \"in\", \"width_output_dim\": \"7.0\", \"height_output_dim\": \"7.0\", \"dpi_output_dim\": \"300.0\", \"additional_output_format\": \"pdf\"}, \"title\": \"petal length as a function of petal width\", \"xlab\": \"petal length\", \"xplot\": \"3\", \"ylab\": \"petal width\", \"yplot\": \"4\", \"__page__\": null, \"__rerun_remap_job_id__\": null}",
            "tool_version": "3.4.0+galaxy1",
            "type": "tool",
            "uuid": "c75ca6c3-bb51-4560-ba83-5c5a8879a0bd",
            "when": null,
            "workflow_outputs": []
        },
        "9": {
            "annotation": "",
            "content_id": "toolshed.g2.bx.psu.edu/repos/bgruening/text_processing/tp_sorted_uniq/1.1.0",
            "errors": null,
            "id": 9,
            "input_connections": {
                "infile": {
                    "id": 4,
                    "output_name": "out_file1"
                }
            },
            "inputs": [],
            "label": null,
            "name": "Unique",
            "outputs": [
                {
                    "name": "outfile",
                    "type": "input"
                }
            ],
            "position": {
                "left": 880,
                "top": 0
            },
            "post_job_actions": {
                "RenameDatasetActionoutfile": {
                    "action_arguments": {
                        "newname": "categories"
                    },
                    "action_type": "RenameDatasetAction",
                    "output_name": "outfile"
                }
            },
            "tool_id": "toolshed.g2.bx.psu.edu/repos/bgruening/text_processing/tp_sorted_uniq/1.1.0",
            "tool_shed_repository": {
                "changeset_revision": "ddf54b12c295",
                "name": "text_processing",
                "owner": "bgruening",
                "tool_shed": "toolshed.g2.bx.psu.edu"
            },
            "tool_state": "{\"__input_ext\": \"tabular\", \"adv_opts\": {\"adv_opts_selector\": \"basic\", \"__current_case__\": 0}, \"chromInfo\": \"/cvmfs/data.galaxyproject.org/managed/len/ucsc/?.len\", \"ignore_case\": false, \"infile\": {\"__class__\": \"ConnectedValue\"}, \"is_numeric\": false, \"__page__\": null, \"__rerun_remap_job_id__\": null}",
            "tool_version": "1.1.0",
            "type": "tool",
            "uuid": "631d4b3f-6a77-4929-9261-071101cc4691",
            "when": null,
            "workflow_outputs": [
                {
                    "label": null,
                    "output_name": "outfile",
                    "uuid": "559e1269-4b83-4716-8e16-ca1e5f4d4fcc"
                }
            ]
        }
    },
    "tags": [],
    "uuid": "60e87ea4-6011-405e-8234-10c3b19c3829",
    "version": 4
}