{
    "a_galaxy_workflow": "true",
    "annotation": "",
    "format-version": "0.1",
    "name": "QC and filtering",
    "steps": {
        "0": {
            "annotation": "",
            "content_id": null,
            "errors": null,
            "id": 0,
            "input_connections": {},
            "inputs": [
                {
                    "description": "",
                    "name": "mutant_R1.fastq"
                }
            ],
            "label": "mutant_R1.fastq",
            "name": "Input dataset",
            "outputs": [],
            "position": {
                "left": 10,
                "top": 10
            },
            "tool_id": null,
            "tool_state": "{\"optional\": false, \"tag\": null}",
            "tool_version": null,
            "type": "data_input",
            "uuid": "54f154ac-8940-4729-bb76-3a2766b0ea4d",
            "when": null,
            "workflow_outputs": []
        },
        "1": {
            "annotation": "",
            "content_id": "toolshed.g2.bx.psu.edu/repos/devteam/fastqc/fastqc/0.73+galaxy0",
            "errors": null,
            "id": 1,
            "input_connections": {
                "input_file": {
                    "id": 0,
                    "output_name": "output"
                }
            },
            "inputs": [],
            "label": null,
            "name": "FastQC",
            "outputs": [
                {
                    "name": "html_file",
                    "type": "html"
                },
                {
                    "name": "text_file",
                    "type": "txt"
                }
            ],
            "position": {
                "left": 230,
                "top": 10
            },
            "post_job_actions": {},
            "tool_id": "toolshed.g2.bx.psu.edu/repos/devteam/fastqc/fastqc/0.73+galaxy0",
            "tool_shed_repository": {
                "changeset_revision": "3d0c7bdf12f5",
                "name": "fastqc",
                "owner": "devteam",
                "tool_shed": "toolshed.g2.bx.psu.edu"
            },
            "tool_state": "{\"__input_ext\": \"fastqsanger\", \"adapters\": null, \"chromInfo\": \"/cvmfs/data.galaxyproject.org/managed/len/ucsc/?.len\", \"contaminants\": null, \"input_file\": null, \"kmers\": \"7\", \"limits\": null, \"min_length\": null, \"nogroup\": false, \"__page__\": null, \"__rerun_remap_job_id__\": null}",
            "tool_version": "0.73+galaxy0",
            "type": "tool",
            "uuid": "b8aeb4f0-e583-43e7-a7c1-9eac26365b87",
            "when": null,
            "workflow_outputs": []
        },
        "2": {
            "annotation": "",
            "content_id": "toolshed.g2.bx.psu.edu/repos/devteam/fastq_quality_filter/cshl_fastq_quality_filter/1.0.2+galaxy0",
            "errors": null,
            "id": 2,
            "input_connections": {
                "input": {
                    "id": 0,
                    "output_name": "output"
                }
            },
            "inputs": [],
            "label": null,
            "name": "Filter by quality",
            "outputs": [
                {
                    "name": "output",
                    "type": "input"
                }
            ],
            "position": {
                "left": 230,
                "top": 130
            },
            "post_job_actions": {},
            "tool_id": "toolshed.g2.bx.psu.edu/repos/devteam/fastq_quality_filter/cshl_fastq_quality_filter/1.0.2+galaxy0",
            "tool_shed_repository": {
                "changeset_revision": "ce9cd02d5b88",
                "name": "fastq_quality_filter",
                "owner": "devteam",
                "tool_shed": "toolshed.g2.bx.psu.edu"
            },
            "tool_state": "{\"__input_ext\": \"fastqsanger\", \"chromInfo\": \"/cvmfs/data.galaxyproject.org/managed/len/ucsc/?.len\", \"input\": null, \"percent\": \"80\", \"quality\": \"35\", \"__page__\": null, \"__rerun_remap_job_id__\": null}",
            "tool_version": "1.0.2+galaxy0",
            "type": "tool",
            "uuid": "84753b67-5436-4c80-90c1-bd1fbf5b771c",
            "when": null,
            "workflow_outputs": []
        }
    },
    "tags": [],
    "uuid": "315e98aa-1e85-4ad5-9c09-d9781a7d8a10",
    "version": 0
}