{
    "a_galaxy_workflow": "true",
    "annotation": "",
    "format-version": "0.1",
    "name": "off targets",
    "steps": {
        "0": {
            "annotation": "",
            "content_id": "bam_to_sam",
            "errors": null,
            "id": 0,
            "input_connections": {},
            "inputs": [],
            "label": null,
            "name": "BAM-to-SAM",
            "outputs": [
                {
                    "name": "output1",
                    "type": "sam"
                }
            ],
            "position": {
                "left": 117,
                "top": 172.5
            },
            "post_job_actions": {},
            "tool_id": "bam_to_sam",
            "tool_shed_repository": {
                "changeset_revision": "10184eaa85fc",
                "name": "bam_to_sam",
                "owner": "devteam",
                "tool_shed": "toolshed.g2.bx.psu.edu"
            },
            "tool_state": "{\"header\": \"False\", \"input1\": null, \"__page__\": null, \"__rerun_remap_job_id__\": null}",
            "tool_version": "1.0.3",
            "type": "tool",
            "uuid": "None",
            "when": null,
            "workflow_outputs": []
        },
        "1": {
            "annotation": "",
            "content_id": "sort1",
            "errors": null,
            "id": 1,
            "input_connections": {
                "input": {
                    "id": 0,
                    "output_name": "output1"
                }
            },
            "inputs": [],
            "label": null,
            "name": "Sort",
            "outputs": [
                {
                    "name": "out_file1",
                    "type": "input"
                }
            ],
            "position": {
                "left": 315,
                "top": 184.5
            },
            "post_job_actions": {},
            "tool_id": "sort1",
            "tool_state": "{\"column\": \"10\", \"column_set\": [], \"input\": null, \"order\": \"DESC\", \"style\": \"num\", \"__page__\": null, \"__rerun_remap_job_id__\": null}",
            "tool_version": "1.0.2",
            "type": "tool",
            "uuid": "None",
            "when": null,
            "workflow_outputs": []
        },
        "2": {
            "annotation": "",
            "content_id": "Filter1",
            "errors": null,
            "id": 2,
            "input_connections": {
                "input": {
                    "id": 1,
                    "output_name": "out_file1"
                }
            },
            "inputs": [],
            "label": null,
            "name": "Filter",
            "outputs": [
                {
                    "name": "out_file1",
                    "type": "input"
                }
            ],
            "position": {
                "left": 535.5,
                "top": 180.5
            },
            "post_job_actions": {},
            "tool_id": "Filter1",
            "tool_state": "{\"cond\": \"1==c10.count('CCGGCTCTGAG') and 1==c10.count('CATCAT')\", \"header_lines\": \"0\", \"input\": null, \"__page__\": null, \"__rerun_remap_job_id__\": null}",
            "tool_version": "1.1.0",
            "type": "tool",
            "uuid": "None",
            "when": null,
            "workflow_outputs": []
        },
        "3": {
            "annotation": "",
            "content_id": "toolshed.g2.bx.psu.edu/repos/devteam/picard/picard_SamToFastq/1.56.1",
            "errors": null,
            "id": 3,
            "input_connections": {
                "input_sam": {
                    "id": 2,
                    "output_name": "out_file1"
                }
            },
            "inputs": [],
            "label": null,
            "name": "SamToFastq",
            "outputs": [
                {
                    "name": "fq_single",
                    "type": "fastqsanger"
                },
                {
                    "name": "interleaved_fastq",
                    "type": "fastqsanger"
                },
                {
                    "name": "fq1",
                    "type": "fastqsanger"
                },
                {
                    "name": "fq2",
                    "type": "fastqsanger"
                },
                {
                    "name": "fq_u",
                    "type": "fastqsanger"
                }
            ],
            "position": {
                "left": 100.5,
                "top": 276.5
            },
            "post_job_actions": {},
            "tool_id": "toolshed.g2.bx.psu.edu/repos/devteam/picard/picard_SamToFastq/1.56.1",
            "tool_shed_repository": {
                "changeset_revision": "585027e65f3b",
                "name": "picard",
                "owner": "devteam",
                "tool_shed": "toolshed.g2.bx.psu.edu"
            },
            "tool_state": "{\"clipping_action\": \"\", \"clipping_attribute\": \"\", \"include_non_pf_reads\": false, \"include_non_primary_alignments\": false, \"input_sam\": null, \"output_per_read_group_selector\": \"per_sam_file\", \"re_reverse\": true, \"read1_max_bases_to_write\": \"\", \"read1_trim\": \"\", \"single_paired_end_type\": {\"single_paired_end_type_selector\": \"single\", \"__current_case__\": 0}, \"__page__\": null, \"__rerun_remap_job_id__\": null}",
            "tool_version": "1.56.1",
            "type": "tool",
            "uuid": "None",
            "when": null,
            "workflow_outputs": []
        },
        "4": {
            "annotation": "",
            "content_id": "cshl_fastq_quality_filter",
            "errors": null,
            "id": 4,
            "input_connections": {
                "input": {
                    "id": 3,
                    "output_name": "output_fastq1"
                }
            },
            "inputs": [],
            "label": null,
            "name": "Filter by quality",
            "outputs": [
                {
                    "name": "output",
                    "type": "input"
                }
            ],
            "position": {
                "left": 366,
                "top": 294.5
            },
            "post_job_actions": {},
            "tool_id": "cshl_fastq_quality_filter",
            "tool_shed_repository": {
                "changeset_revision": "e41385662e5e",
                "name": "fastq_quality_filter",
                "owner": "devteam",
                "tool_shed": "toolshed.g2.bx.psu.edu"
            },
            "tool_state": "{\"input\": null, \"percent\": \"90\", \"quality\": \"25\", \"__page__\": null, \"__rerun_remap_job_id__\": null}",
            "tool_version": "1.0.0",
            "type": "tool",
            "uuid": "None",
            "when": null,
            "workflow_outputs": []
        },
        "5": {
            "annotation": "",
            "content_id": "fastq_to_tabular",
            "errors": null,
            "id": 5,
            "input_connections": {
                "input_file": {
                    "id": 4,
                    "output_name": "output"
                }
            },
            "inputs": [],
            "label": null,
            "name": "FASTQ to Tabular",
            "outputs": [
                {
                    "name": "output_file",
                    "type": "tabular"
                }
            ],
            "position": {
                "left": 563.5,
                "top": 294.5
            },
            "post_job_actions": {},
            "tool_id": "fastq_to_tabular",
            "tool_shed_repository": {
                "changeset_revision": "bc9269529e88",
                "name": "fastq_to_tabular",
                "owner": "devteam",
                "tool_shed": "toolshed.g2.bx.psu.edu"
            },
            "tool_state": "{\"descr_columns\": \"1\", \"input_file\": null, \"__page__\": null, \"__rerun_remap_job_id__\": null}",
            "tool_version": "1.1.0",
            "type": "tool",
            "uuid": "None",
            "when": null,
            "workflow_outputs": []
        },
        "6": {
            "annotation": "",
            "content_id": "Filter1",
            "errors": null,
            "id": 6,
            "input_connections": {
                "input": {
                    "id": 5,
                    "output_name": "output_file"
                }
            },
            "inputs": [],
            "label": null,
            "name": "Filter",
            "outputs": [
                {
                    "name": "out_file1",
                    "type": "input"
                }
            ],
            "position": {
                "left": 120.5,
                "top": 402.5
            },
            "post_job_actions": {},
            "tool_id": "Filter1",
            "tool_state": "{\"cond\": \"1==c2.count('TGCATGG')\", \"header_lines\": \"0\", \"input\": null, \"__page__\": null, \"__rerun_remap_job_id__\": null}",
            "tool_version": "1.1.0",
            "type": "tool",
            "uuid": "None",
            "when": null,
            "workflow_outputs": []
        },
        "7": {
            "annotation": "",
            "content_id": "Filter1",
            "errors": null,
            "id": 7,
            "input_connections": {
                "input": {
                    "id": 5,
                    "output_name": "output_file"
                }
            },
            "inputs": [],
            "label": null,
            "name": "Filter",
            "outputs": [
                {
                    "name": "out_file1",
                    "type": "input"
                }
            ],
            "position": {
                "left": 132.5,
                "top": 517.5
            },
            "post_job_actions": {},
            "tool_id": "Filter1",
            "tool_state": "{\"cond\": \"0==c2.count('TGCATGG')\", \"header_lines\": \"0\", \"input\": null, \"__page__\": null, \"__rerun_remap_job_id__\": null}",
            "tool_version": "1.1.0",
            "type": "tool",
            "uuid": "None",
            "when": null,
            "workflow_outputs": []
        },
        "8": {
            "annotation": "",
            "content_id": "Count1",
            "errors": null,
            "id": 8,
            "input_connections": {
                "input": {
                    "id": 6,
                    "output_name": "out_file1"
                }
            },
            "inputs": [],
            "label": null,
            "name": "Count",
            "outputs": [
                {
                    "name": "out_file1",
                    "type": "tabular"
                }
            ],
            "position": {
                "left": 323.5,
                "top": 405.5
            },
            "post_job_actions": {},
            "tool_id": "Count1",
            "tool_state": "{\"column\": [\"2\"], \"delim\": \"T\", \"input\": null, \"__page__\": null, \"__rerun_remap_job_id__\": null}",
            "tool_version": "1.0.0",
            "type": "tool",
            "uuid": "None",
            "when": null,
            "workflow_outputs": []
        },
        "9": {
            "annotation": "",
            "content_id": "Count1",
            "errors": null,
            "id": 9,
            "input_connections": {
                "input": {
                    "id": 7,
                    "output_name": "out_file1"
                }
            },
            "inputs": [],
            "label": null,
            "name": "Count",
            "outputs": [
                {
                    "name": "out_file1",
                    "type": "tabular"
                }
            ],
            "position": {
                "left": 324.5,
                "top": 522.5
            },
            "post_job_actions": {},
            "tool_id": "Count1",
            "tool_state": "{\"column\": [\"2\"], \"delim\": \"T\", \"input\": null, \"__page__\": null, \"__rerun_remap_job_id__\": null}",
            "tool_version": "1.0.0",
            "type": "tool",
            "uuid": "None",
            "when": null,
            "workflow_outputs": []
        },
        "10": {
            "annotation": "",
            "content_id": "sort1",
            "errors": null,
            "id": 10,
            "input_connections": {
                "input": {
                    "id": 8,
                    "output_name": "out_file1"
                }
            },
            "inputs": [],
            "label": null,
            "name": "Sort",
            "outputs": [
                {
                    "name": "out_file1",
                    "type": "input"
                }
            ],
            "position": {
                "left": 512.5,
                "top": 415.5
            },
            "post_job_actions": {
                "RenameDatasetActionout_file1": {
                    "action_arguments": {
                        "newname": "Wild-type"
                    },
                    "action_type": "RenameDatasetAction",
                    "output_name": "out_file1"
                }
            },
            "tool_id": "sort1",
            "tool_state": "{\"column\": \"1\", \"column_set\": [], \"input\": null, \"order\": \"DESC\", \"style\": \"num\", \"__page__\": null, \"__rerun_remap_job_id__\": null}",
            "tool_version": "1.0.2",
            "type": "tool",
            "uuid": "None",
            "when": null,
            "workflow_outputs": []
        },
        "11": {
            "annotation": "",
            "content_id": "sort1",
            "errors": null,
            "id": 11,
            "input_connections": {
                "input": {
                    "id": 9,
                    "output_name": "out_file1"
                }
            },
            "inputs": [],
            "label": null,
            "name": "Sort",
            "outputs": [
                {
                    "name": "out_file1",
                    "type": "input"
                }
            ],
            "position": {
                "left": 527.5,
                "top": 517.5
            },
            "post_job_actions": {
                "RenameDatasetActionout_file1": {
                    "action_arguments": {
                        "newname": "Mutated"
                    },
                    "action_type": "RenameDatasetAction",
                    "output_name": "out_file1"
                }
            },
            "tool_id": "sort1",
            "tool_state": "{\"column\": \"1\", \"column_set\": [], \"input\": null, \"order\": \"DESC\", \"style\": \"num\", \"__page__\": null, \"__rerun_remap_job_id__\": null}",
            "tool_version": "1.0.2",
            "type": "tool",
            "uuid": "None",
            "when": null,
            "workflow_outputs": []
        }
    },
    "tags": [],
    "version": 0
}