{
    "a_galaxy_workflow": "true",
    "annotation": "",
    "format-version": "0.1",
    "name": "Etapa 2 - Clean Up - (Update 21.07.19) (imported from uploaded file)",
    "steps": {
        "0": {
            "annotation": "",
            "content_id": "toolshed.g2.bx.psu.edu/repos/pjbriggs/trimmomatic/trimmomatic/0.38.0",
            "errors": null,
            "id": 0,
            "input_connections": {},
            "inputs": [
                {
                    "description": "runtime parameter for tool Trimmomatic",
                    "name": "readtype"
                }
            ],
            "label": null,
            "name": "Trimmomatic",
            "outputs": [
                {
                    "name": "fastq_out_paired",
                    "type": "input"
                },
                {
                    "name": "fastq_out_unpaired",
                    "type": "input"
                },
                {
                    "name": "err_file",
                    "type": "txt"
                }
            ],
            "position": {
                "bottom": 446.5,
                "height": 262,
                "left": -281,
                "right": -81,
                "top": 184.5,
                "width": 200,
                "x": -281,
                "y": 184.5
            },
            "post_job_actions": {},
            "tool_id": "toolshed.g2.bx.psu.edu/repos/pjbriggs/trimmomatic/trimmomatic/0.38.0",
            "tool_shed_repository": {
                "changeset_revision": "898b67846b47",
                "name": "trimmomatic",
                "owner": "pjbriggs",
                "tool_shed": "toolshed.g2.bx.psu.edu"
            },
            "tool_state": "{\"__job_resource\": {\"__job_resource__select\": \"no\", \"__current_case__\": 0}, \"illuminaclip\": {\"do_illuminaclip\": false, \"__current_case__\": 1}, \"operations\": [{\"__index__\": 0, \"operation\": {\"name\": \"SLIDINGWINDOW\", \"__current_case__\": 0, \"window_size\": \"4\", \"required_quality\": \"20\"}}], \"output_err\": true, \"output_logs\": false, \"readtype\": {\"single_or_paired\": \"collection\", \"__current_case__\": 2, \"fastq_pair\": {\"__class__\": \"RuntimeValue\"}}, \"__page__\": null, \"__rerun_remap_job_id__\": null}",
            "tool_version": "0.38.0",
            "type": "tool",
            "uuid": "9244cc5b-5989-4e18-b3e7-9c0bbbf75d71",
            "when": null,
            "workflow_outputs": [
                {
                    "label": null,
                    "output_name": "fastq_out_unpaired",
                    "uuid": "dac553bc-236a-486b-b306-e848f7bbcaaa"
                },
                {
                    "label": null,
                    "output_name": "fastq_out_paired",
                    "uuid": "3a52ce73-0a07-401d-9567-defbbaa64859"
                },
                {
                    "label": null,
                    "output_name": "err_file",
                    "uuid": "ef8301b5-9602-45e1-b692-86df20978bcf"
                }
            ]
        },
        "1": {
            "annotation": "",
            "content_id": null,
            "errors": null,
            "id": 1,
            "input_connections": {},
            "inputs": [
                {
                    "description": "",
                    "name": "Illumina adapters"
                }
            ],
            "label": "Illumina adapters",
            "name": "Input dataset",
            "outputs": [],
            "position": {
                "bottom": 458.5,
                "height": 84,
                "left": 275,
                "right": 475,
                "top": 374.5,
                "width": 200,
                "x": 275,
                "y": 374.5
            },
            "tool_id": null,
            "tool_state": "{\"optional\": false, \"tag\": null}",
            "tool_version": null,
            "type": "data_input",
            "uuid": "f032dc0e-16fd-4d38-96eb-2b9663740054",
            "when": null,
            "workflow_outputs": [
                {
                    "label": null,
                    "output_name": "output",
                    "uuid": "09749330-f0ba-4919-a1a2-4b2582760b64"
                }
            ]
        },
        "2": {
            "annotation": "",
            "content_id": "toolshed.g2.bx.psu.edu/repos/devteam/fastq_quality_filter/cshl_fastq_quality_filter/1.0.2+galaxy0",
            "errors": null,
            "id": 2,
            "input_connections": {
                "input": {
                    "id": 0,
                    "output_name": "fastq_out_unpaired"
                }
            },
            "inputs": [],
            "label": null,
            "name": "Filter by quality",
            "outputs": [
                {
                    "name": "output",
                    "type": "input"
                }
            ],
            "position": {
                "bottom": 315.5,
                "height": 95,
                "left": -3,
                "right": 197,
                "top": 220.5,
                "width": 200,
                "x": -3,
                "y": 220.5
            },
            "post_job_actions": {},
            "tool_id": "toolshed.g2.bx.psu.edu/repos/devteam/fastq_quality_filter/cshl_fastq_quality_filter/1.0.2+galaxy0",
            "tool_shed_repository": {
                "changeset_revision": "ce9cd02d5b88",
                "name": "fastq_quality_filter",
                "owner": "devteam",
                "tool_shed": "toolshed.g2.bx.psu.edu"
            },
            "tool_state": "{\"input\": {\"__class__\": \"ConnectedValue\"}, \"percent\": \"90\", \"quality\": \"20\", \"__page__\": null, \"__rerun_remap_job_id__\": null}",
            "tool_version": "1.0.2+galaxy0",
            "type": "tool",
            "uuid": "68f7aa4e-6dd6-4ead-9ca9-61f2734b6d23",
            "when": null,
            "workflow_outputs": [
                {
                    "label": null,
                    "output_name": "output",
                    "uuid": "e7567b64-7aec-41fd-9660-3973569908d9"
                }
            ]
        },
        "3": {
            "annotation": "",
            "content_id": "toolshed.g2.bx.psu.edu/repos/devteam/fastq_quality_filter/cshl_fastq_quality_filter/1.0.2+galaxy0",
            "errors": null,
            "id": 3,
            "input_connections": {
                "input": {
                    "id": 0,
                    "output_name": "fastq_out_paired"
                }
            },
            "inputs": [],
            "label": null,
            "name": "Filter by quality",
            "outputs": [
                {
                    "name": "output",
                    "type": "input"
                }
            ],
            "position": {
                "bottom": 612.5,
                "height": 95,
                "left": -3,
                "right": 197,
                "top": 517.5,
                "width": 200,
                "x": -3,
                "y": 517.5
            },
            "post_job_actions": {},
            "tool_id": "toolshed.g2.bx.psu.edu/repos/devteam/fastq_quality_filter/cshl_fastq_quality_filter/1.0.2+galaxy0",
            "tool_shed_repository": {
                "changeset_revision": "ce9cd02d5b88",
                "name": "fastq_quality_filter",
                "owner": "devteam",
                "tool_shed": "toolshed.g2.bx.psu.edu"
            },
            "tool_state": "{\"input\": {\"__class__\": \"ConnectedValue\"}, \"percent\": \"90\", \"quality\": \"20\", \"__page__\": null, \"__rerun_remap_job_id__\": null}",
            "tool_version": "1.0.2+galaxy0",
            "type": "tool",
            "uuid": "a55b5fef-a41a-4fb4-abb7-8c5d96c5e6f3",
            "when": null,
            "workflow_outputs": [
                {
                    "label": null,
                    "output_name": "output",
                    "uuid": "1cc110bc-2dc9-41e8-8c35-8abb9d263e29"
                }
            ]
        },
        "4": {
            "annotation": "",
            "content_id": "toolshed.g2.bx.psu.edu/repos/devteam/fastx_artifacts_filter/cshl_fastx_artifacts_filter/1.0.1+galaxy0",
            "errors": null,
            "id": 4,
            "input_connections": {
                "input": {
                    "id": 2,
                    "output_name": "output"
                }
            },
            "inputs": [],
            "label": null,
            "name": "Remove sequencing artifacts",
            "outputs": [
                {
                    "name": "output",
                    "type": "input"
                }
            ],
            "position": {
                "bottom": 336.5,
                "height": 137,
                "left": 275,
                "right": 475,
                "top": 199.5,
                "width": 200,
                "x": 275,
                "y": 199.5
            },
            "post_job_actions": {},
            "tool_id": "toolshed.g2.bx.psu.edu/repos/devteam/fastx_artifacts_filter/cshl_fastx_artifacts_filter/1.0.1+galaxy0",
            "tool_shed_repository": {
                "changeset_revision": "d5e9e83cd3d8",
                "name": "fastx_artifacts_filter",
                "owner": "devteam",
                "tool_shed": "toolshed.g2.bx.psu.edu"
            },
            "tool_state": "{\"input\": {\"__class__\": \"ConnectedValue\"}, \"__page__\": null, \"__rerun_remap_job_id__\": null}",
            "tool_version": "1.0.1+galaxy0",
            "type": "tool",
            "uuid": "f5ed294b-f12c-4fc1-b69f-6f3c6166bc81",
            "when": null,
            "workflow_outputs": [
                {
                    "label": null,
                    "output_name": "output",
                    "uuid": "79056225-9f48-4a14-a222-f63c7bb7199d"
                }
            ]
        },
        "5": {
            "annotation": "",
            "content_id": "toolshed.g2.bx.psu.edu/repos/devteam/fastx_artifacts_filter/cshl_fastx_artifacts_filter/1.0.1+galaxy0",
            "errors": null,
            "id": 5,
            "input_connections": {
                "input": {
                    "id": 3,
                    "output_name": "output"
                }
            },
            "inputs": [],
            "label": null,
            "name": "Remove sequencing artifacts",
            "outputs": [
                {
                    "name": "output",
                    "type": "input"
                }
            ],
            "position": {
                "bottom": 633.5,
                "height": 137,
                "left": 275,
                "right": 475,
                "top": 496.5,
                "width": 200,
                "x": 275,
                "y": 496.5
            },
            "post_job_actions": {},
            "tool_id": "toolshed.g2.bx.psu.edu/repos/devteam/fastx_artifacts_filter/cshl_fastx_artifacts_filter/1.0.1+galaxy0",
            "tool_shed_repository": {
                "changeset_revision": "d5e9e83cd3d8",
                "name": "fastx_artifacts_filter",
                "owner": "devteam",
                "tool_shed": "toolshed.g2.bx.psu.edu"
            },
            "tool_state": "{\"input\": {\"__class__\": \"ConnectedValue\"}, \"__page__\": null, \"__rerun_remap_job_id__\": null}",
            "tool_version": "1.0.1+galaxy0",
            "type": "tool",
            "uuid": "9c1b8ad0-2627-47f1-a4e0-58124520ae55",
            "when": null,
            "workflow_outputs": [
                {
                    "label": null,
                    "output_name": "output",
                    "uuid": "776089a0-1056-4e6d-9d9a-fc36670f2b99"
                }
            ]
        },
        "6": {
            "annotation": "",
            "content_id": "toolshed.g2.bx.psu.edu/repos/devteam/fastqc/fastqc/0.72+galaxy1",
            "errors": null,
            "id": 6,
            "input_connections": {
                "adapters": {
                    "id": 1,
                    "output_name": "output"
                },
                "input_file": {
                    "id": 4,
                    "output_name": "output"
                }
            },
            "inputs": [
                {
                    "description": "runtime parameter for tool FastQC",
                    "name": "adapters"
                },
                {
                    "description": "runtime parameter for tool FastQC",
                    "name": "contaminants"
                },
                {
                    "description": "runtime parameter for tool FastQC",
                    "name": "input_file"
                },
                {
                    "description": "runtime parameter for tool FastQC",
                    "name": "limits"
                }
            ],
            "label": null,
            "name": "FastQC",
            "outputs": [
                {
                    "name": "html_file",
                    "type": "html"
                },
                {
                    "name": "text_file",
                    "type": "txt"
                }
            ],
            "position": {
                "bottom": 552.5,
                "height": 324,
                "left": 563,
                "right": 763,
                "top": 228.5,
                "width": 200,
                "x": 563,
                "y": 228.5
            },
            "post_job_actions": {},
            "tool_id": "toolshed.g2.bx.psu.edu/repos/devteam/fastqc/fastqc/0.72+galaxy1",
            "tool_shed_repository": {
                "changeset_revision": "e7b2202befea",
                "name": "fastqc",
                "owner": "devteam",
                "tool_shed": "toolshed.g2.bx.psu.edu"
            },
            "tool_state": "{\"adapters\": {\"__class__\": \"RuntimeValue\"}, \"contaminants\": {\"__class__\": \"RuntimeValue\"}, \"input_file\": {\"__class__\": \"RuntimeValue\"}, \"kmers\": \"7\", \"limits\": {\"__class__\": \"RuntimeValue\"}, \"min_length\": null, \"nogroup\": false, \"__page__\": null, \"__rerun_remap_job_id__\": null}",
            "tool_version": "0.72+galaxy1",
            "type": "tool",
            "uuid": "2158ba59-e82d-4aef-b0ab-c87e80efc604",
            "when": null,
            "workflow_outputs": [
                {
                    "label": "FastQC on input dataset(s): RawData",
                    "output_name": "text_file",
                    "uuid": "61fba973-5448-433f-997c-e01c0e7da270"
                },
                {
                    "label": "FastQC on input dataset(s): Webpage",
                    "output_name": "html_file",
                    "uuid": "9511ac12-7a0b-486c-83d4-b2bf0180fe57"
                }
            ]
        },
        "7": {
            "annotation": "",
            "content_id": "toolshed.g2.bx.psu.edu/repos/devteam/fastqc/fastqc/0.72+galaxy1",
            "errors": null,
            "id": 7,
            "input_connections": {
                "adapters": {
                    "id": 1,
                    "output_name": "output"
                },
                "input_file": {
                    "id": 5,
                    "output_name": "output"
                }
            },
            "inputs": [
                {
                    "description": "runtime parameter for tool FastQC",
                    "name": "adapters"
                },
                {
                    "description": "runtime parameter for tool FastQC",
                    "name": "contaminants"
                },
                {
                    "description": "runtime parameter for tool FastQC",
                    "name": "input_file"
                },
                {
                    "description": "runtime parameter for tool FastQC",
                    "name": "limits"
                }
            ],
            "label": null,
            "name": "FastQC",
            "outputs": [
                {
                    "name": "html_file",
                    "type": "html"
                },
                {
                    "name": "text_file",
                    "type": "txt"
                }
            ],
            "position": {
                "bottom": 914.5,
                "height": 324,
                "left": 563,
                "right": 763,
                "top": 590.5,
                "width": 200,
                "x": 563,
                "y": 590.5
            },
            "post_job_actions": {},
            "tool_id": "toolshed.g2.bx.psu.edu/repos/devteam/fastqc/fastqc/0.72+galaxy1",
            "tool_shed_repository": {
                "changeset_revision": "e7b2202befea",
                "name": "fastqc",
                "owner": "devteam",
                "tool_shed": "toolshed.g2.bx.psu.edu"
            },
            "tool_state": "{\"adapters\": {\"__class__\": \"RuntimeValue\"}, \"contaminants\": {\"__class__\": \"RuntimeValue\"}, \"input_file\": {\"__class__\": \"RuntimeValue\"}, \"kmers\": \"7\", \"limits\": {\"__class__\": \"RuntimeValue\"}, \"min_length\": null, \"nogroup\": false, \"__page__\": null, \"__rerun_remap_job_id__\": null}",
            "tool_version": "0.72+galaxy1",
            "type": "tool",
            "uuid": "9468c95a-3854-488d-a6b9-2fd791da2eae",
            "when": null,
            "workflow_outputs": [
                {
                    "label": "FastQC on input dataset(s): Webpage",
                    "output_name": "html_file",
                    "uuid": "483944bf-3abd-4050-9cea-ba37b23fffdd"
                },
                {
                    "label": "FastQC on input dataset(s): RawData",
                    "output_name": "text_file",
                    "uuid": "c3cbe18f-d37d-436c-9a17-38b8472507ee"
                }
            ]
        }
    },
    "tags": [],
    "uuid": "ccad17fe-f4f3-43e1-b26f-f24702722b94",
    "version": 0
}