{
    "a_galaxy_workflow": "true",
    "annotation": "",
    "format-version": "0.1",
    "name": "edited: Cloudmap Uncovered Region Subtraction workflow",
    "steps": {
        "0": {
            "annotation": "",
            "content_id": null,
            "errors": null,
            "id": 0,
            "input_connections": {},
            "inputs": [
                {
                    "description": "",
                    "name": "Uncovered regions for mutant under analysis (BED file)"
                }
            ],
            "label": null,
            "name": "Input dataset",
            "outputs": [],
            "position": {
                "left": 199,
                "top": 204
            },
            "tool_id": null,
            "tool_state": "{\"optional\": false, \"tag\": null}",
            "tool_version": null,
            "type": "data_input",
            "uuid": "None",
            "when": null,
            "workflow_outputs": []
        },
        "1": {
            "annotation": "",
            "content_id": null,
            "errors": null,
            "id": 1,
            "input_connections": {},
            "inputs": [
                {
                    "description": "",
                    "name": "Uncovered regions for subtraction 1 (BED file)"
                }
            ],
            "label": null,
            "name": "Input dataset",
            "outputs": [],
            "position": {
                "left": 199,
                "top": 287
            },
            "tool_id": null,
            "tool_state": "{\"optional\": false, \"tag\": null}",
            "tool_version": null,
            "type": "data_input",
            "uuid": "None",
            "when": null,
            "workflow_outputs": []
        },
        "2": {
            "annotation": "",
            "content_id": null,
            "errors": null,
            "id": 2,
            "input_connections": {},
            "inputs": [
                {
                    "description": "",
                    "name": "Uncovered regions for subtraction 2 (BED file)"
                }
            ],
            "label": null,
            "name": "Input dataset",
            "outputs": [],
            "position": {
                "left": 199,
                "top": 370
            },
            "tool_id": null,
            "tool_state": "{\"optional\": false, \"tag\": null}",
            "tool_version": null,
            "type": "data_input",
            "uuid": "None",
            "when": null,
            "workflow_outputs": []
        },
        "3": {
            "annotation": "",
            "content_id": "gops_intersect_1",
            "errors": null,
            "id": 3,
            "input_connections": {
                "input1": {
                    "id": 1,
                    "output_name": "output"
                },
                "input2": {
                    "id": 2,
                    "output_name": "output"
                }
            },
            "inputs": [],
            "label": null,
            "name": "Intersect",
            "outputs": [
                {
                    "name": "output",
                    "type": "input"
                }
            ],
            "position": {
                "left": 447,
                "top": 355
            },
            "post_job_actions": {
                "ChangeDatatypeActionoutput": {
                    "action_arguments": {
                        "newtype": "bed"
                    },
                    "action_type": "ChangeDatatypeAction",
                    "output_name": "output"
                },
                "HideDatasetActionoutput": {
                    "action_arguments": {},
                    "action_type": "HideDatasetAction",
                    "output_name": "output"
                },
                "RenameDatasetActionoutput": {
                    "action_arguments": {
                        "newname": "Common regions uncovered in strains used for subtraction"
                    },
                    "action_type": "RenameDatasetAction",
                    "output_name": "output"
                }
            },
            "tool_id": "gops_intersect_1",
            "tool_shed_repository": {
                "changeset_revision": "8ddabc73af92",
                "name": "intersect",
                "owner": "devteam",
                "tool_shed": "toolshed.g2.bx.psu.edu"
            },
            "tool_state": "{\"chromInfo\": \"/galaxy/home/g2test/galaxy_test/tool-data/shared/ucsc/chrom/ce10.len\", \"input1\": null, \"input2\": null, \"min\": \"1\", \"returntype\": \"-p\", \"__page__\": null, \"__rerun_remap_job_id__\": null}",
            "tool_version": "1.0.0",
            "type": "tool",
            "uuid": "None",
            "when": null,
            "workflow_outputs": []
        },
        "4": {
            "annotation": "",
            "content_id": "gops_subtract_1",
            "errors": null,
            "id": 4,
            "input_connections": {
                "input1": {
                    "id": 0,
                    "output_name": "output"
                },
                "input2": {
                    "id": 3,
                    "output_name": "output"
                }
            },
            "inputs": [],
            "label": null,
            "name": "Subtract",
            "outputs": [
                {
                    "name": "output",
                    "type": "input"
                }
            ],
            "position": {
                "left": 677,
                "top": 199
            },
            "post_job_actions": {
                "ChangeDatatypeActionoutput": {
                    "action_arguments": {
                        "newtype": "bed"
                    },
                    "action_type": "ChangeDatatypeAction",
                    "output_name": "output"
                },
                "HideDatasetActionoutput": {
                    "action_arguments": {},
                    "action_type": "HideDatasetAction",
                    "output_name": "output"
                },
                "RenameDatasetActionoutput": {
                    "action_arguments": {
                        "newname": "Subtracted uncovered regions (not annotated)"
                    },
                    "action_type": "RenameDatasetAction",
                    "output_name": "output"
                }
            },
            "tool_id": "gops_subtract_1",
            "tool_shed_repository": {
                "changeset_revision": "7a2a604ae9c8",
                "name": "subtract",
                "owner": "devteam",
                "tool_shed": "toolshed.g2.bx.psu.edu"
            },
            "tool_state": "{\"chromInfo\": \"/galaxy/home/g2test/galaxy_test/tool-data/shared/ucsc/chrom/ce10.len\", \"input1\": null, \"input2\": null, \"min\": \"1\", \"returntype\": \"-p\", \"__page__\": null, \"__rerun_remap_job_id__\": null}",
            "tool_version": "1.0.0",
            "type": "tool",
            "uuid": "None",
            "when": null,
            "workflow_outputs": []
        },
        "5": {
            "annotation": "",
            "content_id": "toolshed.g2.bx.psu.edu/repos/pcingola/snpeff/snpEff/1.0",
            "errors": null,
            "id": 5,
            "input_connections": {
                "input": {
                    "id": 4,
                    "output_name": "output"
                }
            },
            "inputs": [],
            "label": null,
            "name": "SnpEff",
            "outputs": [
                {
                    "name": "output",
                    "type": "tabular"
                },
                {
                    "name": "statsFile",
                    "type": "html"
                }
            ],
            "position": {
                "left": 879,
                "top": 319
            },
            "post_job_actions": {
                "ChangeDatatypeActionoutput": {
                    "action_arguments": {
                        "newtype": "tabular"
                    },
                    "action_type": "ChangeDatatypeAction",
                    "output_name": "output"
                },
                "EmailActionoutput": {
                    "action_arguments": {
                        "host": "test.g2.bx.psu.edu"
                    },
                    "action_type": "EmailAction",
                    "output_name": "output"
                },
                "HideDatasetActionstatsFile": {
                    "action_arguments": {},
                    "action_type": "HideDatasetAction",
                    "output_name": "statsFile"
                },
                "RenameDatasetActionoutput": {
                    "action_arguments": {
                        "newname": "Annotated subtracted uncovered regions"
                    },
                    "action_type": "RenameDatasetAction",
                    "output_name": "output"
                }
            },
            "tool_id": "toolshed.g2.bx.psu.edu/repos/pcingola/snpeff/snpEff/1.0",
            "tool_shed_repository": {
                "changeset_revision": "c052639fa666",
                "name": "snpeff",
                "owner": "pcingola",
                "tool_shed": "toolshed.g2.bx.psu.edu"
            },
            "tool_state": "{\"chromInfo\": \"/galaxy/home/g2test/galaxy_test/tool-data/shared/ucsc/chrom/ce10.len\", \"filterHomHet\": \"\", \"filterIn\": \"\", \"filterOut\": \"None\", \"genomeVersion\": \"WS220.64\", \"input\": null, \"inputFormat\": \"bed\", \"offset\": \"\", \"outputFormat\": \"txt\", \"udLength\": \"10000\", \"__page__\": null, \"__rerun_remap_job_id__\": null}",
            "tool_version": "1.0",
            "type": "tool",
            "uuid": "None",
            "when": null,
            "workflow_outputs": []
        }
    },
    "tags": [],
    "version": 0
}