{
    "a_galaxy_workflow": "true",
    "annotation": "",
    "format-version": "0.1",
    "name": "Gene expression(FPKM)",
    "steps": {
        "0": {
            "annotation": "",
            "content_id": null,
            "errors": null,
            "id": 0,
            "input_connections": {},
            "inputs": [
                {
                    "description": "",
                    "name": "Input Dataset"
                }
            ],
            "label": null,
            "name": "Input dataset",
            "outputs": [],
            "position": {
                "left": 118.79998779296875,
                "top": 173.3000030517578
            },
            "tool_id": null,
            "tool_state": "{\"optional\": false, \"tag\": null}",
            "tool_version": null,
            "type": "data_input",
            "uuid": "a1b157b3-f435-45c1-a94a-f535186b254b",
            "when": null,
            "workflow_outputs": []
        },
        "1": {
            "annotation": "",
            "content_id": null,
            "errors": null,
            "id": 1,
            "input_connections": {},
            "inputs": [
                {
                    "description": "",
                    "name": "Input Dataset"
                }
            ],
            "label": null,
            "name": "Input dataset",
            "outputs": [],
            "position": {
                "left": 121.79998779296875,
                "top": 257.29998779296875
            },
            "tool_id": null,
            "tool_state": "{\"optional\": false, \"tag\": null}",
            "tool_version": null,
            "type": "data_input",
            "uuid": "eb954c9a-aa6f-486d-bd54-4b3edfd3de23",
            "when": null,
            "workflow_outputs": []
        },
        "2": {
            "annotation": "",
            "content_id": null,
            "errors": null,
            "id": 2,
            "input_connections": {},
            "inputs": [
                {
                    "description": "",
                    "name": "Input Dataset"
                }
            ],
            "label": null,
            "name": "Input dataset",
            "outputs": [],
            "position": {
                "left": 356.79998779296875,
                "top": 458.29998779296875
            },
            "tool_id": null,
            "tool_state": "{\"optional\": false, \"tag\": null}",
            "tool_version": null,
            "type": "data_input",
            "uuid": "49c0d589-1c65-4e04-a2a8-9e4a3904b091",
            "when": null,
            "workflow_outputs": []
        },
        "3": {
            "annotation": "",
            "content_id": "toolshed.g2.bx.psu.edu/repos/devteam/tophat2/tophat2/0.9",
            "errors": null,
            "id": 3,
            "input_connections": {
                "singlePaired|input1": {
                    "id": 0,
                    "output_name": "output"
                },
                "singlePaired|input2": {
                    "id": 1,
                    "output_name": "output"
                }
            },
            "inputs": [],
            "label": null,
            "name": "TopHat",
            "outputs": [
                {
                    "name": "align_summary",
                    "type": "txt"
                },
                {
                    "name": "insertions",
                    "type": "bed"
                },
                {
                    "name": "deletions",
                    "type": "bed"
                },
                {
                    "name": "junctions",
                    "type": "bed"
                },
                {
                    "name": "accepted_hits",
                    "type": "bam"
                }
            ],
            "position": {
                "left": 347.79998779296875,
                "top": 129.3000030517578
            },
            "post_job_actions": {},
            "tool_id": "toolshed.g2.bx.psu.edu/repos/devteam/tophat2/tophat2/0.9",
            "tool_shed_repository": {
                "changeset_revision": "4eb3c3beb9c7",
                "name": "tophat2",
                "owner": "devteam",
                "tool_shed": "toolshed.g2.bx.psu.edu"
            },
            "tool_state": "{\"__job_resource\": {\"__job_resource__select\": \"no\", \"__current_case__\": 0}, \"params\": {\"settingsType\": \"preSet\", \"__current_case__\": 0}, \"readGroup\": {\"specReadGroup\": \"no\", \"__current_case__\": 1}, \"refGenomeSource\": {\"genomeSource\": \"indexed\", \"__current_case__\": 0, \"index\": \"papHam1\"}, \"singlePaired\": {\"sPaired\": \"paired\", \"__current_case__\": 1, \"input1\": null, \"input2\": null, \"mate_inner_distance\": \"300\", \"mate_std_dev\": \"20\", \"report_discordant_pairs\": \"Yes\"}, \"__page__\": null, \"__rerun_remap_job_id__\": null}",
            "tool_version": "0.9",
            "type": "tool",
            "uuid": "77844b6d-f896-432a-9a91-5a5aec30cf7d",
            "when": null,
            "workflow_outputs": []
        },
        "4": {
            "annotation": "",
            "content_id": "toolshed.g2.bx.psu.edu/repos/devteam/cufflinks/cufflinks/2.2.1.0",
            "errors": null,
            "id": 4,
            "input_connections": {
                "input": {
                    "id": 3,
                    "output_name": "accepted_hits"
                },
                "reference_annotation|reference_annotation_file": {
                    "id": 2,
                    "output_name": "output"
                }
            },
            "inputs": [],
            "label": null,
            "name": "Cufflinks",
            "outputs": [
                {
                    "name": "genes_expression",
                    "type": "tabular"
                },
                {
                    "name": "transcripts_expression",
                    "type": "tabular"
                },
                {
                    "name": "assembled_isoforms",
                    "type": "gtf"
                },
                {
                    "name": "total_map_mass",
                    "type": "txt"
                },
                {
                    "name": "skipped",
                    "type": "gtf"
                }
            ],
            "position": {
                "left": 693.7999877929688,
                "top": 348.29998779296875
            },
            "post_job_actions": {},
            "tool_id": "toolshed.g2.bx.psu.edu/repos/devteam/cufflinks/cufflinks/2.2.1.0",
            "tool_shed_repository": {
                "changeset_revision": "d080005cffe1",
                "name": "cufflinks",
                "owner": "devteam",
                "tool_shed": "toolshed.g2.bx.psu.edu"
            },
            "tool_state": "{\"__job_resource\": {\"__job_resource__select\": \"no\", \"__current_case__\": 0}, \"advanced_settings\": {\"use_advanced_settings\": \"No\", \"__current_case__\": 0}, \"bias_correction\": {\"do_bias_correction\": \"No\", \"__current_case__\": 1}, \"global_model\": null, \"input\": null, \"length_correction\": \"\", \"max_intron_len\": \"300000\", \"min_isoform_fraction\": \"0.1\", \"multiread_correct\": false, \"pre_mrna_fraction\": \"0.15\", \"reference_annotation\": {\"use_ref\": \"Use reference annotation\", \"__current_case__\": 1, \"reference_annotation_file\": null, \"compatible_hits_norm\": \"\"}, \"__page__\": null, \"__rerun_remap_job_id__\": null}",
            "tool_version": "2.2.1.0",
            "type": "tool",
            "uuid": "751fedf1-ccd3-451b-98c5-888cd19164af",
            "when": null,
            "workflow_outputs": []
        }
    },
    "tags": [],
    "uuid": "05d28008-7c82-4e86-b214-6e9e940c13bb",
    "version": 1
}