{
    "a_galaxy_workflow": "true",
    "annotation": "",
    "format-version": "0.1",
    "name": "Gaps_FINAL",
    "steps": {
        "0": {
            "annotation": "",
            "content_id": null,
            "errors": null,
            "id": 0,
            "input_connections": {},
            "inputs": [
                {
                    "description": "",
                    "name": "Fichier .gaps"
                }
            ],
            "label": "Input Dataset",
            "name": "Input dataset",
            "outputs": [],
            "position": {
                "left": 200,
                "top": 220.5
            },
            "tool_id": null,
            "tool_state": "{\"optional\": false, \"tag\": null}",
            "tool_version": null,
            "type": "data_input",
            "uuid": "b0bc7f2b-b5aa-4a5e-ab90-b79e73ac3f3f",
            "when": null,
            "workflow_outputs": [
                {
                    "label": null,
                    "output_name": "output",
                    "uuid": "61213cfc-fb2d-4cdd-af4b-1f079f4229b8"
                }
            ]
        },
        "1": {
            "annotation": "",
            "content_id": null,
            "errors": null,
            "id": 1,
            "input_connections": {},
            "inputs": [
                {
                    "description": "",
                    "name": "PANEL"
                }
            ],
            "label": "PANEL",
            "name": "Input dataset",
            "outputs": [],
            "position": {
                "left": 1001,
                "top": 1331.5
            },
            "tool_id": null,
            "tool_state": "{\"optional\": false, \"tag\": null}",
            "tool_version": null,
            "type": "data_input",
            "uuid": "882b2c4f-5b20-4739-ba40-a6be61adce47",
            "when": null,
            "workflow_outputs": [
                {
                    "label": null,
                    "output_name": "output",
                    "uuid": "df1e2952-5411-4830-bf56-32f549a7e94d"
                }
            ]
        },
        "2": {
            "annotation": "",
            "content_id": "Convert characters1",
            "errors": null,
            "id": 2,
            "input_connections": {
                "input": {
                    "id": 0,
                    "output_name": "output"
                }
            },
            "inputs": [
                {
                    "description": "runtime parameter for tool Convert",
                    "name": "input"
                }
            ],
            "label": null,
            "name": "Convert",
            "outputs": [
                {
                    "name": "out_file1",
                    "type": "tabular"
                }
            ],
            "position": {
                "left": 372,
                "top": 332.5
            },
            "post_job_actions": {
                "HideDatasetActionout_file1": {
                    "action_arguments": {},
                    "action_type": "HideDatasetAction",
                    "output_name": "out_file1"
                },
                "RenameDatasetActionout_file1": {
                    "action_arguments": {
                        "newname": "#{input}"
                    },
                    "action_type": "RenameDatasetAction",
                    "output_name": "out_file1"
                }
            },
            "tool_id": "Convert characters1",
            "tool_state": "{\"condense\": true, \"convert_from\": \"C\", \"input\": {\"__class__\": \"RuntimeValue\"}, \"strip\": true, \"__page__\": null, \"__rerun_remap_job_id__\": null}",
            "tool_version": "1.0.0",
            "type": "tool",
            "uuid": "f555c8d0-581c-493b-966c-29cb552e5cc4",
            "when": null,
            "workflow_outputs": []
        },
        "3": {
            "annotation": "",
            "content_id": "Convert characters1",
            "errors": null,
            "id": 3,
            "input_connections": {
                "input": {
                    "id": 1,
                    "output_name": "output"
                }
            },
            "inputs": [
                {
                    "description": "runtime parameter for tool Convert",
                    "name": "input"
                }
            ],
            "label": null,
            "name": "Convert",
            "outputs": [
                {
                    "name": "out_file1",
                    "type": "tabular"
                }
            ],
            "position": {
                "left": 1217,
                "top": 1324.5
            },
            "post_job_actions": {
                "HideDatasetActionout_file1": {
                    "action_arguments": {},
                    "action_type": "HideDatasetAction",
                    "output_name": "out_file1"
                },
                "RenameDatasetActionout_file1": {
                    "action_arguments": {
                        "newname": "#{input}"
                    },
                    "action_type": "RenameDatasetAction",
                    "output_name": "out_file1"
                }
            },
            "tool_id": "Convert characters1",
            "tool_state": "{\"condense\": true, \"convert_from\": \"s\", \"input\": {\"__class__\": \"RuntimeValue\"}, \"strip\": true, \"__page__\": null, \"__rerun_remap_job_id__\": null}",
            "tool_version": "1.0.0",
            "type": "tool",
            "uuid": "8c321afe-bbae-4b64-8db2-b358c145a94c",
            "when": null,
            "workflow_outputs": []
        },
        "4": {
            "annotation": "",
            "content_id": "Cut1",
            "errors": null,
            "id": 4,
            "input_connections": {
                "input": {
                    "id": 2,
                    "output_name": "out_file1"
                }
            },
            "inputs": [
                {
                    "description": "runtime parameter for tool Cut",
                    "name": "input"
                }
            ],
            "label": null,
            "name": "Cut",
            "outputs": [
                {
                    "name": "out_file1",
                    "type": "tabular"
                }
            ],
            "position": {
                "left": 603,
                "top": 350.5
            },
            "post_job_actions": {
                "HideDatasetActionout_file1": {
                    "action_arguments": {},
                    "action_type": "HideDatasetAction",
                    "output_name": "out_file1"
                },
                "RenameDatasetActionout_file1": {
                    "action_arguments": {
                        "newname": "#{input}"
                    },
                    "action_type": "RenameDatasetAction",
                    "output_name": "out_file1"
                }
            },
            "tool_id": "Cut1",
            "tool_state": "{\"columnList\": \"c1,c5,c6,c8\", \"delimiter\": \"T\", \"input\": {\"__class__\": \"RuntimeValue\"}, \"__page__\": null, \"__rerun_remap_job_id__\": null}",
            "tool_version": "1.0.2",
            "type": "tool",
            "uuid": "307b5357-a630-4981-880d-f5371ced2ebe",
            "when": null,
            "workflow_outputs": []
        },
        "5": {
            "annotation": "",
            "content_id": "Remove beginning1",
            "errors": null,
            "id": 5,
            "input_connections": {
                "input": {
                    "id": 4,
                    "output_name": "out_file1"
                }
            },
            "inputs": [
                {
                    "description": "runtime parameter for tool Remove beginning",
                    "name": "input"
                }
            ],
            "label": null,
            "name": "Remove beginning",
            "outputs": [
                {
                    "name": "out_file1",
                    "type": "input"
                }
            ],
            "position": {
                "left": 609.5,
                "top": 586.5
            },
            "post_job_actions": {
                "HideDatasetActionout_file1": {
                    "action_arguments": {},
                    "action_type": "HideDatasetAction",
                    "output_name": "out_file1"
                },
                "RenameDatasetActionout_file1": {
                    "action_arguments": {
                        "newname": "C_#{input}"
                    },
                    "action_type": "RenameDatasetAction",
                    "output_name": "out_file1"
                }
            },
            "tool_id": "Remove beginning1",
            "tool_state": "{\"input\": {\"__class__\": \"RuntimeValue\"}, \"num_lines\": \"1\", \"__page__\": null, \"__rerun_remap_job_id__\": null}",
            "tool_version": "1.0.0",
            "type": "tool",
            "uuid": "fcf34009-6f9e-42f8-9ab5-dda090ea220d",
            "when": null,
            "workflow_outputs": []
        },
        "6": {
            "annotation": "",
            "content_id": "Show beginning1",
            "errors": null,
            "id": 6,
            "input_connections": {
                "input": {
                    "id": 4,
                    "output_name": "out_file1"
                }
            },
            "inputs": [
                {
                    "description": "runtime parameter for tool Select first",
                    "name": "input"
                }
            ],
            "label": null,
            "name": "Select first",
            "outputs": [
                {
                    "name": "out_file1",
                    "type": "input"
                }
            ],
            "position": {
                "left": 863,
                "top": 353.5
            },
            "post_job_actions": {
                "HideDatasetActionout_file1": {
                    "action_arguments": {},
                    "action_type": "HideDatasetAction",
                    "output_name": "out_file1"
                },
                "RenameDatasetActionout_file1": {
                    "action_arguments": {
                        "newname": "#{input}"
                    },
                    "action_type": "RenameDatasetAction",
                    "output_name": "out_file1"
                }
            },
            "tool_id": "Show beginning1",
            "tool_state": "{\"input\": {\"__class__\": \"RuntimeValue\"}, \"lineNum\": \"1\", \"__page__\": null, \"__rerun_remap_job_id__\": null}",
            "tool_version": "1.0.0",
            "type": "tool",
            "uuid": "1433b895-ff22-493c-aeda-c80646529678",
            "when": null,
            "workflow_outputs": []
        },
        "7": {
            "annotation": "",
            "content_id": "addValue",
            "errors": null,
            "id": 7,
            "input_connections": {
                "input": {
                    "id": 6,
                    "output_name": "out_file1"
                }
            },
            "inputs": [
                {
                    "description": "runtime parameter for tool Add column",
                    "name": "input"
                }
            ],
            "label": null,
            "name": "Add column",
            "outputs": [
                {
                    "name": "out_file1",
                    "type": "input"
                }
            ],
            "position": {
                "left": 1080,
                "top": 351.5
            },
            "post_job_actions": {
                "HideDatasetActionout_file1": {
                    "action_arguments": {},
                    "action_type": "HideDatasetAction",
                    "output_name": "out_file1"
                },
                "RenameDatasetActionout_file1": {
                    "action_arguments": {
                        "newname": "#{input}"
                    },
                    "action_type": "RenameDatasetAction",
                    "output_name": "out_file1"
                }
            },
            "tool_id": "addValue",
            "tool_state": "{\"exp\": \"-\", \"input\": {\"__class__\": \"RuntimeValue\"}, \"iterate\": \"no\", \"__page__\": null, \"__rerun_remap_job_id__\": null}",
            "tool_version": "1.0.0",
            "type": "tool",
            "uuid": "bb923535-bc3c-47c2-a8f7-a6620dff7f76",
            "when": null,
            "workflow_outputs": []
        },
        "8": {
            "annotation": "",
            "content_id": "mergeCols1",
            "errors": null,
            "id": 8,
            "input_connections": {
                "input1": {
                    "id": 7,
                    "output_name": "out_file1"
                }
            },
            "inputs": [
                {
                    "description": "runtime parameter for tool Merge Columns",
                    "name": "input1"
                }
            ],
            "label": null,
            "name": "Merge Columns",
            "outputs": [
                {
                    "name": "out_file1",
                    "type": "tabular"
                }
            ],
            "position": {
                "left": 913.5,
                "top": 477.5
            },
            "post_job_actions": {
                "HideDatasetActionout_file1": {
                    "action_arguments": {},
                    "action_type": "HideDatasetAction",
                    "output_name": "out_file1"
                },
                "RenameDatasetActionout_file1": {
                    "action_arguments": {
                        "newname": "#{input1}"
                    },
                    "action_type": "RenameDatasetAction",
                    "output_name": "out_file1"
                }
            },
            "tool_id": "mergeCols1",
            "tool_state": "{\"col1\": \"2\", \"col2\": \"5\", \"columns\": [{\"__index__\": 0, \"datacol\": \"1\"}], \"input1\": {\"__class__\": \"RuntimeValue\"}, \"__page__\": null, \"__rerun_remap_job_id__\": null}",
            "tool_version": "1.0.1",
            "type": "tool",
            "uuid": "914d1838-cadc-41e8-a3b2-133e417aa601",
            "when": null,
            "workflow_outputs": []
        },
        "9": {
            "annotation": "",
            "content_id": "mergeCols1",
            "errors": null,
            "id": 9,
            "input_connections": {
                "input1": {
                    "id": 8,
                    "output_name": "out_file1"
                }
            },
            "inputs": [
                {
                    "description": "runtime parameter for tool Merge Columns",
                    "name": "input1"
                }
            ],
            "label": null,
            "name": "Merge Columns",
            "outputs": [
                {
                    "name": "out_file1",
                    "type": "tabular"
                }
            ],
            "position": {
                "left": 917.5,
                "top": 583.5
            },
            "post_job_actions": {
                "HideDatasetActionout_file1": {
                    "action_arguments": {},
                    "action_type": "HideDatasetAction",
                    "output_name": "out_file1"
                },
                "RenameDatasetActionout_file1": {
                    "action_arguments": {
                        "newname": "#{input1}"
                    },
                    "action_type": "RenameDatasetAction",
                    "output_name": "out_file1"
                }
            },
            "tool_id": "mergeCols1",
            "tool_state": "{\"col1\": \"3\", \"col2\": \"5\", \"columns\": [{\"__index__\": 0, \"datacol\": \"1\"}], \"input1\": {\"__class__\": \"RuntimeValue\"}, \"__page__\": null, \"__rerun_remap_job_id__\": null}",
            "tool_version": "1.0.1",
            "type": "tool",
            "uuid": "709f2b74-4a48-4f09-8191-1fd44dcf16b6",
            "when": null,
            "workflow_outputs": []
        },
        "10": {
            "annotation": "",
            "content_id": "mergeCols1",
            "errors": null,
            "id": 10,
            "input_connections": {
                "input1": {
                    "id": 9,
                    "output_name": "out_file1"
                }
            },
            "inputs": [
                {
                    "description": "runtime parameter for tool Merge Columns",
                    "name": "input1"
                }
            ],
            "label": null,
            "name": "Merge Columns",
            "outputs": [
                {
                    "name": "out_file1",
                    "type": "tabular"
                }
            ],
            "position": {
                "left": 916.5,
                "top": 686.5
            },
            "post_job_actions": {
                "HideDatasetActionout_file1": {
                    "action_arguments": {},
                    "action_type": "HideDatasetAction",
                    "output_name": "out_file1"
                },
                "RenameDatasetActionout_file1": {
                    "action_arguments": {
                        "newname": "#{input1}"
                    },
                    "action_type": "RenameDatasetAction",
                    "output_name": "out_file1"
                }
            },
            "tool_id": "mergeCols1",
            "tool_state": "{\"col1\": \"4\", \"col2\": \"5\", \"columns\": [{\"__index__\": 0, \"datacol\": \"1\"}], \"input1\": {\"__class__\": \"RuntimeValue\"}, \"__page__\": null, \"__rerun_remap_job_id__\": null}",
            "tool_version": "1.0.1",
            "type": "tool",
            "uuid": "7ab063ab-4647-491d-86cd-a87bfe6b8881",
            "when": null,
            "workflow_outputs": []
        },
        "11": {
            "annotation": "",
            "content_id": "Cut1",
            "errors": null,
            "id": 11,
            "input_connections": {
                "input": {
                    "id": 10,
                    "output_name": "out_file1"
                }
            },
            "inputs": [
                {
                    "description": "runtime parameter for tool Cut",
                    "name": "input"
                }
            ],
            "label": null,
            "name": "Cut",
            "outputs": [
                {
                    "name": "out_file1",
                    "type": "tabular"
                }
            ],
            "position": {
                "left": 909,
                "top": 802.5
            },
            "post_job_actions": {
                "HideDatasetActionout_file1": {
                    "action_arguments": {},
                    "action_type": "HideDatasetAction",
                    "output_name": "out_file1"
                },
                "RenameDatasetActionout_file1": {
                    "action_arguments": {
                        "newname": "#{input}"
                    },
                    "action_type": "RenameDatasetAction",
                    "output_name": "out_file1"
                }
            },
            "tool_id": "Cut1",
            "tool_state": "{\"columnList\": \"c1,c6,c7,c8\", \"delimiter\": \"T\", \"input\": {\"__class__\": \"RuntimeValue\"}, \"__page__\": null, \"__rerun_remap_job_id__\": null}",
            "tool_version": "1.0.2",
            "type": "tool",
            "uuid": "d48e6fa8-39b6-4e41-8d8c-5d480b01b1bd",
            "when": null,
            "workflow_outputs": []
        },
        "12": {
            "annotation": "",
            "content_id": "toolshed.g2.bx.psu.edu/repos/bgruening/text_processing/tp_cat/0.1.0",
            "errors": null,
            "id": 12,
            "input_connections": {
                "inputs": {
                    "id": 11,
                    "output_name": "out_file1"
                },
                "queries_0|inputs2": {
                    "id": 5,
                    "output_name": "out_file1"
                }
            },
            "inputs": [
                {
                    "description": "runtime parameter for tool Concatenate datasets",
                    "name": "inputs"
                }
            ],
            "label": null,
            "name": "Concatenate datasets",
            "outputs": [
                {
                    "name": "out_file1",
                    "type": "input"
                }
            ],
            "position": {
                "left": 748,
                "top": 965.5
            },
            "post_job_actions": {
                "DeleteIntermediatesActionout_file1": {
                    "action_arguments": {},
                    "action_type": "DeleteIntermediatesAction",
                    "output_name": "out_file1"
                },
                "HideDatasetActionout_file1": {
                    "action_arguments": {},
                    "action_type": "HideDatasetAction",
                    "output_name": "out_file1"
                },
                "RenameDatasetActionout_file1": {
                    "action_arguments": {
                        "newname": "A_#{inputs}"
                    },
                    "action_type": "RenameDatasetAction",
                    "output_name": "out_file1"
                }
            },
            "tool_id": "toolshed.g2.bx.psu.edu/repos/bgruening/text_processing/tp_cat/0.1.0",
            "tool_shed_repository": {
                "changeset_revision": "ddf54b12c295",
                "name": "text_processing",
                "owner": "bgruening",
                "tool_shed": "toolshed.g2.bx.psu.edu"
            },
            "tool_state": "{\"inputs\": {\"__class__\": \"RuntimeValue\"}, \"queries\": [{\"__index__\": 0, \"inputs2\": {\"__class__\": \"RuntimeValue\"}}], \"__page__\": null, \"__rerun_remap_job_id__\": null}",
            "tool_version": "0.1.0",
            "type": "tool",
            "uuid": "f0687ac8-06de-4099-9174-251c11909b57",
            "when": null,
            "workflow_outputs": []
        },
        "13": {
            "annotation": "",
            "content_id": "Convert characters1",
            "errors": null,
            "id": 13,
            "input_connections": {
                "input": {
                    "id": 12,
                    "output_name": "out_file1"
                }
            },
            "inputs": [
                {
                    "description": "runtime parameter for tool Convert",
                    "name": "input"
                }
            ],
            "label": null,
            "name": "Convert",
            "outputs": [
                {
                    "name": "out_file1",
                    "type": "tabular"
                }
            ],
            "position": {
                "left": 994,
                "top": 971
            },
            "post_job_actions": {
                "HideDatasetActionout_file1": {
                    "action_arguments": {},
                    "action_type": "HideDatasetAction",
                    "output_name": "out_file1"
                },
                "RenameDatasetActionout_file1": {
                    "action_arguments": {
                        "newname": "#{input}"
                    },
                    "action_type": "RenameDatasetAction",
                    "output_name": "out_file1"
                }
            },
            "tool_id": "Convert characters1",
            "tool_state": "{\"condense\": false, \"convert_from\": \"Dt\", \"input\": {\"__class__\": \"RuntimeValue\"}, \"strip\": false, \"__page__\": null, \"__rerun_remap_job_id__\": null}",
            "tool_version": "1.0.0",
            "type": "tool",
            "uuid": "c874769e-8f5b-4f08-b6e8-bb023ecc4fb8",
            "when": null,
            "workflow_outputs": []
        },
        "14": {
            "annotation": "",
            "content_id": "Cut1",
            "errors": null,
            "id": 14,
            "input_connections": {
                "input": {
                    "id": 13,
                    "output_name": "out_file1"
                }
            },
            "inputs": [
                {
                    "description": "runtime parameter for tool Cut",
                    "name": "input"
                }
            ],
            "label": null,
            "name": "Cut",
            "outputs": [
                {
                    "name": "out_file1",
                    "type": "tabular"
                }
            ],
            "position": {
                "left": 1188,
                "top": 969
            },
            "post_job_actions": {
                "HideDatasetActionout_file1": {
                    "action_arguments": {},
                    "action_type": "HideDatasetAction",
                    "output_name": "out_file1"
                },
                "RenameDatasetActionout_file1": {
                    "action_arguments": {
                        "newname": "#{input}"
                    },
                    "action_type": "RenameDatasetAction",
                    "output_name": "out_file1"
                }
            },
            "tool_id": "Cut1",
            "tool_state": "{\"columnList\": \"c4,c5\", \"delimiter\": \"T\", \"input\": {\"__class__\": \"RuntimeValue\"}, \"__page__\": null, \"__rerun_remap_job_id__\": null}",
            "tool_version": "1.0.2",
            "type": "tool",
            "uuid": "e8e906e1-92ef-4d0d-8e3f-ade9c74d7a74",
            "when": null,
            "workflow_outputs": []
        },
        "15": {
            "annotation": "",
            "content_id": "Paste1",
            "errors": null,
            "id": 15,
            "input_connections": {
                "input1": {
                    "id": 14,
                    "output_name": "out_file1"
                },
                "input2": {
                    "id": 12,
                    "output_name": "out_file1"
                }
            },
            "inputs": [
                {
                    "description": "runtime parameter for tool Paste",
                    "name": "input1"
                },
                {
                    "description": "runtime parameter for tool Paste",
                    "name": "input2"
                }
            ],
            "label": null,
            "name": "Paste",
            "outputs": [
                {
                    "name": "out_file1",
                    "type": "input"
                }
            ],
            "position": {
                "left": 1188,
                "top": 1154
            },
            "post_job_actions": {
                "HideDatasetActionout_file1": {
                    "action_arguments": {},
                    "action_type": "HideDatasetAction",
                    "output_name": "out_file1"
                },
                "RenameDatasetActionout_file1": {
                    "action_arguments": {
                        "newname": "#{input1}"
                    },
                    "action_type": "RenameDatasetAction",
                    "output_name": "out_file1"
                }
            },
            "tool_id": "Paste1",
            "tool_state": "{\"delimiter\": \"T\", \"input1\": {\"__class__\": \"RuntimeValue\"}, \"input2\": {\"__class__\": \"RuntimeValue\"}, \"__page__\": null, \"__rerun_remap_job_id__\": null}",
            "tool_version": "1.0.0",
            "type": "tool",
            "uuid": "c835b931-9ab0-430c-9f90-575631960b2e",
            "when": null,
            "workflow_outputs": []
        },
        "16": {
            "annotation": "",
            "content_id": "Show beginning1",
            "errors": null,
            "id": 16,
            "input_connections": {
                "input": {
                    "id": 15,
                    "output_name": "out_file1"
                }
            },
            "inputs": [
                {
                    "description": "runtime parameter for tool Select first",
                    "name": "input"
                }
            ],
            "label": null,
            "name": "Select first",
            "outputs": [
                {
                    "name": "out_file1",
                    "type": "input"
                }
            ],
            "position": {
                "left": 1475,
                "top": 1114.5
            },
            "post_job_actions": {
                "HideDatasetActionout_file1": {
                    "action_arguments": {},
                    "action_type": "HideDatasetAction",
                    "output_name": "out_file1"
                },
                "RenameDatasetActionout_file1": {
                    "action_arguments": {
                        "newname": "#{input}"
                    },
                    "action_type": "RenameDatasetAction",
                    "output_name": "out_file1"
                }
            },
            "tool_id": "Show beginning1",
            "tool_state": "{\"input\": {\"__class__\": \"RuntimeValue\"}, \"lineNum\": \"1\", \"__page__\": null, \"__rerun_remap_job_id__\": null}",
            "tool_version": "1.0.0",
            "type": "tool",
            "uuid": "03fd768c-11f6-433a-9ea4-1bd15bdae7c8",
            "when": null,
            "workflow_outputs": []
        },
        "17": {
            "annotation": "",
            "content_id": "comp1",
            "errors": null,
            "id": 17,
            "input_connections": {
                "input1": {
                    "id": 15,
                    "output_name": "out_file1"
                },
                "input2": {
                    "id": 3,
                    "output_name": "out_file1"
                }
            },
            "inputs": [
                {
                    "description": "runtime parameter for tool Compare two Datasets",
                    "name": "input1"
                },
                {
                    "description": "runtime parameter for tool Compare two Datasets",
                    "name": "input2"
                }
            ],
            "label": null,
            "name": "Compare two Datasets",
            "outputs": [
                {
                    "name": "out_file1",
                    "type": "input"
                }
            ],
            "position": {
                "left": 1459,
                "top": 1309.5
            },
            "post_job_actions": {
                "HideDatasetActionout_file1": {
                    "action_arguments": {},
                    "action_type": "HideDatasetAction",
                    "output_name": "out_file1"
                },
                "RenameDatasetActionout_file1": {
                    "action_arguments": {
                        "newname": "#{input1}vs#{input2}"
                    },
                    "action_type": "RenameDatasetAction",
                    "output_name": "out_file1"
                }
            },
            "tool_id": "comp1",
            "tool_state": "{\"field1\": \"1\", \"field2\": \"1\", \"input1\": {\"__class__\": \"RuntimeValue\"}, \"input2\": {\"__class__\": \"RuntimeValue\"}, \"mode\": \"N\", \"__page__\": null, \"__rerun_remap_job_id__\": null}",
            "tool_version": "1.0.2",
            "type": "tool",
            "uuid": "3f9db57f-9797-4f68-aab6-c67ef1d87ee7",
            "when": null,
            "workflow_outputs": []
        },
        "18": {
            "annotation": "",
            "content_id": "toolshed.g2.bx.psu.edu/repos/bgruening/text_processing/tp_cat/0.1.0",
            "errors": null,
            "id": 18,
            "input_connections": {
                "inputs": {
                    "id": 16,
                    "output_name": "out_file1"
                },
                "queries_0|inputs2": {
                    "id": 17,
                    "output_name": "out_file1"
                }
            },
            "inputs": [
                {
                    "description": "runtime parameter for tool Concatenate datasets",
                    "name": "inputs"
                }
            ],
            "label": null,
            "name": "Concatenate datasets",
            "outputs": [
                {
                    "name": "out_file1",
                    "type": "input"
                }
            ],
            "position": {
                "left": 1758,
                "top": 1303.5
            },
            "post_job_actions": {
                "DeleteIntermediatesActionout_file1": {
                    "action_arguments": {},
                    "action_type": "DeleteIntermediatesAction",
                    "output_name": "out_file1"
                },
                "RenameDatasetActionout_file1": {
                    "action_arguments": {
                        "newname": "#{inputs}"
                    },
                    "action_type": "RenameDatasetAction",
                    "output_name": "out_file1"
                }
            },
            "tool_id": "toolshed.g2.bx.psu.edu/repos/bgruening/text_processing/tp_cat/0.1.0",
            "tool_shed_repository": {
                "changeset_revision": "ddf54b12c295",
                "name": "text_processing",
                "owner": "bgruening",
                "tool_shed": "toolshed.g2.bx.psu.edu"
            },
            "tool_state": "{\"inputs\": {\"__class__\": \"RuntimeValue\"}, \"queries\": [{\"__index__\": 0, \"inputs2\": {\"__class__\": \"RuntimeValue\"}}], \"__page__\": null, \"__rerun_remap_job_id__\": null}",
            "tool_version": "0.1.0",
            "type": "tool",
            "uuid": "77216ae2-9c2d-4106-a5f1-9c02e3cba719",
            "when": null,
            "workflow_outputs": [
                {
                    "label": null,
                    "output_name": "out_file1",
                    "uuid": "d5eb5bad-2680-40f3-b867-3d78791fc4d2"
                }
            ]
        }
    },
    "tags": [],
    "uuid": "57b22e39-152c-401a-8d9a-6f2e4a117bcc",
    "version": 11
}