{
    "a_galaxy_workflow": "true",
    "annotation": "",
    "creator": [
        {
            "class": "Person",
            "identifier": "https://orcid.org/0000-0002-9464-6640",
            "name": "Wolfgang Maier"
        }
    ],
    "format-version": "0.1",
    "license": "MIT",
    "name": "COVID-19: variation analysis on ARTIC PE (release v0.4.2)",
    "steps": {
        "0": {
            "annotation": "",
            "content_id": null,
            "errors": null,
            "id": 0,
            "input_connections": {},
            "inputs": [
                {
                    "description": "",
                    "name": "Paired Collection"
                }
            ],
            "label": "Paired Collection",
            "name": "Input dataset collection",
            "outputs": [],
            "position": {
                "bottom": 294.640625,
                "height": 81,
                "left": 320.5,
                "right": 520.5,
                "top": 213.640625,
                "width": 200,
                "x": 320.5,
                "y": 213.640625
            },
            "tool_id": null,
            "tool_state": "{\"optional\": false, \"format\": [\"fastqsanger\", \"fastqsanger.gz\"], \"tag\": null, \"collection_type\": \"list:paired\"}",
            "tool_version": null,
            "type": "data_collection_input",
            "uuid": "3b5ac42a-50fc-40c3-bb59-962f21666eb6",
            "when": null,
            "workflow_outputs": []
        },
        "1": {
            "annotation": "",
            "content_id": null,
            "errors": null,
            "id": 1,
            "input_connections": {},
            "inputs": [
                {
                    "description": "",
                    "name": "NC_045512.2 FASTA sequence of SARS-CoV-2"
                }
            ],
            "label": "NC_045512.2 FASTA sequence of SARS-CoV-2",
            "name": "Input dataset",
            "outputs": [],
            "position": {
                "bottom": 412.65625,
                "height": 101,
                "left": 432.640625,
                "right": 632.640625,
                "top": 311.65625,
                "width": 200,
                "x": 432.640625,
                "y": 311.65625
            },
            "tool_id": null,
            "tool_state": "{\"optional\": false, \"format\": [\"fasta\", \"fasta.gz\"], \"tag\": null}",
            "tool_version": null,
            "type": "data_input",
            "uuid": "c6bc6a6b-2384-40a5-aac5-d3e8e8342fa6",
            "when": null,
            "workflow_outputs": []
        },
        "2": {
            "annotation": "",
            "content_id": null,
            "errors": null,
            "id": 2,
            "input_connections": {},
            "inputs": [
                {
                    "description": "",
                    "name": "ARTIC primer BED"
                }
            ],
            "label": "ARTIC primer BED",
            "name": "Input dataset",
            "outputs": [],
            "position": {
                "bottom": 502.265625,
                "height": 81,
                "left": 517.4375,
                "right": 717.4375,
                "top": 421.265625,
                "width": 200,
                "x": 517.4375,
                "y": 421.265625
            },
            "tool_id": null,
            "tool_state": "{\"optional\": false, \"format\": [\"bed\"], \"tag\": null}",
            "tool_version": null,
            "type": "data_input",
            "uuid": "1bc99c8d-942c-40b0-acd0-f43d7d9200ad",
            "when": null,
            "workflow_outputs": []
        },
        "3": {
            "annotation": "",
            "content_id": null,
            "errors": null,
            "id": 3,
            "input_connections": {},
            "inputs": [
                {
                    "description": "",
                    "name": "ARTIC primers to amplicon assignments"
                }
            ],
            "label": "ARTIC primers to amplicon assignments",
            "name": "Input dataset",
            "outputs": [],
            "position": {
                "bottom": 594.40625,
                "height": 81,
                "left": 610.671875,
                "right": 810.671875,
                "top": 513.40625,
                "width": 200,
                "x": 610.671875,
                "y": 513.40625
            },
            "tool_id": null,
            "tool_state": "{\"optional\": false, \"format\": [\"tabular\"], \"tag\": null}",
            "tool_version": null,
            "type": "data_input",
            "uuid": "4359ae0f-fc2d-44f2-a799-4554a12aa058",
            "when": null,
            "workflow_outputs": []
        },
        "4": {
            "annotation": "",
            "content_id": null,
            "errors": null,
            "id": 4,
            "input_connections": {},
            "inputs": [
                {
                    "description": "",
                    "name": "Read removal maximum AF"
                }
            ],
            "label": "Read removal maximum AF",
            "name": "Input parameter",
            "outputs": [],
            "position": {
                "bottom": 159.5,
                "height": 101,
                "left": 1312.28125,
                "right": 1512.28125,
                "top": 58.5,
                "width": 200,
                "x": 1312.28125,
                "y": 58.5
            },
            "tool_id": null,
            "tool_state": "{\"default\": 0.9, \"parameter_type\": \"float\", \"optional\": true}",
            "tool_version": null,
            "type": "parameter_input",
            "uuid": "a2cfcbbd-73d3-47d2-a4d6-0473d84d381c",
            "when": null,
            "workflow_outputs": []
        },
        "5": {
            "annotation": "",
            "content_id": null,
            "errors": null,
            "id": 5,
            "input_connections": {},
            "inputs": [
                {
                    "description": "",
                    "name": "Read removal minimum AF"
                }
            ],
            "label": "Read removal minimum AF",
            "name": "Input parameter",
            "outputs": [],
            "position": {
                "bottom": 159.5,
                "height": 101,
                "left": 1522.28125,
                "right": 1722.28125,
                "top": 58.5,
                "width": 200,
                "x": 1522.28125,
                "y": 58.5
            },
            "tool_id": null,
            "tool_state": "{\"default\": 0.1, \"parameter_type\": \"float\", \"optional\": true}",
            "tool_version": null,
            "type": "parameter_input",
            "uuid": "55b59e9d-0f2c-4acd-8eaa-2e56dbd91e3d",
            "when": null,
            "workflow_outputs": []
        },
        "6": {
            "annotation": "",
            "content_id": null,
            "errors": null,
            "id": 6,
            "input_connections": {},
            "inputs": [
                {
                    "description": "",
                    "name": "Minimum DP for amplicon bias correction"
                }
            ],
            "label": "Minimum DP for amplicon bias correction",
            "name": "Input parameter",
            "outputs": [],
            "position": {
                "bottom": 159.5,
                "height": 101,
                "left": 2239.28125,
                "right": 2439.28125,
                "top": 58.5,
                "width": 200,
                "x": 2239.28125,
                "y": 58.5
            },
            "tool_id": null,
            "tool_state": "{\"default\": 20, \"parameter_type\": \"integer\", \"optional\": true}",
            "tool_version": null,
            "type": "parameter_input",
            "uuid": "776405bb-b22c-4ef3-a6dd-c81f0ab96cfb",
            "when": null,
            "workflow_outputs": []
        },
        "7": {
            "annotation": "",
            "content_id": "toolshed.g2.bx.psu.edu/repos/iuc/fastp/fastp/0.20.1+galaxy0",
            "errors": null,
            "id": 7,
            "input_connections": {
                "single_paired|paired_input": {
                    "id": 0,
                    "output_name": "output"
                }
            },
            "inputs": [],
            "label": null,
            "name": "fastp",
            "outputs": [
                {
                    "name": "output_paired_coll",
                    "type": "input"
                },
                {
                    "name": "report_html",
                    "type": "html"
                },
                {
                    "name": "report_json",
                    "type": "json"
                }
            ],
            "position": {
                "bottom": 788.828125,
                "height": 172,
                "left": 690.875,
                "right": 890.875,
                "top": 616.828125,
                "width": 200,
                "x": 690.875,
                "y": 616.828125
            },
            "post_job_actions": {
                "HideDatasetActionreport_json": {
                    "action_arguments": {},
                    "action_type": "HideDatasetAction",
                    "output_name": "report_json"
                }
            },
            "tool_id": "toolshed.g2.bx.psu.edu/repos/iuc/fastp/fastp/0.20.1+galaxy0",
            "tool_shed_repository": {
                "changeset_revision": "dbf9c561ef29",
                "name": "fastp",
                "owner": "iuc",
                "tool_shed": "toolshed.g2.bx.psu.edu"
            },
            "tool_state": "{\"filter_options\": {\"quality_filtering_options\": {\"disable_quality_filtering\": false, \"qualified_quality_phred\": null, \"unqualified_percent_limit\": null, \"n_base_limit\": null}, \"length_filtering_options\": {\"disable_length_filtering\": false, \"length_required\": null, \"length_limit\": null}, \"low_complexity_filter\": {\"enable_low_complexity_filter\": false, \"complexity_threshold\": null}}, \"output_options\": {\"report_html\": true, \"report_json\": true}, \"overrepresented_sequence_analysis\": {\"overrepresentation_analysis\": false, \"overrepresentation_sampling\": null}, \"read_mod_options\": {\"polyg_tail_trimming\": {\"trimming_select\": \"\", \"__current_case__\": 1, \"poly_g_min_len\": null}, \"polyx_tail_trimming\": {\"polyx_trimming_select\": \"\", \"__current_case__\": 1}, \"umi_processing\": {\"umi\": false, \"umi_loc\": \"\", \"umi_len\": null, \"umi_prefix\": \"\"}, \"cutting_by_quality_options\": {\"cut_by_quality5\": false, \"cut_by_quality3\": false, \"cut_window_size\": null, \"cut_mean_quality\": null}, \"base_correction_options\": {\"correction\": false}}, \"single_paired\": {\"single_paired_selector\": \"paired_collection\", \"__current_case__\": 2, \"paired_input\": {\"__class__\": \"ConnectedValue\"}, \"adapter_trimming_options\": {\"disable_adapter_trimming\": false, \"adapter_sequence1\": \"\", \"adapter_sequence2\": \"\"}, \"global_trimming_options\": {\"trim_front1\": null, \"trim_tail1\": null, \"trim_front2\": null, \"trim_tail2\": null}}, \"__page__\": null, \"__rerun_remap_job_id__\": null}",
            "tool_version": null,
            "type": "tool",
            "uuid": "fb6ed967-81c1-41c6-82e8-5765987cbd1b",
            "when": null,
            "workflow_outputs": [
                {
                    "label": "fastp_reads_output",
                    "output_name": "output_paired_coll",
                    "uuid": "109df9c9-5d15-4a0b-a099-929e6cd720c8"
                },
                {
                    "label": "fastp_json_report",
                    "output_name": "report_json",
                    "uuid": "ebad0308-0e42-4af0-9181-a9c0b4e41ef6"
                },
                {
                    "label": "fastp_html_report",
                    "output_name": "report_html",
                    "uuid": "8d686f02-e4a8-4fc5-b7a9-9d6c2ca47300"
                }
            ]
        },
        "8": {
            "annotation": "",
            "content_id": "toolshed.g2.bx.psu.edu/repos/devteam/bwa/bwa_mem/0.7.17.1",
            "errors": null,
            "id": 8,
            "input_connections": {
                "fastq_input|fastq_input1": {
                    "id": 7,
                    "output_name": "output_paired_coll"
                },
                "reference_source|ref_file": {
                    "id": 1,
                    "output_name": "output"
                }
            },
            "inputs": [],
            "label": null,
            "name": "Map with BWA-MEM",
            "outputs": [
                {
                    "name": "bam_output",
                    "type": "bam"
                }
            ],
            "position": {
                "bottom": 725.15625,
                "height": 162,
                "left": 941.703125,
                "right": 1141.703125,
                "top": 563.15625,
                "width": 200,
                "x": 941.703125,
                "y": 563.15625
            },
            "post_job_actions": {},
            "tool_id": "toolshed.g2.bx.psu.edu/repos/devteam/bwa/bwa_mem/0.7.17.1",
            "tool_shed_repository": {
                "changeset_revision": "3fe632431b68",
                "name": "bwa",
                "owner": "devteam",
                "tool_shed": "toolshed.g2.bx.psu.edu"
            },
            "tool_state": "{\"analysis_type\": {\"analysis_type_selector\": \"illumina\", \"__current_case__\": 0}, \"fastq_input\": {\"fastq_input_selector\": \"paired_collection\", \"__current_case__\": 2, \"fastq_input1\": {\"__class__\": \"ConnectedValue\"}, \"iset_stats\": \"\"}, \"reference_source\": {\"reference_source_selector\": \"history\", \"__current_case__\": 1, \"ref_file\": {\"__class__\": \"ConnectedValue\"}, \"index_a\": \"auto\"}, \"rg\": {\"rg_selector\": \"do_not_set\", \"__current_case__\": 3}, \"__page__\": null, \"__rerun_remap_job_id__\": null}",
            "tool_version": null,
            "type": "tool",
            "uuid": "ecb68ddf-7124-4ab2-b687-657927335dfb",
            "when": null,
            "workflow_outputs": [
                {
                    "label": "mapped_reads",
                    "output_name": "bam_output",
                    "uuid": "9b2c3266-5b1f-439d-8894-d005200cfd49"
                }
            ]
        },
        "9": {
            "annotation": "",
            "content_id": "toolshed.g2.bx.psu.edu/repos/iuc/samtools_view/samtools_view/1.9+galaxy2",
            "errors": null,
            "id": 9,
            "input_connections": {
                "input": {
                    "id": 8,
                    "output_name": "bam_output"
                }
            },
            "inputs": [],
            "label": null,
            "name": "Samtools view",
            "outputs": [
                {
                    "name": "outputsam",
                    "type": "input"
                }
            ],
            "position": {
                "bottom": 520.046875,
                "height": 112,
                "left": 1183.859375,
                "right": 1383.859375,
                "top": 408.046875,
                "width": 200,
                "x": 1183.859375,
                "y": 408.046875
            },
            "post_job_actions": {
                "RenameDatasetActionoutputsam": {
                    "action_arguments": {
                        "newname": "Mapped read pairs (filtered bwa-mem result)"
                    },
                    "action_type": "RenameDatasetAction",
                    "output_name": "outputsam"
                }
            },
            "tool_id": "toolshed.g2.bx.psu.edu/repos/iuc/samtools_view/samtools_view/1.9+galaxy2",
            "tool_shed_repository": {
                "changeset_revision": "bf328cec6a42",
                "name": "samtools_view",
                "owner": "iuc",
                "tool_shed": "toolshed.g2.bx.psu.edu"
            },
            "tool_state": "{\"addref_cond\": {\"addref_select\": \"no\", \"__current_case__\": 0}, \"input\": {\"__class__\": \"ConnectedValue\"}, \"mode\": {\"outtype\": \"selected_reads\", \"__current_case__\": 1, \"filter_config\": {\"cond_region\": {\"select_region\": \"no\", \"__current_case__\": 0}, \"cond_rg\": {\"select_rg\": \"no\", \"__current_case__\": 0}, \"quality\": \"20\", \"library\": \"\", \"cigarcons\": null, \"inclusive_filter\": [\"1\"], \"exclusive_filter\": [\"4\", \"8\", \"256\"], \"exclusive_filter_all\": null}, \"subsample_config\": {\"subsampling_mode\": {\"select_subsample\": \"fraction\", \"__current_case__\": 0, \"factor\": \"1.0\", \"seed\": null}}, \"output_options\": {\"reads_report_type\": \"retained\", \"__current_case__\": 0, \"complementary_output\": false, \"adv_output\": {\"readtags\": [], \"collapsecigar\": false}, \"output_format\": {\"oformat\": \"bam\", \"__current_case__\": 2}}}, \"__page__\": null, \"__rerun_remap_job_id__\": null}",
            "tool_version": null,
            "type": "tool",
            "uuid": "e4551087-54e1-49c4-b52c-ab62a34d6f5d",
            "when": null,
            "workflow_outputs": [
                {
                    "label": "filtered_mapped_reads",
                    "output_name": "outputsam",
                    "uuid": "19785d92-60ab-498c-9475-a6028726692b"
                }
            ]
        },
        "10": {
            "annotation": "",
            "content_id": "toolshed.g2.bx.psu.edu/repos/devteam/samtools_stats/samtools_stats/2.0.2+galaxy2",
            "errors": null,
            "id": 10,
            "input_connections": {
                "input": {
                    "id": 9,
                    "output_name": "outputsam"
                }
            },
            "inputs": [],
            "label": null,
            "name": "Samtools stats",
            "outputs": [
                {
                    "name": "output",
                    "type": "tabular"
                }
            ],
            "position": {
                "bottom": 721.765625,
                "height": 112,
                "left": 1270.328125,
                "right": 1470.328125,
                "top": 609.765625,
                "width": 200,
                "x": 1270.328125,
                "y": 609.765625
            },
            "post_job_actions": {},
            "tool_id": "toolshed.g2.bx.psu.edu/repos/devteam/samtools_stats/samtools_stats/2.0.2+galaxy2",
            "tool_shed_repository": {
                "changeset_revision": "145f6d74ff5e",
                "name": "samtools_stats",
                "owner": "devteam",
                "tool_shed": "toolshed.g2.bx.psu.edu"
            },
            "tool_state": "{\"addref_cond\": {\"addref_select\": \"no\", \"__current_case__\": 0}, \"cond_region\": {\"select_region\": \"no\", \"__current_case__\": 0}, \"cov_threshold\": null, \"coverage_cond\": {\"coverage_select\": \"no\", \"__current_case__\": 0}, \"filter_by_flags\": {\"filter_flags\": \"nofilter\", \"__current_case__\": 1}, \"gc_depth\": null, \"input\": {\"__class__\": \"ConnectedValue\"}, \"insert_size\": null, \"most_inserts\": null, \"read_length\": null, \"remove_dups\": false, \"remove_overlaps\": false, \"sparse\": false, \"split_output_cond\": {\"split_output_selector\": \"no\", \"__current_case__\": 0}, \"trim_quality\": null, \"__page__\": null, \"__rerun_remap_job_id__\": null}",
            "tool_version": null,
            "type": "tool",
            "uuid": "a15178b8-17d5-4d69-b689-0aa2050c1441",
            "when": null,
            "workflow_outputs": [
                {
                    "label": "mapped_reads_stats",
                    "output_name": "output",
                    "uuid": "a56564af-494b-4fcf-911d-8579fd5d530a"
                }
            ]
        },
        "11": {
            "annotation": "",
            "content_id": "toolshed.g2.bx.psu.edu/repos/iuc/lofreq_viterbi/lofreq_viterbi/2.1.5+galaxy0",
            "errors": null,
            "id": 11,
            "input_connections": {
                "reads": {
                    "id": 9,
                    "output_name": "outputsam"
                },
                "reference_source|ref": {
                    "id": 1,
                    "output_name": "output"
                }
            },
            "inputs": [],
            "label": null,
            "name": "Realign reads",
            "outputs": [
                {
                    "name": "realigned",
                    "type": "bam"
                }
            ],
            "position": {
                "bottom": 502.875,
                "height": 162,
                "left": 1432.53125,
                "right": 1632.53125,
                "top": 340.875,
                "width": 200,
                "x": 1432.53125,
                "y": 340.875
            },
            "post_job_actions": {},
            "tool_id": "toolshed.g2.bx.psu.edu/repos/iuc/lofreq_viterbi/lofreq_viterbi/2.1.5+galaxy0",
            "tool_shed_repository": {
                "changeset_revision": "aa35ee7f3ab2",
                "name": "lofreq_viterbi",
                "owner": "iuc",
                "tool_shed": "toolshed.g2.bx.psu.edu"
            },
            "tool_state": "{\"adv_options\": {\"keepflags\": false, \"bq2_handling\": {\"replace_bq2\": \"keep\", \"__current_case__\": 0, \"defqual\": \"2\"}}, \"reads\": {\"__class__\": \"ConnectedValue\"}, \"reference_source\": {\"ref_selector\": \"history\", \"__current_case__\": 1, \"ref\": {\"__class__\": \"ConnectedValue\"}}, \"__page__\": null, \"__rerun_remap_job_id__\": null}",
            "tool_version": null,
            "type": "tool",
            "uuid": "58231746-9e32-45e3-9bf3-e807dcb7ab2f",
            "when": null,
            "workflow_outputs": [
                {
                    "label": "realigned_primer_trimmed_filtered_mapped_reads",
                    "output_name": "realigned",
                    "uuid": "96cf4508-1c40-42bb-aadd-d5e8c8b69d51"
                }
            ]
        },
        "12": {
            "annotation": "",
            "content_id": "toolshed.g2.bx.psu.edu/repos/iuc/lofreq_indelqual/lofreq_indelqual/2.1.5+galaxy0",
            "errors": null,
            "id": 12,
            "input_connections": {
                "reads": {
                    "id": 11,
                    "output_name": "realigned"
                },
                "strategy|reference_source|ref": {
                    "id": 1,
                    "output_name": "output"
                }
            },
            "inputs": [],
            "label": null,
            "name": "Insert indel qualities",
            "outputs": [
                {
                    "name": "output",
                    "type": "bam"
                }
            ],
            "position": {
                "bottom": 714.421875,
                "height": 182,
                "left": 1641.9375,
                "right": 1841.9375,
                "top": 532.421875,
                "width": 200,
                "x": 1641.9375,
                "y": 532.421875
            },
            "post_job_actions": {},
            "tool_id": "toolshed.g2.bx.psu.edu/repos/iuc/lofreq_indelqual/lofreq_indelqual/2.1.5+galaxy0",
            "tool_shed_repository": {
                "changeset_revision": "426d707dfc47",
                "name": "lofreq_indelqual",
                "owner": "iuc",
                "tool_shed": "toolshed.g2.bx.psu.edu"
            },
            "tool_state": "{\"reads\": {\"__class__\": \"ConnectedValue\"}, \"strategy\": {\"selector\": \"dindel\", \"__current_case__\": 1, \"reference_source\": {\"ref_selector\": \"history\", \"__current_case__\": 1, \"ref\": {\"__class__\": \"ConnectedValue\"}}}, \"__page__\": null, \"__rerun_remap_job_id__\": null}",
            "tool_version": null,
            "type": "tool",
            "uuid": "74789c31-4acc-4544-ad63-24e6d311a6bd",
            "when": null,
            "workflow_outputs": [
                {
                    "label": "realigned_primer_trimmed_filtered_mapped_reads_with_indel_quals",
                    "output_name": "output",
                    "uuid": "07ec3437-991b-44f0-8a71-096494dac58f"
                }
            ]
        },
        "13": {
            "annotation": "",
            "content_id": "toolshed.g2.bx.psu.edu/repos/iuc/ivar_trim/ivar_trim/1.3.1+galaxy0",
            "errors": null,
            "id": 13,
            "input_connections": {
                "amplicons|amplicon_info": {
                    "id": 3,
                    "output_name": "output"
                },
                "input_bam": {
                    "id": 12,
                    "output_name": "output"
                },
                "primer|input_bed": {
                    "id": 2,
                    "output_name": "output"
                }
            },
            "inputs": [],
            "label": null,
            "name": "ivar trim",
            "outputs": [
                {
                    "name": "output_bam",
                    "type": "bam"
                }
            ],
            "position": {
                "bottom": 291.296875,
                "height": 192,
                "left": 1742.234375,
                "right": 1942.234375,
                "top": 99.296875,
                "width": 200,
                "x": 1742.234375,
                "y": 99.296875
            },
            "post_job_actions": {
                "RenameDatasetActionoutput_bam": {
                    "action_arguments": {
                        "newname": "Fully processed reads for variant calling (primer-trimmed, realigned reads with added indelquals)"
                    },
                    "action_type": "RenameDatasetAction",
                    "output_name": "output_bam"
                }
            },
            "tool_id": "toolshed.g2.bx.psu.edu/repos/iuc/ivar_trim/ivar_trim/1.3.1+galaxy0",
            "tool_shed_repository": {
                "changeset_revision": "364f4ffec275",
                "name": "ivar_trim",
                "owner": "iuc",
                "tool_shed": "toolshed.g2.bx.psu.edu"
            },
            "tool_state": "{\"amplicons\": {\"filter_by\": \"yes\", \"__current_case__\": 0, \"amplicon_info\": {\"__class__\": \"ConnectedValue\"}}, \"inc_primers\": true, \"input_bam\": {\"__class__\": \"ConnectedValue\"}, \"min_len\": \"1\", \"min_qual\": \"0\", \"primer\": {\"source\": \"history\", \"__current_case__\": 0, \"input_bed\": {\"__class__\": \"ConnectedValue\"}}, \"primer_pos_wiggle\": \"0\", \"window_width\": \"4\", \"__page__\": null, \"__rerun_remap_job_id__\": null}",
            "tool_version": null,
            "type": "tool",
            "uuid": "3967d3eb-2bff-49f6-ba99-394fc92ef847",
            "when": null,
            "workflow_outputs": [
                {
                    "label": "primer_trimmed_filtered_mapped_reads",
                    "output_name": "output_bam",
                    "uuid": "5094f367-75bb-435d-b59a-76336655e8d7"
                }
            ]
        },
        "14": {
            "annotation": "",
            "content_id": "toolshed.g2.bx.psu.edu/repos/iuc/lofreq_call/lofreq_call/2.1.5+galaxy0",
            "errors": null,
            "id": 14,
            "input_connections": {
                "reads": {
                    "id": 13,
                    "output_name": "output_bam"
                },
                "reference_source|ref": {
                    "id": 1,
                    "output_name": "output"
                }
            },
            "inputs": [],
            "label": null,
            "name": "Call variants",
            "outputs": [
                {
                    "name": "variants",
                    "type": "vcf"
                }
            ],
            "position": {
                "bottom": 496.359375,
                "height": 142,
                "left": 1852,
                "right": 2052,
                "top": 354.359375,
                "width": 200,
                "x": 1852,
                "y": 354.359375
            },
            "post_job_actions": {},
            "tool_id": "toolshed.g2.bx.psu.edu/repos/iuc/lofreq_call/lofreq_call/2.1.5+galaxy0",
            "tool_shed_repository": {
                "changeset_revision": "65432c3abf6c",
                "name": "lofreq_call",
                "owner": "iuc",
                "tool_shed": "toolshed.g2.bx.psu.edu"
            },
            "tool_state": "{\"call_control\": {\"set_call_options\": \"yes\", \"__current_case__\": 1, \"coverage\": {\"min_cov\": \"5\", \"max_depth\": \"1000000\"}, \"pe\": {\"use_orphan\": false}, \"bc_quals\": {\"min_bq\": \"30\", \"min_alt_bq\": \"30\", \"alt_bq\": {\"modify\": \"\", \"__current_case__\": 0}}, \"align_quals\": {\"alnqual\": {\"use_alnqual\": \"\", \"__current_case__\": 0, \"alnqual_choice\": {\"alnquals_to_use\": \"\", \"__current_case__\": 1, \"extended_baq\": true}}}, \"map_quals\": {\"min_mq\": \"20\", \"use_mq\": {\"no_mq\": \"\", \"__current_case__\": 0, \"max_mq\": \"255\"}}, \"source_qual\": {\"use_src_qual\": {\"src_qual\": \"\", \"__current_case__\": 0}}, \"joint_qual\": {\"min_jq\": \"0\", \"min_alt_jq\": \"0\", \"def_alt_jq\": \"0\"}}, \"filter_control\": {\"filter_type\": \"set_custom\", \"__current_case__\": 3, \"sig\": \"0.0005\", \"bonf\": \"0\", \"others\": false}, \"reads\": {\"__class__\": \"ConnectedValue\"}, \"reference_source\": {\"ref_selector\": \"history\", \"__current_case__\": 1, \"ref\": {\"__class__\": \"ConnectedValue\"}}, \"regions\": {\"restrict_to_region\": \"genome\", \"__current_case__\": 0}, \"variant_types\": \"--call-indels\", \"__page__\": null, \"__rerun_remap_job_id__\": null}",
            "tool_version": null,
            "type": "tool",
            "uuid": "b010d94a-abe0-4c42-be30-ef850d45457c",
            "when": null,
            "workflow_outputs": [
                {
                    "label": "preliminary_variants_1",
                    "output_name": "variants",
                    "uuid": "4493aba4-cff3-48fe-956a-7c010636b632"
                }
            ]
        },
        "15": {
            "annotation": "",
            "content_id": "toolshed.g2.bx.psu.edu/repos/iuc/qualimap_bamqc/qualimap_bamqc/2.2.2d+galaxy3",
            "errors": null,
            "id": 15,
            "input_connections": {
                "input1": {
                    "id": 13,
                    "output_name": "output_bam"
                }
            },
            "inputs": [],
            "label": null,
            "name": "QualiMap BamQC",
            "outputs": [
                {
                    "name": "raw_data",
                    "type": "input"
                },
                {
                    "name": "output_html",
                    "type": "html"
                }
            ],
            "position": {
                "bottom": 1058.34375,
                "height": 202,
                "left": 1757.828125,
                "right": 1957.828125,
                "top": 856.34375,
                "width": 200,
                "x": 1757.828125,
                "y": 856.34375
            },
            "post_job_actions": {},
            "tool_id": "toolshed.g2.bx.psu.edu/repos/iuc/qualimap_bamqc/qualimap_bamqc/2.2.2d+galaxy3",
            "tool_shed_repository": {
                "changeset_revision": "19ece8afbaab",
                "name": "qualimap_bamqc",
                "owner": "iuc",
                "tool_shed": "toolshed.g2.bx.psu.edu"
            },
            "tool_state": "{\"duplicate_skipping\": [\"0\"], \"input1\": {\"__class__\": \"ConnectedValue\"}, \"per_base_coverage\": false, \"plot_specific\": {\"n_bins\": \"400\", \"paint_chromosome_limits\": true, \"genome_gc_distr\": null, \"homopolymer_size\": \"3\"}, \"stats_regions\": {\"region_select\": \"all\", \"__current_case__\": 0}, \"__page__\": null, \"__rerun_remap_job_id__\": null}",
            "tool_version": null,
            "type": "tool",
            "uuid": "cdcc8004-7c9b-4729-b39f-bcc0a8339a24",
            "when": null,
            "workflow_outputs": [
                {
                    "label": "bamqc_html_output",
                    "output_name": "output_html",
                    "uuid": "f11407d4-6799-4e8c-9f3d-2257f6f7b5f3"
                },
                {
                    "label": "bamqc_raw_output",
                    "output_name": "raw_data",
                    "uuid": "47db85de-c529-495b-832a-7dc8808b82a4"
                }
            ]
        },
        "16": {
            "annotation": "",
            "content_id": "toolshed.g2.bx.psu.edu/repos/iuc/lofreq_filter/lofreq_filter/2.1.5+galaxy0",
            "errors": null,
            "id": 16,
            "input_connections": {
                "af|af_max": {
                    "id": 4,
                    "output_name": "output"
                },
                "af|af_min": {
                    "id": 5,
                    "output_name": "output"
                },
                "invcf": {
                    "id": 14,
                    "output_name": "variants"
                }
            },
            "inputs": [],
            "label": null,
            "name": "Lofreq filter",
            "outputs": [
                {
                    "name": "outvcf",
                    "type": "vcf"
                }
            ],
            "position": {
                "bottom": 704.546875,
                "height": 172,
                "left": 1935.265625,
                "right": 2135.265625,
                "top": 532.546875,
                "width": 200,
                "x": 1935.265625,
                "y": 532.546875
            },
            "post_job_actions": {},
            "tool_id": "toolshed.g2.bx.psu.edu/repos/iuc/lofreq_filter/lofreq_filter/2.1.5+galaxy0",
            "tool_shed_repository": {
                "changeset_revision": "7dfca164d2e3",
                "name": "lofreq_filter",
                "owner": "iuc",
                "tool_shed": "toolshed.g2.bx.psu.edu"
            },
            "tool_state": "{\"af\": {\"af_min\": {\"__class__\": \"ConnectedValue\"}, \"af_max\": {\"__class__\": \"ConnectedValue\"}}, \"coverage\": {\"cov_min\": \"5\", \"cov_max\": \"0\"}, \"filter_by_type\": {\"keep_only\": \"\", \"__current_case__\": 0, \"qual\": {\"snvqual_filter\": {\"snvqual\": \"no\", \"__current_case__\": 0}, \"indelqual_filter\": {\"indelqual\": \"no\", \"__current_case__\": 0}}}, \"flag_or_drop\": \"\", \"invcf\": {\"__class__\": \"ConnectedValue\"}, \"sb\": {\"sb_filter\": {\"strand_bias\": \"no\", \"__current_case__\": 0}}, \"__page__\": null, \"__rerun_remap_job_id__\": null}",
            "tool_version": null,
            "type": "tool",
            "uuid": "25bf9fdc-ac90-41b1-965d-000b367cabc7",
            "when": null,
            "workflow_outputs": [
                {
                    "label": "filtered_preliminary_variants",
                    "output_name": "outvcf",
                    "uuid": "b186ab5c-0385-4844-8e9d-7457170b65fb"
                }
            ]
        },
        "17": {
            "annotation": "",
            "content_id": "__FLATTEN__",
            "errors": null,
            "id": 17,
            "input_connections": {
                "input": {
                    "id": 15,
                    "output_name": "raw_data"
                }
            },
            "inputs": [],
            "label": null,
            "name": "Flatten collection",
            "outputs": [
                {
                    "name": "output",
                    "type": "input"
                }
            ],
            "position": {
                "bottom": 1022.109375,
                "height": 132,
                "left": 2005.9375,
                "right": 2205.9375,
                "top": 890.109375,
                "width": 200,
                "x": 2005.9375,
                "y": 890.109375
            },
            "post_job_actions": {},
            "tool_id": "__FLATTEN__",
            "tool_state": "{\"input\": {\"__class__\": \"ConnectedValue\"}, \"join_identifier\": \"_\", \"__page__\": null, \"__rerun_remap_job_id__\": null}",
            "tool_version": null,
            "type": "tool",
            "uuid": "8351e980-4561-403c-ab8b-7c001b103e7c",
            "when": null,
            "workflow_outputs": [
                {
                    "label": "bamqc_raw_output_flattened",
                    "output_name": "output",
                    "uuid": "7146305a-caa7-490a-86ed-98f6f8eee54b"
                }
            ]
        },
        "18": {
            "annotation": "",
            "content_id": "toolshed.g2.bx.psu.edu/repos/iuc/ivar_removereads/ivar_removereads/1.3.1+galaxy0",
            "errors": null,
            "id": 18,
            "input_connections": {
                "amplicon_info": {
                    "id": 3,
                    "output_name": "output"
                },
                "input_bam": {
                    "id": 13,
                    "output_name": "output_bam"
                },
                "input_bed": {
                    "id": 2,
                    "output_name": "output"
                },
                "variants_tsv": {
                    "id": 16,
                    "output_name": "outvcf"
                }
            },
            "inputs": [],
            "label": null,
            "name": "ivar removereads",
            "outputs": [
                {
                    "name": "output_bam",
                    "type": "bam"
                }
            ],
            "position": {
                "bottom": 436.625,
                "height": 262,
                "left": 2129.8125,
                "right": 2329.8125,
                "top": 174.625,
                "width": 200,
                "x": 2129.8125,
                "y": 174.625
            },
            "post_job_actions": {},
            "tool_id": "toolshed.g2.bx.psu.edu/repos/iuc/ivar_removereads/ivar_removereads/1.3.1+galaxy0",
            "tool_shed_repository": {
                "changeset_revision": "43aac8d29685",
                "name": "ivar_removereads",
                "owner": "iuc",
                "tool_shed": "toolshed.g2.bx.psu.edu"
            },
            "tool_state": "{\"amplicon_info\": {\"__class__\": \"ConnectedValue\"}, \"input_bam\": {\"__class__\": \"ConnectedValue\"}, \"input_bed\": {\"__class__\": \"ConnectedValue\"}, \"variants_tsv\": {\"__class__\": \"ConnectedValue\"}, \"__page__\": null, \"__rerun_remap_job_id__\": null}",
            "tool_version": null,
            "type": "tool",
            "uuid": "b994d369-aa0b-415f-8087-547eb67219fb",
            "when": null,
            "workflow_outputs": [
                {
                    "label": "amplicon_removal_output",
                    "output_name": "output_bam",
                    "uuid": "59fee875-2bcc-424e-8799-03b51fbf3cf2"
                }
            ]
        },
        "19": {
            "annotation": "",
            "content_id": "toolshed.g2.bx.psu.edu/repos/iuc/multiqc/multiqc/1.9+galaxy1",
            "errors": null,
            "id": 19,
            "input_connections": {
                "results_0|software_cond|input": {
                    "id": 7,
                    "output_name": "report_json"
                },
                "results_1|software_cond|output_0|type|input": {
                    "id": 10,
                    "output_name": "output"
                },
                "results_2|software_cond|input": {
                    "id": 17,
                    "output_name": "output"
                }
            },
            "inputs": [],
            "label": null,
            "name": "MultiQC",
            "outputs": [
                {
                    "name": "stats",
                    "type": "input"
                },
                {
                    "name": "plots",
                    "type": "input"
                },
                {
                    "name": "html_report",
                    "type": "html"
                }
            ],
            "position": {
                "bottom": 1078.375,
                "height": 332,
                "left": 2301.78125,
                "right": 2501.78125,
                "top": 746.375,
                "width": 200,
                "x": 2301.78125,
                "y": 746.375
            },
            "post_job_actions": {
                "HideDatasetActionstats": {
                    "action_arguments": {},
                    "action_type": "HideDatasetAction",
                    "output_name": "stats"
                },
                "RenameDatasetActionhtml_report": {
                    "action_arguments": {
                        "newname": "Preprocessing and mapping reports"
                    },
                    "action_type": "RenameDatasetAction",
                    "output_name": "html_report"
                }
            },
            "tool_id": "toolshed.g2.bx.psu.edu/repos/iuc/multiqc/multiqc/1.9+galaxy1",
            "tool_shed_repository": {
                "changeset_revision": "75c93c70d094",
                "name": "multiqc",
                "owner": "iuc",
                "tool_shed": "toolshed.g2.bx.psu.edu"
            },
            "tool_state": "{\"comment\": \"\", \"export\": true, \"flat\": false, \"results\": [{\"__index__\": 0, \"software_cond\": {\"software\": \"fastp\", \"__current_case__\": 7, \"input\": {\"__class__\": \"ConnectedValue\"}}}, {\"__index__\": 1, \"software_cond\": {\"software\": \"samtools\", \"__current_case__\": 24, \"output\": [{\"__index__\": 0, \"type\": {\"type\": \"stats\", \"__current_case__\": 0, \"input\": {\"__class__\": \"ConnectedValue\"}}}]}}, {\"__index__\": 2, \"software_cond\": {\"software\": \"qualimap\", \"__current_case__\": 20, \"input\": {\"__class__\": \"ConnectedValue\"}}}], \"saveLog\": false, \"title\": \"\", \"__page__\": null, \"__rerun_remap_job_id__\": null}",
            "tool_version": null,
            "type": "tool",
            "uuid": "0a1d8f02-f51c-4c7d-864d-a50af78db2da",
            "when": null,
            "workflow_outputs": [
                {
                    "label": null,
                    "output_name": "plots",
                    "uuid": "cfb7d175-d350-4bbf-9137-91660d77a950"
                },
                {
                    "label": "preprocessing_and_mapping_reports",
                    "output_name": "html_report",
                    "uuid": "8494fc31-b73a-493a-a9eb-d2b0c4f1e548"
                }
            ]
        },
        "20": {
            "annotation": "",
            "content_id": "toolshed.g2.bx.psu.edu/repos/iuc/lofreq_call/lofreq_call/2.1.5+galaxy0",
            "errors": null,
            "id": 20,
            "input_connections": {
                "call_control|coverage|min_cov": {
                    "id": 6,
                    "output_name": "output"
                },
                "reads": {
                    "id": 18,
                    "output_name": "output_bam"
                },
                "reference_source|ref": {
                    "id": 1,
                    "output_name": "output"
                }
            },
            "inputs": [],
            "label": null,
            "name": "Call variants",
            "outputs": [
                {
                    "name": "variants",
                    "type": "vcf"
                }
            ],
            "position": {
                "bottom": 609.421875,
                "height": 172,
                "left": 2347.75,
                "right": 2547.75,
                "top": 437.421875,
                "width": 200,
                "x": 2347.75,
                "y": 437.421875
            },
            "post_job_actions": {},
            "tool_id": "toolshed.g2.bx.psu.edu/repos/iuc/lofreq_call/lofreq_call/2.1.5+galaxy0",
            "tool_shed_repository": {
                "changeset_revision": "65432c3abf6c",
                "name": "lofreq_call",
                "owner": "iuc",
                "tool_shed": "toolshed.g2.bx.psu.edu"
            },
            "tool_state": "{\"call_control\": {\"set_call_options\": \"yes\", \"__current_case__\": 1, \"coverage\": {\"min_cov\": {\"__class__\": \"ConnectedValue\"}, \"max_depth\": \"1000000\"}, \"pe\": {\"use_orphan\": false}, \"bc_quals\": {\"min_bq\": \"30\", \"min_alt_bq\": \"30\", \"alt_bq\": {\"modify\": \"\", \"__current_case__\": 0}}, \"align_quals\": {\"alnqual\": {\"use_alnqual\": \"\", \"__current_case__\": 0, \"alnqual_choice\": {\"alnquals_to_use\": \"\", \"__current_case__\": 1, \"extended_baq\": true}}}, \"map_quals\": {\"min_mq\": \"20\", \"use_mq\": {\"no_mq\": \"\", \"__current_case__\": 0, \"max_mq\": \"255\"}}, \"source_qual\": {\"use_src_qual\": {\"src_qual\": \"\", \"__current_case__\": 0}}, \"joint_qual\": {\"min_jq\": \"0\", \"min_alt_jq\": \"0\", \"def_alt_jq\": \"0\"}}, \"filter_control\": {\"filter_type\": \"set_custom\", \"__current_case__\": 3, \"sig\": \"0.0005\", \"bonf\": \"0\", \"others\": false}, \"reads\": {\"__class__\": \"ConnectedValue\"}, \"reference_source\": {\"ref_selector\": \"history\", \"__current_case__\": 1, \"ref\": {\"__class__\": \"ConnectedValue\"}}, \"regions\": {\"restrict_to_region\": \"genome\", \"__current_case__\": 0}, \"variant_types\": \"--call-indels\", \"__page__\": null, \"__rerun_remap_job_id__\": null}",
            "tool_version": null,
            "type": "tool",
            "uuid": "e143ea20-2307-4f79-96c5-8cf2fcf08a53",
            "when": null,
            "workflow_outputs": [
                {
                    "label": "preliminary_variants_2",
                    "output_name": "variants",
                    "uuid": "86583f1f-7d22-471b-9468-ed1502bf84ad"
                }
            ]
        },
        "21": {
            "annotation": "",
            "content_id": "toolshed.g2.bx.psu.edu/repos/devteam/vcfvcfintersect/vcfvcfintersect/1.0.0_rc3+galaxy0",
            "errors": null,
            "id": 21,
            "input_connections": {
                "reference_source|ref_file": {
                    "id": 1,
                    "output_name": "output"
                },
                "vcf_input1": {
                    "id": 20,
                    "output_name": "variants"
                },
                "vcf_input2": {
                    "id": 14,
                    "output_name": "variants"
                }
            },
            "inputs": [],
            "label": null,
            "name": "VCF-VCFintersect:",
            "outputs": [
                {
                    "name": "out_file1",
                    "type": "vcf"
                }
            ],
            "position": {
                "bottom": 785.203125,
                "height": 172,
                "left": 2478.625,
                "right": 2678.625,
                "top": 613.203125,
                "width": 200,
                "x": 2478.625,
                "y": 613.203125
            },
            "post_job_actions": {},
            "tool_id": "toolshed.g2.bx.psu.edu/repos/devteam/vcfvcfintersect/vcfvcfintersect/1.0.0_rc3+galaxy0",
            "tool_shed_repository": {
                "changeset_revision": "166c4f50525f",
                "name": "vcfvcfintersect",
                "owner": "devteam",
                "tool_shed": "toolshed.g2.bx.psu.edu"
            },
            "tool_state": "{\"adv_options\": {\"adv_options_selector\": \"no\", \"__current_case__\": 0}, \"invert\": true, \"isect_union\": \"-i\", \"loci\": false, \"reference_source\": {\"reference_source_selector\": \"history\", \"__current_case__\": 1, \"ref_file\": {\"__class__\": \"ConnectedValue\"}}, \"vcf_input1\": {\"__class__\": \"ConnectedValue\"}, \"vcf_input2\": {\"__class__\": \"ConnectedValue\"}, \"window_size\": \"0\", \"__page__\": null, \"__rerun_remap_job_id__\": null}",
            "tool_version": null,
            "type": "tool",
            "uuid": "1e609cce-f1a8-49df-af2e-0f2da7d4e2ce",
            "when": null,
            "workflow_outputs": [
                {
                    "label": "lost_variants_tmp",
                    "output_name": "out_file1",
                    "uuid": "8b2ce033-5376-4a53-ae5b-ef1e22b243d2"
                }
            ]
        },
        "22": {
            "annotation": "",
            "content_id": "toolshed.g2.bx.psu.edu/repos/bgruening/text_processing/tp_replace_in_line/1.1.2",
            "errors": null,
            "id": 22,
            "input_connections": {
                "infile": {
                    "id": 21,
                    "output_name": "out_file1"
                }
            },
            "inputs": [],
            "label": null,
            "name": "Replace Text",
            "outputs": [
                {
                    "name": "outfile",
                    "type": "input"
                }
            ],
            "position": {
                "bottom": 916.546875,
                "height": 92,
                "left": 2501.015625,
                "right": 2701.015625,
                "top": 824.546875,
                "width": 200,
                "x": 2501.015625,
                "y": 824.546875
            },
            "post_job_actions": {
                "RenameDatasetActionoutfile": {
                    "action_arguments": {
                        "newname": "Variants lost upon amplicon removal"
                    },
                    "action_type": "RenameDatasetAction",
                    "output_name": "outfile"
                }
            },
            "tool_id": "toolshed.g2.bx.psu.edu/repos/bgruening/text_processing/tp_replace_in_line/1.1.2",
            "tool_shed_repository": {
                "changeset_revision": "f46f0e4f75c4",
                "name": "text_processing",
                "owner": "bgruening",
                "tool_shed": "toolshed.g2.bx.psu.edu"
            },
            "tool_state": "{\"infile\": {\"__class__\": \"ConnectedValue\"}, \"replacements\": [{\"__index__\": 0, \"find_pattern\": \"^(##reference.+)$\", \"replace_pattern\": \"\\\\1\\\\n##INFO=<ID=AmpliconBias,Number=0,Type=Flag,Description=\\\"Indicates that the AF value of the variant could not be corrected for potential amplicon bias.\\\">\"}, {\"__index__\": 1, \"find_pattern\": \"^([^#].+)$\", \"replace_pattern\": \"\\\\1;AmpliconBias\"}], \"__page__\": null, \"__rerun_remap_job_id__\": null}",
            "tool_version": null,
            "type": "tool",
            "uuid": "e187e4a8-bf8b-4651-a25c-9d18b7fa6217",
            "when": null,
            "workflow_outputs": [
                {
                    "label": "lost_variants",
                    "output_name": "outfile",
                    "uuid": "546000f6-9dda-4da1-a257-f849ffc76d72"
                }
            ]
        },
        "23": {
            "annotation": "",
            "content_id": "toolshed.g2.bx.psu.edu/repos/devteam/vcfvcfintersect/vcfvcfintersect/1.0.0_rc3+galaxy0",
            "errors": null,
            "id": 23,
            "input_connections": {
                "reference_source|ref_file": {
                    "id": 1,
                    "output_name": "output"
                },
                "vcf_input1": {
                    "id": 22,
                    "output_name": "outfile"
                },
                "vcf_input2": {
                    "id": 20,
                    "output_name": "variants"
                }
            },
            "inputs": [],
            "label": null,
            "name": "VCF-VCFintersect:",
            "outputs": [
                {
                    "name": "out_file1",
                    "type": "vcf"
                }
            ],
            "position": {
                "bottom": 697.828125,
                "height": 172,
                "left": 2728.75,
                "right": 2928.75,
                "top": 525.828125,
                "width": 200,
                "x": 2728.75,
                "y": 525.828125
            },
            "post_job_actions": {},
            "tool_id": "toolshed.g2.bx.psu.edu/repos/devteam/vcfvcfintersect/vcfvcfintersect/1.0.0_rc3+galaxy0",
            "tool_shed_repository": {
                "changeset_revision": "166c4f50525f",
                "name": "vcfvcfintersect",
                "owner": "devteam",
                "tool_shed": "toolshed.g2.bx.psu.edu"
            },
            "tool_state": "{\"adv_options\": {\"adv_options_selector\": \"no\", \"__current_case__\": 0}, \"invert\": false, \"isect_union\": \"-u\", \"loci\": false, \"reference_source\": {\"reference_source_selector\": \"history\", \"__current_case__\": 1, \"ref_file\": {\"__class__\": \"ConnectedValue\"}}, \"vcf_input1\": {\"__class__\": \"ConnectedValue\"}, \"vcf_input2\": {\"__class__\": \"ConnectedValue\"}, \"window_size\": \"0\", \"__page__\": null, \"__rerun_remap_job_id__\": null}",
            "tool_version": null,
            "type": "tool",
            "uuid": "6861ce6b-070e-40ff-9a8e-94756243a796",
            "when": null,
            "workflow_outputs": [
                {
                    "label": "variants",
                    "output_name": "out_file1",
                    "uuid": "67727568-5ddc-47ad-9e10-569b3a4b05d9"
                }
            ]
        },
        "24": {
            "annotation": "",
            "content_id": "toolshed.g2.bx.psu.edu/repos/bgruening/text_processing/tp_replace_in_line/1.1.2",
            "errors": null,
            "id": 24,
            "input_connections": {
                "infile": {
                    "id": 23,
                    "output_name": "out_file1"
                }
            },
            "inputs": [],
            "label": null,
            "name": "Replace Text",
            "outputs": [
                {
                    "name": "outfile",
                    "type": "input"
                }
            ],
            "position": {
                "bottom": 724.421875,
                "height": 112,
                "left": 2953.5625,
                "right": 3153.5625,
                "top": 612.421875,
                "width": 200,
                "x": 2953.5625,
                "y": 612.421875
            },
            "post_job_actions": {},
            "tool_id": "toolshed.g2.bx.psu.edu/repos/bgruening/text_processing/tp_replace_in_line/1.1.2",
            "tool_shed_repository": {
                "changeset_revision": "f46f0e4f75c4",
                "name": "text_processing",
                "owner": "bgruening",
                "tool_shed": "toolshed.g2.bx.psu.edu"
            },
            "tool_state": "{\"infile\": {\"__class__\": \"ConnectedValue\"}, \"replacements\": [{\"__index__\": 0, \"find_pattern\": \"^(##reference.+)$\", \"replace_pattern\": \"\\\\1\\\\n##INFO=<ID=AmpliconBias,Number=0,Type=Flag,Description=\\\"Indicates that the AF value of the variant could not be corrected for potential amplicon bias.\\\">\"}], \"__page__\": null, \"__rerun_remap_job_id__\": null}",
            "tool_version": null,
            "type": "tool",
            "uuid": "66ccb424-123d-4ecc-9b85-6e8f28153fac",
            "when": null,
            "workflow_outputs": [
                {
                    "label": "variants_fixed_header",
                    "output_name": "outfile",
                    "uuid": "4085e8c6-7c6b-4c10-9e74-1edff6757f33"
                }
            ]
        },
        "25": {
            "annotation": "",
            "content_id": "toolshed.g2.bx.psu.edu/repos/iuc/snpeff_sars_cov_2/snpeff_sars_cov_2/4.5covid19",
            "errors": null,
            "id": 25,
            "input_connections": {
                "input": {
                    "id": 24,
                    "output_name": "outfile"
                }
            },
            "inputs": [
                {
                    "description": "runtime parameter for tool SnpEff eff:",
                    "name": "intervals"
                },
                {
                    "description": "runtime parameter for tool SnpEff eff:",
                    "name": "transcripts"
                }
            ],
            "label": "SnpEff eff covid19 version",
            "name": "SnpEff eff:",
            "outputs": [
                {
                    "name": "snpeff_output",
                    "type": "vcf"
                },
                {
                    "name": "statsFile",
                    "type": "html"
                }
            ],
            "position": {
                "bottom": 922.8125,
                "height": 302,
                "left": 3180.265625,
                "right": 3380.265625,
                "top": 620.8125,
                "width": 200,
                "x": 3180.265625,
                "y": 620.8125
            },
            "post_job_actions": {
                "RenameDatasetActionsnpeff_output": {
                    "action_arguments": {
                        "newname": "Final (SnpEff-) annotated variants"
                    },
                    "action_type": "RenameDatasetAction",
                    "output_name": "snpeff_output"
                }
            },
            "tool_id": "toolshed.g2.bx.psu.edu/repos/iuc/snpeff_sars_cov_2/snpeff_sars_cov_2/4.5covid19",
            "tool_shed_repository": {
                "changeset_revision": "2a3a00c1fa0a",
                "name": "snpeff_sars_cov_2",
                "owner": "iuc",
                "tool_shed": "toolshed.g2.bx.psu.edu"
            },
            "tool_state": "{\"annotations\": [\"-formatEff\", \"-classic\"], \"chr\": \"\", \"csvStats\": false, \"filter\": {\"specificEffects\": \"no\", \"__current_case__\": 0}, \"filterOut\": [\"-no-downstream\", \"-no-intergenic\", \"-no-upstream\"], \"generate_stats\": true, \"genome_version\": \"NC_045512.2\", \"input\": {\"__class__\": \"ConnectedValue\"}, \"inputFormat\": \"vcf\", \"intervals\": {\"__class__\": \"RuntimeValue\"}, \"noLog\": true, \"offset\": \"default\", \"outputConditional\": {\"outputFormat\": \"vcf\", \"__current_case__\": 0}, \"transcripts\": {\"__class__\": \"RuntimeValue\"}, \"udLength\": \"0\", \"__page__\": null, \"__rerun_remap_job_id__\": null}",
            "tool_version": null,
            "type": "tool",
            "uuid": "158fd25d-8163-4cfa-8ea9-4470a8682b00",
            "when": null,
            "workflow_outputs": [
                {
                    "label": "annotated_variants",
                    "output_name": "snpeff_output",
                    "uuid": "45d06095-34ec-4436-8e61-8cd0317b4d80"
                },
                {
                    "label": "annotated_variants_stats",
                    "output_name": "statsFile",
                    "uuid": "7650bfdd-2788-431b-98ec-84c4f92fb4e2"
                }
            ]
        },
        "26": {
            "annotation": "",
            "content_id": "toolshed.g2.bx.psu.edu/repos/iuc/lofreq_filter/lofreq_filter/2.1.5+galaxy0",
            "errors": null,
            "id": 26,
            "input_connections": {
                "invcf": {
                    "id": 25,
                    "output_name": "snpeff_output"
                }
            },
            "inputs": [],
            "label": null,
            "name": "Lofreq filter",
            "outputs": [
                {
                    "name": "outvcf",
                    "type": "vcf"
                }
            ],
            "position": {
                "bottom": 904.71875,
                "height": 112,
                "left": 3409.046875,
                "right": 3609.046875,
                "top": 792.71875,
                "width": 200,
                "x": 3409.046875,
                "y": 792.71875
            },
            "post_job_actions": {
                "RenameDatasetActionoutvcf": {
                    "action_arguments": {
                        "newname": "Final (SnpEff-) annotated variants with strand-bias soft filter applied"
                    },
                    "action_type": "RenameDatasetAction",
                    "output_name": "outvcf"
                }
            },
            "tool_id": "toolshed.g2.bx.psu.edu/repos/iuc/lofreq_filter/lofreq_filter/2.1.5+galaxy0",
            "tool_shed_repository": {
                "changeset_revision": "7dfca164d2e3",
                "name": "lofreq_filter",
                "owner": "iuc",
                "tool_shed": "toolshed.g2.bx.psu.edu"
            },
            "tool_state": "{\"af\": {\"af_min\": \"0.0\", \"af_max\": \"0.0\"}, \"coverage\": {\"cov_min\": \"0\", \"cov_max\": \"0\"}, \"filter_by_type\": {\"keep_only\": \"\", \"__current_case__\": 0, \"qual\": {\"snvqual_filter\": {\"snvqual\": \"no\", \"__current_case__\": 0}, \"indelqual_filter\": {\"indelqual\": \"no\", \"__current_case__\": 0}}}, \"flag_or_drop\": \"--print-all\", \"invcf\": {\"__class__\": \"ConnectedValue\"}, \"sb\": {\"sb_filter\": {\"strand_bias\": \"mtc\", \"__current_case__\": 2, \"sb_alpha\": \"0.001\", \"sb_mtc\": \"fdr\", \"sb_compound\": true, \"sb_indels\": false}}, \"__page__\": null, \"__rerun_remap_job_id__\": null}",
            "tool_version": null,
            "type": "tool",
            "uuid": "101def82-7f4f-4eec-9129-ceb0ea620a4c",
            "when": null,
            "workflow_outputs": [
                {
                    "label": "annotated_softfiltered_variants",
                    "output_name": "outvcf",
                    "uuid": "ab8351c9-349e-461e-9298-3533fcc4921e"
                }
            ]
        }
    },
    "tags": [
        "COVID-19",
        "ARTIC",
        "covid19.galaxyproject.org"
    ],
    "uuid": "6e0b7be1-b3e7-408a-b98e-c1f983b0f221",
    "version": 1
}