{
    "a_galaxy_workflow": "true",
    "annotation": "",
    "format-version": "0.1",
    "name": "Demo - merging replicates",
    "steps": {
        "0": {
            "annotation": "",
            "content_id": "Add_a_column1",
            "errors": null,
            "id": 0,
            "input_connections": {},
            "inputs": [],
            "label": null,
            "name": "Compute",
            "outputs": [
                {
                    "name": "out_file1",
                    "type": "input"
                }
            ],
            "position": {
                "left": 190,
                "top": 152
            },
            "post_job_actions": {
                "HideDatasetActionout_file1": {
                    "action_arguments": {},
                    "action_type": "HideDatasetAction",
                    "output_name": "out_file1"
                }
            },
            "tool_id": "Add_a_column1",
            "tool_shed_repository": {
                "changeset_revision": "6595517c2dd8",
                "name": "column_maker",
                "owner": "devteam",
                "tool_shed": "toolshed.g2.bx.psu.edu"
            },
            "tool_state": "{\"cond\": \"c6 + c17\", \"input\": null, \"round\": \"yes\", \"__page__\": null, \"__rerun_remap_job_id__\": null}",
            "tool_version": null,
            "type": "tool",
            "uuid": "None",
            "when": null,
            "workflow_outputs": []
        },
        "1": {
            "annotation": "",
            "content_id": "Add_a_column1",
            "errors": null,
            "id": 1,
            "input_connections": {
                "input": {
                    "id": 0,
                    "output_name": "out_file1"
                }
            },
            "inputs": [],
            "label": null,
            "name": "Compute",
            "outputs": [
                {
                    "name": "out_file1",
                    "type": "input"
                }
            ],
            "position": {
                "left": 209,
                "top": 238
            },
            "post_job_actions": {
                "HideDatasetActionout_file1": {
                    "action_arguments": {},
                    "action_type": "HideDatasetAction",
                    "output_name": "out_file1"
                }
            },
            "tool_id": "Add_a_column1",
            "tool_shed_repository": {
                "changeset_revision": "6595517c2dd8",
                "name": "column_maker",
                "owner": "devteam",
                "tool_shed": "toolshed.g2.bx.psu.edu"
            },
            "tool_state": "{\"cond\": \"c7 + c18\", \"input\": null, \"round\": \"yes\", \"__page__\": null, \"__rerun_remap_job_id__\": null}",
            "tool_version": null,
            "type": "tool",
            "uuid": "None",
            "when": null,
            "workflow_outputs": []
        },
        "2": {
            "annotation": "",
            "content_id": "Add_a_column1",
            "errors": null,
            "id": 2,
            "input_connections": {
                "input": {
                    "id": 1,
                    "output_name": "out_file1"
                }
            },
            "inputs": [],
            "label": null,
            "name": "Compute",
            "outputs": [
                {
                    "name": "out_file1",
                    "type": "input"
                }
            ],
            "position": {
                "left": 226,
                "top": 328
            },
            "post_job_actions": {
                "HideDatasetActionout_file1": {
                    "action_arguments": {},
                    "action_type": "HideDatasetAction",
                    "output_name": "out_file1"
                }
            },
            "tool_id": "Add_a_column1",
            "tool_shed_repository": {
                "changeset_revision": "6595517c2dd8",
                "name": "column_maker",
                "owner": "devteam",
                "tool_shed": "toolshed.g2.bx.psu.edu"
            },
            "tool_state": "{\"cond\": \"c8 + c19\", \"input\": null, \"round\": \"yes\", \"__page__\": null, \"__rerun_remap_job_id__\": null}",
            "tool_version": null,
            "type": "tool",
            "uuid": "None",
            "when": null,
            "workflow_outputs": []
        },
        "3": {
            "annotation": "",
            "content_id": "Add_a_column1",
            "errors": null,
            "id": 3,
            "input_connections": {
                "input": {
                    "id": 2,
                    "output_name": "out_file1"
                }
            },
            "inputs": [],
            "label": null,
            "name": "Compute",
            "outputs": [
                {
                    "name": "out_file1",
                    "type": "input"
                }
            ],
            "position": {
                "left": 240,
                "top": 420
            },
            "post_job_actions": {
                "HideDatasetActionout_file1": {
                    "action_arguments": {},
                    "action_type": "HideDatasetAction",
                    "output_name": "out_file1"
                }
            },
            "tool_id": "Add_a_column1",
            "tool_shed_repository": {
                "changeset_revision": "6595517c2dd8",
                "name": "column_maker",
                "owner": "devteam",
                "tool_shed": "toolshed.g2.bx.psu.edu"
            },
            "tool_state": "{\"cond\": \"c9 + c20\", \"input\": null, \"round\": \"yes\", \"__page__\": null, \"__rerun_remap_job_id__\": null}",
            "tool_version": null,
            "type": "tool",
            "uuid": "None",
            "when": null,
            "workflow_outputs": []
        },
        "4": {
            "annotation": "",
            "content_id": "Add_a_column1",
            "errors": null,
            "id": 4,
            "input_connections": {
                "input": {
                    "id": 3,
                    "output_name": "out_file1"
                }
            },
            "inputs": [],
            "label": null,
            "name": "Compute",
            "outputs": [
                {
                    "name": "out_file1",
                    "type": "input"
                }
            ],
            "position": {
                "left": 257,
                "top": 511
            },
            "post_job_actions": {
                "HideDatasetActionout_file1": {
                    "action_arguments": {},
                    "action_type": "HideDatasetAction",
                    "output_name": "out_file1"
                }
            },
            "tool_id": "Add_a_column1",
            "tool_shed_repository": {
                "changeset_revision": "6595517c2dd8",
                "name": "column_maker",
                "owner": "devteam",
                "tool_shed": "toolshed.g2.bx.psu.edu"
            },
            "tool_state": "{\"cond\": \"c10 + c21\", \"input\": null, \"round\": \"yes\", \"__page__\": null, \"__rerun_remap_job_id__\": null}",
            "tool_version": null,
            "type": "tool",
            "uuid": "None",
            "when": null,
            "workflow_outputs": []
        },
        "5": {
            "annotation": "",
            "content_id": "Add_a_column1",
            "errors": null,
            "id": 5,
            "input_connections": {
                "input": {
                    "id": 4,
                    "output_name": "out_file1"
                }
            },
            "inputs": [],
            "label": null,
            "name": "Compute",
            "outputs": [
                {
                    "name": "out_file1",
                    "type": "input"
                }
            ],
            "position": {
                "left": 271,
                "top": 604
            },
            "post_job_actions": {
                "HideDatasetActionout_file1": {
                    "action_arguments": {},
                    "action_type": "HideDatasetAction",
                    "output_name": "out_file1"
                }
            },
            "tool_id": "Add_a_column1",
            "tool_shed_repository": {
                "changeset_revision": "6595517c2dd8",
                "name": "column_maker",
                "owner": "devteam",
                "tool_shed": "toolshed.g2.bx.psu.edu"
            },
            "tool_state": "{\"cond\": \"c11 + c22\", \"input\": null, \"round\": \"yes\", \"__page__\": null, \"__rerun_remap_job_id__\": null}",
            "tool_version": null,
            "type": "tool",
            "uuid": "None",
            "when": null,
            "workflow_outputs": []
        },
        "6": {
            "annotation": "",
            "content_id": "Cut1",
            "errors": null,
            "id": 6,
            "input_connections": {
                "input": {
                    "id": 5,
                    "output_name": "out_file1"
                }
            },
            "inputs": [],
            "label": null,
            "name": "Cut",
            "outputs": [
                {
                    "name": "out_file1",
                    "type": "tabular"
                }
            ],
            "position": {
                "left": 437,
                "top": 190
            },
            "post_job_actions": {},
            "tool_id": "Cut1",
            "tool_state": "{\"columnList\": \"c1,c2,c3,c4,c23,c24,c25,c26,c27,c28\", \"delimiter\": \"T\", \"input\": null, \"__page__\": null, \"__rerun_remap_job_id__\": null}",
            "tool_version": null,
            "type": "tool",
            "uuid": "None",
            "when": null,
            "workflow_outputs": []
        }
    },
    "tags": [],
    "version": 4
}