{
    "a_galaxy_workflow": "true",
    "annotation": "",
    "format-version": "0.1",
    "name": "Persistence NrD Analysis Workflow: 2 rounds",
    "steps": {
        "0": {
            "annotation": "",
            "content_id": "Cut1",
            "errors": null,
            "id": 0,
            "input_connections": {},
            "inputs": [],
            "label": null,
            "name": "Cut",
            "outputs": [
                {
                    "name": "out_file1",
                    "type": "tabular"
                }
            ],
            "position": {
                "left": 204.90280151367188,
                "top": 283.75696182250977
            },
            "post_job_actions": {
                "HideDatasetActionout_file1": {
                    "action_arguments": {},
                    "action_type": "HideDatasetAction",
                    "output_name": "out_file1"
                }
            },
            "tool_id": "Cut1",
            "tool_state": "{\"columnList\": \"c2,c3\", \"delimiter\": \"T\", \"input\": null, \"__page__\": null, \"__rerun_remap_job_id__\": null}",
            "tool_version": "1.0.2",
            "type": "tool",
            "uuid": "f0e22056-6724-48c2-8646-c8c7dee035a2",
            "when": null,
            "workflow_outputs": []
        },
        "1": {
            "annotation": "",
            "content_id": "Cut1",
            "errors": null,
            "id": 1,
            "input_connections": {},
            "inputs": [],
            "label": null,
            "name": "Cut",
            "outputs": [
                {
                    "name": "out_file1",
                    "type": "tabular"
                }
            ],
            "position": {
                "left": 179.90280151367188,
                "top": 559.3472633361816
            },
            "post_job_actions": {
                "HideDatasetActionout_file1": {
                    "action_arguments": {},
                    "action_type": "HideDatasetAction",
                    "output_name": "out_file1"
                }
            },
            "tool_id": "Cut1",
            "tool_state": "{\"columnList\": \"c2,c11\", \"delimiter\": \"T\", \"input\": null, \"__page__\": null, \"__rerun_remap_job_id__\": null}",
            "tool_version": "1.0.2",
            "type": "tool",
            "uuid": "f41a733e-736a-4840-8159-315e37f3fa24",
            "when": null,
            "workflow_outputs": []
        },
        "2": {
            "annotation": "",
            "content_id": "Filter1",
            "errors": null,
            "id": 2,
            "input_connections": {
                "input": {
                    "id": 0,
                    "output_name": "out_file1"
                }
            },
            "inputs": [],
            "label": null,
            "name": "Filter",
            "outputs": [
                {
                    "name": "out_file1",
                    "type": "input"
                }
            ],
            "position": {
                "left": 263.8958511352539,
                "top": 380.7534828186035
            },
            "post_job_actions": {
                "HideDatasetActionout_file1": {
                    "action_arguments": {},
                    "action_type": "HideDatasetAction",
                    "output_name": "out_file1"
                }
            },
            "tool_id": "Filter1",
            "tool_state": "{\"chromInfo\": \"/galaxy-repl/localdata/chrom/?.len\", \"cond\": \"c2>0\", \"header_lines\": \"0\", \"input\": null, \"__page__\": null, \"__rerun_remap_job_id__\": null}",
            "tool_version": "1.1.0",
            "type": "tool",
            "uuid": "848ee04b-f0b6-45f8-abf3-2daff7f86299",
            "when": null,
            "workflow_outputs": []
        },
        "3": {
            "annotation": "",
            "content_id": "Filter1",
            "errors": null,
            "id": 3,
            "input_connections": {
                "input": {
                    "id": 1,
                    "output_name": "out_file1"
                }
            },
            "inputs": [],
            "label": null,
            "name": "Filter",
            "outputs": [
                {
                    "name": "out_file1",
                    "type": "input"
                }
            ],
            "position": {
                "left": 274.9028015136719,
                "top": 680.3542213439941
            },
            "post_job_actions": {
                "HideDatasetActionout_file1": {
                    "action_arguments": {},
                    "action_type": "HideDatasetAction",
                    "output_name": "out_file1"
                }
            },
            "tool_id": "Filter1",
            "tool_state": "{\"cond\": \"c2>0\", \"header_lines\": \"0\", \"input\": null, \"__page__\": null, \"__rerun_remap_job_id__\": null}",
            "tool_version": "1.1.0",
            "type": "tool",
            "uuid": "064b6157-5b7c-47b9-9925-4d4b62361942",
            "when": null,
            "workflow_outputs": []
        },
        "4": {
            "annotation": "",
            "content_id": "Count1",
            "errors": null,
            "id": 4,
            "input_connections": {
                "input": {
                    "id": 2,
                    "output_name": "out_file1"
                }
            },
            "inputs": [],
            "label": null,
            "name": "Count",
            "outputs": [
                {
                    "name": "out_file1",
                    "type": "tabular"
                }
            ],
            "position": {
                "left": 392.88891649246216,
                "top": 282.24655532836914
            },
            "post_job_actions": {
                "HideDatasetActionout_file1": {
                    "action_arguments": {},
                    "action_type": "HideDatasetAction",
                    "output_name": "out_file1"
                }
            },
            "tool_id": "Count1",
            "tool_state": "{\"column\": \"1\", \"delim\": \"T\", \"input\": null, \"sorting\": \"value\", \"__page__\": null, \"__rerun_remap_job_id__\": null}",
            "tool_version": "1.0.2",
            "type": "tool",
            "uuid": "69a85757-fa76-4059-a851-9278d7daf524",
            "when": null,
            "workflow_outputs": []
        },
        "5": {
            "annotation": "",
            "content_id": "Count1",
            "errors": null,
            "id": 5,
            "input_connections": {
                "input": {
                    "id": 3,
                    "output_name": "out_file1"
                }
            },
            "inputs": [],
            "label": null,
            "name": "Count",
            "outputs": [
                {
                    "name": "out_file1",
                    "type": "tabular"
                }
            ],
            "position": {
                "left": 384.902804851532,
                "top": 570.3542213439941
            },
            "post_job_actions": {
                "HideDatasetActionout_file1": {
                    "action_arguments": {},
                    "action_type": "HideDatasetAction",
                    "output_name": "out_file1"
                }
            },
            "tool_id": "Count1",
            "tool_state": "{\"column\": \"1\", \"delim\": \"T\", \"input\": null, \"sorting\": \"value\", \"__page__\": null, \"__rerun_remap_job_id__\": null}",
            "tool_version": "1.0.2",
            "type": "tool",
            "uuid": "174a853f-5882-486c-8651-177aebbd5d9a",
            "when": null,
            "workflow_outputs": []
        },
        "6": {
            "annotation": "",
            "content_id": "sort1",
            "errors": null,
            "id": 6,
            "input_connections": {
                "input": {
                    "id": 4,
                    "output_name": "out_file1"
                }
            },
            "inputs": [],
            "label": null,
            "name": "Sort",
            "outputs": [
                {
                    "name": "out_file1",
                    "type": "input"
                }
            ],
            "position": {
                "left": 464.9028091430664,
                "top": 385.354190826416
            },
            "post_job_actions": {
                "HideDatasetActionout_file1": {
                    "action_arguments": {},
                    "action_type": "HideDatasetAction",
                    "output_name": "out_file1"
                }
            },
            "tool_id": "sort1",
            "tool_state": "{\"column\": \"2\", \"column_set\": [], \"input\": null, \"order\": \"DESC\", \"style\": \"num\", \"__page__\": null, \"__rerun_remap_job_id__\": null}",
            "tool_version": "1.0.3",
            "type": "tool",
            "uuid": "4a1d1529-dc07-4592-a0e8-d3a4e82e4dec",
            "when": null,
            "workflow_outputs": []
        },
        "7": {
            "annotation": "",
            "content_id": "sort1",
            "errors": null,
            "id": 7,
            "input_connections": {
                "input": {
                    "id": 5,
                    "output_name": "out_file1"
                }
            },
            "inputs": [],
            "label": null,
            "name": "Sort",
            "outputs": [
                {
                    "name": "out_file1",
                    "type": "input"
                }
            ],
            "position": {
                "left": 468.89586639404297,
                "top": 679.3472633361816
            },
            "post_job_actions": {
                "HideDatasetActionout_file1": {
                    "action_arguments": {},
                    "action_type": "HideDatasetAction",
                    "output_name": "out_file1"
                }
            },
            "tool_id": "sort1",
            "tool_state": "{\"column\": \"2\", \"column_set\": [], \"input\": null, \"order\": \"DESC\", \"style\": \"num\", \"__page__\": null, \"__rerun_remap_job_id__\": null}",
            "tool_version": "1.0.3",
            "type": "tool",
            "uuid": "22144154-a597-4fe8-8cbd-29c6df366cac",
            "when": null,
            "workflow_outputs": []
        },
        "8": {
            "annotation": "",
            "content_id": "toolshed.g2.bx.psu.edu/repos/devteam/column_maker/Add_a_column1/1.1.0",
            "errors": null,
            "id": 8,
            "input_connections": {
                "input": {
                    "id": 6,
                    "output_name": "out_file1"
                }
            },
            "inputs": [],
            "label": null,
            "name": "Compute",
            "outputs": [
                {
                    "name": "out_file1",
                    "type": "input"
                }
            ],
            "position": {
                "left": 594.9028167724609,
                "top": 287.35071182250977
            },
            "post_job_actions": {
                "RenameDatasetActionout_file1": {
                    "action_arguments": {
                        "newname": "Selection Round A"
                    },
                    "action_type": "RenameDatasetAction",
                    "output_name": "out_file1"
                }
            },
            "tool_id": "toolshed.g2.bx.psu.edu/repos/devteam/column_maker/Add_a_column1/1.1.0",
            "tool_shed_repository": {
                "changeset_revision": "6595517c2dd8",
                "name": "column_maker",
                "owner": "devteam",
                "tool_shed": "toolshed.g2.bx.psu.edu"
            },
            "tool_state": "{\"cond\": \"log(c1,10)\", \"input\": null, \"round\": \"no\", \"__page__\": null, \"__rerun_remap_job_id__\": null}",
            "tool_version": "1.1.0",
            "type": "tool",
            "uuid": "cd508d84-a0e0-44c6-a7ea-91dfb1e8f0d4",
            "when": null,
            "workflow_outputs": [
                {
                    "label": null,
                    "output_name": "out_file1",
                    "uuid": null
                }
            ]
        },
        "9": {
            "annotation": "",
            "content_id": "toolshed.g2.bx.psu.edu/repos/devteam/column_maker/Add_a_column1/1.1.0",
            "errors": null,
            "id": 9,
            "input_connections": {
                "input": {
                    "id": 7,
                    "output_name": "out_file1"
                }
            },
            "inputs": [],
            "label": null,
            "name": "Compute",
            "outputs": [
                {
                    "name": "out_file1",
                    "type": "input"
                }
            ],
            "position": {
                "left": 598.8958740234375,
                "top": 570.3542213439941
            },
            "post_job_actions": {
                "RenameDatasetActionout_file1": {
                    "action_arguments": {
                        "newname": "Selection Round B"
                    },
                    "action_type": "RenameDatasetAction",
                    "output_name": "out_file1"
                }
            },
            "tool_id": "toolshed.g2.bx.psu.edu/repos/devteam/column_maker/Add_a_column1/1.1.0",
            "tool_shed_repository": {
                "changeset_revision": "6595517c2dd8",
                "name": "column_maker",
                "owner": "devteam",
                "tool_shed": "toolshed.g2.bx.psu.edu"
            },
            "tool_state": "{\"cond\": \"log(c1,10)\", \"input\": null, \"round\": \"no\", \"__page__\": null, \"__rerun_remap_job_id__\": null}",
            "tool_version": "1.1.0",
            "type": "tool",
            "uuid": "b88137d8-032a-408b-aa53-a1990ad4e038",
            "when": null,
            "workflow_outputs": [
                {
                    "label": null,
                    "output_name": "out_file1",
                    "uuid": null
                }
            ]
        },
        "10": {
            "annotation": "",
            "content_id": "toolshed.g2.bx.psu.edu/repos/devteam/xy_plot/XY_Plot_1/1.0.1",
            "errors": null,
            "id": 10,
            "input_connections": {
                "series_0|input": {
                    "id": 8,
                    "output_name": "out_file1"
                },
                "series_1|input": {
                    "id": 9,
                    "output_name": "out_file1"
                }
            },
            "inputs": [],
            "label": null,
            "name": "Plotting tool",
            "outputs": [
                {
                    "name": "out_file_pdf",
                    "type": "pdf"
                },
                {
                    "name": "out_file_png",
                    "type": "png"
                }
            ],
            "position": {
                "left": 853.8993530273438,
                "top": 432.354190826416
            },
            "post_job_actions": {
                "RenameDatasetActionout_file1": {
                    "action_arguments": {
                        "newname": "Persistence NrD Analysis"
                    },
                    "action_type": "RenameDatasetAction",
                    "output_name": "out_file1"
                }
            },
            "tool_id": "toolshed.g2.bx.psu.edu/repos/devteam/xy_plot/XY_Plot_1/1.0.1",
            "tool_shed_repository": {
                "changeset_revision": "ecb437f1d298",
                "name": "xy_plot",
                "owner": "devteam",
                "tool_shed": "toolshed.g2.bx.psu.edu"
            },
            "tool_state": "{\"main\": \"Persistence NrD Analysis\", \"series\": [{\"__index__\": 0, \"input\": null, \"xcol\": \"2\", \"ycol\": \"3\", \"series_type\": {\"type\": \"points\", \"__current_case__\": 1, \"pch\": \"1\", \"col\": \"1\", \"cex\": \"1.0\"}}, {\"__index__\": 1, \"input\": null, \"xcol\": \"2\", \"ycol\": \"3\", \"series_type\": {\"type\": \"points\", \"__current_case__\": 1, \"pch\": \"15\", \"col\": \"1\", \"cex\": \"1.0\"}}], \"xlab\": \"Round Representation\", \"ylab\": \"Log10 (Number of Unique Sequences)\", \"__page__\": null, \"__rerun_remap_job_id__\": null}",
            "tool_version": "1.0.1",
            "type": "tool",
            "uuid": "edad4797-085b-4fec-972a-bda63f904111",
            "when": null,
            "workflow_outputs": [
                {
                    "label": null,
                    "output_name": "out_file1",
                    "uuid": null
                }
            ]
        }
    },
    "tags": [
        "aptamer",
        "SELEX"
    ],
    "uuid": "e0aa4781-e360-441b-9b94-91fa785b252d",
    "version": 10
}