{
    "a_galaxy_workflow": "true",
    "annotation": "",
    "format-version": "0.1",
    "name": "imported: Make Ensembl GTF compatible with Cufflinks",
    "steps": {
        "0": {
            "annotation": "",
            "content_id": null,
            "errors": null,
            "id": 0,
            "input_connections": {},
            "inputs": [
                {
                    "description": "",
                    "name": "Input Dataset"
                }
            ],
            "label": null,
            "name": "Input dataset",
            "outputs": [],
            "position": {
                "left": 100,
                "top": 293
            },
            "tool_id": null,
            "tool_state": "{\"optional\": false, \"tag\": null}",
            "tool_version": null,
            "type": "data_input",
            "uuid": "None",
            "when": null,
            "workflow_outputs": []
        },
        "1": {
            "annotation": "",
            "content_id": "Cut1",
            "errors": null,
            "id": 1,
            "input_connections": {
                "input": {
                    "id": 0,
                    "output_name": "output"
                }
            },
            "inputs": [],
            "label": null,
            "name": "Cut",
            "outputs": [
                {
                    "name": "out_file1",
                    "type": "tabular"
                }
            ],
            "position": {
                "left": 343,
                "top": 209
            },
            "post_job_actions": {
                "HideDatasetActionout_file1": {
                    "action_arguments": {},
                    "action_type": "HideDatasetAction",
                    "output_name": "out_file1"
                }
            },
            "tool_id": "Cut1",
            "tool_state": "{\"chromInfo\": \"/galaxy/home/g2main/galaxy_main/tool-data/shared/ucsc/chrom/hg19.len\", \"columnList\": \"c1\", \"delimiter\": \"T\", \"input\": null, \"__page__\": null, \"__rerun_remap_job_id__\": null}",
            "tool_version": "1.0.1",
            "type": "tool",
            "uuid": "None",
            "when": null,
            "workflow_outputs": []
        },
        "2": {
            "annotation": "",
            "content_id": "Cut1",
            "errors": null,
            "id": 2,
            "input_connections": {
                "input": {
                    "id": 0,
                    "output_name": "output"
                }
            },
            "inputs": [],
            "label": null,
            "name": "Cut",
            "outputs": [
                {
                    "name": "out_file1",
                    "type": "tabular"
                }
            ],
            "position": {
                "left": 364,
                "top": 685
            },
            "post_job_actions": {
                "HideDatasetActionout_file1": {
                    "action_arguments": {},
                    "action_type": "HideDatasetAction",
                    "output_name": "out_file1"
                }
            },
            "tool_id": "Cut1",
            "tool_state": "{\"chromInfo\": \"/galaxy/home/g2main/galaxy_main/tool-data/shared/ucsc/chrom/hg19.len\", \"columnList\": \"c2,c3,c4,c5,c6,c7,c8,c9\", \"delimiter\": \"T\", \"input\": null, \"__page__\": null, \"__rerun_remap_job_id__\": null}",
            "tool_version": "1.0.1",
            "type": "tool",
            "uuid": "None",
            "when": null,
            "workflow_outputs": []
        },
        "3": {
            "annotation": "",
            "content_id": "addValue",
            "errors": null,
            "id": 3,
            "input_connections": {
                "input": {
                    "id": 1,
                    "output_name": "out_file1"
                }
            },
            "inputs": [],
            "label": null,
            "name": "Add column",
            "outputs": [
                {
                    "name": "out_file1",
                    "type": "input"
                }
            ],
            "position": {
                "left": 457,
                "top": 319
            },
            "post_job_actions": {
                "HideDatasetActionout_file1": {
                    "action_arguments": {},
                    "action_type": "HideDatasetAction",
                    "output_name": "out_file1"
                }
            },
            "tool_id": "addValue",
            "tool_state": "{\"chromInfo\": \"/galaxy/home/g2main/galaxy_main/tool-data/shared/ucsc/chrom/hg19.len\", \"exp\": \"chr\", \"input\": null, \"iterate\": \"no\", \"__page__\": null, \"__rerun_remap_job_id__\": null}",
            "tool_version": "1.0.0",
            "type": "tool",
            "uuid": "None",
            "when": null,
            "workflow_outputs": []
        },
        "4": {
            "annotation": "",
            "content_id": "mergeCols1",
            "errors": null,
            "id": 4,
            "input_connections": {
                "input1": {
                    "id": 3,
                    "output_name": "out_file1"
                }
            },
            "inputs": [],
            "label": null,
            "name": "Merge Columns",
            "outputs": [
                {
                    "name": "out_file1",
                    "type": "tabular"
                }
            ],
            "position": {
                "left": 510,
                "top": 448
            },
            "post_job_actions": {
                "HideDatasetActionout_file1": {
                    "action_arguments": {},
                    "action_type": "HideDatasetAction",
                    "output_name": "out_file1"
                }
            },
            "tool_id": "mergeCols1",
            "tool_state": "{\"chromInfo\": \"/galaxy/home/g2main/galaxy_main/tool-data/shared/ucsc/chrom/hg19.len\", \"col1\": \"2\", \"col2\": \"1\", \"columns\": [], \"input1\": null, \"__page__\": null, \"__rerun_remap_job_id__\": null}",
            "tool_version": "1.0.1",
            "type": "tool",
            "uuid": "None",
            "when": null,
            "workflow_outputs": []
        },
        "5": {
            "annotation": "",
            "content_id": "Cut1",
            "errors": null,
            "id": 5,
            "input_connections": {
                "input": {
                    "id": 4,
                    "output_name": "out_file1"
                }
            },
            "inputs": [],
            "label": null,
            "name": "Cut",
            "outputs": [
                {
                    "name": "out_file1",
                    "type": "tabular"
                }
            ],
            "position": {
                "left": 536,
                "top": 542
            },
            "post_job_actions": {
                "HideDatasetActionout_file1": {
                    "action_arguments": {},
                    "action_type": "HideDatasetAction",
                    "output_name": "out_file1"
                }
            },
            "tool_id": "Cut1",
            "tool_state": "{\"chromInfo\": \"/galaxy/home/g2main/galaxy_main/tool-data/shared/ucsc/chrom/hg19.len\", \"columnList\": \"c3\", \"delimiter\": \"T\", \"input\": null, \"__page__\": null, \"__rerun_remap_job_id__\": null}",
            "tool_version": "1.0.1",
            "type": "tool",
            "uuid": "None",
            "when": null,
            "workflow_outputs": []
        },
        "6": {
            "annotation": "",
            "content_id": "Paste1",
            "errors": null,
            "id": 6,
            "input_connections": {
                "input1": {
                    "id": 5,
                    "output_name": "out_file1"
                },
                "input2": {
                    "id": 2,
                    "output_name": "out_file1"
                }
            },
            "inputs": [],
            "label": null,
            "name": "Paste",
            "outputs": [
                {
                    "name": "out_file1",
                    "type": "input"
                }
            ],
            "position": {
                "left": 896,
                "top": 497
            },
            "post_job_actions": {
                "ChangeDatatypeActionout_file1": {
                    "action_arguments": {
                        "newtype": "gtf"
                    },
                    "action_type": "ChangeDatatypeAction",
                    "output_name": "out_file1"
                }
            },
            "tool_id": "Paste1",
            "tool_state": "{\"chromInfo\": \"/galaxy/home/g2main/galaxy_main/tool-data/shared/ucsc/chrom/hg19.len\", \"delimiter\": \"T\", \"input1\": null, \"input2\": null, \"__page__\": null, \"__rerun_remap_job_id__\": null}",
            "tool_version": "1.0.0",
            "type": "tool",
            "uuid": "None",
            "when": null,
            "workflow_outputs": []
        }
    },
    "tags": [],
    "version": 0
}