{
    "a_galaxy_workflow": "true",
    "annotation": "",
    "format-version": "0.1",
    "name": "Workflow constructed from history 'SN_SP'",
    "steps": {
        "0": {
            "annotation": "",
            "content_id": null,
            "errors": null,
            "id": 0,
            "input_connections": {},
            "inputs": [
                {
                    "description": "",
                    "name": "prediction.gff"
                }
            ],
            "label": null,
            "name": "Input dataset",
            "outputs": [],
            "position": {
                "left": 10,
                "top": 10
            },
            "tool_id": null,
            "tool_state": "{\"optional\": false, \"tag\": null}",
            "tool_version": null,
            "type": "data_input",
            "uuid": "a2984515-c8db-4aa4-95ff-cf3b99fdd40c",
            "when": null,
            "workflow_outputs": []
        },
        "1": {
            "annotation": "",
            "content_id": null,
            "errors": null,
            "id": 1,
            "input_connections": {},
            "inputs": [
                {
                    "description": "",
                    "name": "rickettsia_cds_coord.txt"
                }
            ],
            "label": null,
            "name": "Input dataset",
            "outputs": [],
            "position": {
                "left": 10,
                "top": 130
            },
            "tool_id": null,
            "tool_state": "{\"optional\": false, \"tag\": null}",
            "tool_version": null,
            "type": "data_input",
            "uuid": "651600c9-8e3e-4145-9984-1b869dd50961",
            "when": null,
            "workflow_outputs": []
        },
        "2": {
            "annotation": "",
            "content_id": "CONVERTER_gff_to_bed_0",
            "errors": null,
            "id": 2,
            "input_connections": {
                "input1": {
                    "id": 0,
                    "output_name": "output"
                }
            },
            "inputs": [],
            "label": null,
            "name": "Convert GFF to BED",
            "outputs": [
                {
                    "name": "output1",
                    "type": "bed"
                }
            ],
            "position": {
                "left": 230,
                "top": 10
            },
            "post_job_actions": {},
            "tool_id": "CONVERTER_gff_to_bed_0",
            "tool_state": "{\"chromInfo\": \"/cvmfs/data.galaxyproject.org/managed/len/ucsc/18271.len\", \"input1\": null, \"__page__\": null, \"__rerun_remap_job_id__\": null}",
            "tool_version": "1.0.0",
            "type": "tool",
            "uuid": "430fd47c-cf84-4cbe-8be9-9d3d926576a8",
            "when": null,
            "workflow_outputs": []
        },
        "3": {
            "annotation": "",
            "content_id": "Filter1",
            "errors": null,
            "id": 3,
            "input_connections": {
                "input": {
                    "id": 1,
                    "output_name": "output"
                }
            },
            "inputs": [],
            "label": null,
            "name": "Filter",
            "outputs": [
                {
                    "name": "out_file1",
                    "type": "input"
                }
            ],
            "position": {
                "left": 230,
                "top": 130
            },
            "post_job_actions": {},
            "tool_id": "Filter1",
            "tool_state": "{\"chromInfo\": \"/cvmfs/data.galaxyproject.org/managed/len/ucsc/18271.len\", \"cond\": \"c6=='+'\", \"header_lines\": \"0\", \"input\": null, \"__page__\": null, \"__rerun_remap_job_id__\": null}",
            "tool_version": "1.1.0",
            "type": "tool",
            "uuid": "f31d4196-f37a-4f59-8201-6c6730124f2b",
            "when": null,
            "workflow_outputs": []
        },
        "4": {
            "annotation": "",
            "content_id": "Filter1",
            "errors": null,
            "id": 4,
            "input_connections": {
                "input": {
                    "id": 2,
                    "output_name": "output1"
                }
            },
            "inputs": [],
            "label": null,
            "name": "Filter",
            "outputs": [
                {
                    "name": "out_file1",
                    "type": "input"
                }
            ],
            "position": {
                "left": 450,
                "top": 10
            },
            "post_job_actions": {},
            "tool_id": "Filter1",
            "tool_state": "{\"chromInfo\": \"/cvmfs/data.galaxyproject.org/managed/len/ucsc/18271.len\", \"cond\": \"c6=='+'\", \"header_lines\": \"0\", \"input\": null, \"__page__\": null, \"__rerun_remap_job_id__\": null}",
            "tool_version": "1.1.0",
            "type": "tool",
            "uuid": "5a6216f9-d6fc-4aef-a3d9-203c1c47838c",
            "when": null,
            "workflow_outputs": []
        },
        "5": {
            "annotation": "",
            "content_id": "toolshed.g2.bx.psu.edu/repos/devteam/column_maker/Add_a_column1/1.1.0",
            "errors": null,
            "id": 5,
            "input_connections": {
                "input": {
                    "id": 3,
                    "output_name": "out_file1"
                }
            },
            "inputs": [],
            "label": null,
            "name": "Compute",
            "outputs": [
                {
                    "name": "out_file1",
                    "type": "input"
                }
            ],
            "position": {
                "left": 450,
                "top": 130
            },
            "post_job_actions": {},
            "tool_id": "toolshed.g2.bx.psu.edu/repos/devteam/column_maker/Add_a_column1/1.1.0",
            "tool_shed_repository": {
                "changeset_revision": "6595517c2dd8",
                "name": "column_maker",
                "owner": "devteam",
                "tool_shed": "toolshed.g2.bx.psu.edu"
            },
            "tool_state": "{\"chromInfo\": \"/cvmfs/data.galaxyproject.org/managed/len/ucsc/18271.len\", \"cond\": \"c3-c2\", \"input\": null, \"round\": \"no\", \"__page__\": null, \"__rerun_remap_job_id__\": null}",
            "tool_version": "1.1.0",
            "type": "tool",
            "uuid": "6ab01ad9-e2eb-4508-ae55-6d21d595d407",
            "when": null,
            "workflow_outputs": []
        },
        "6": {
            "annotation": "",
            "content_id": "toolshed.g2.bx.psu.edu/repos/devteam/coverage/gops_coverage_1/1.0.0",
            "errors": null,
            "id": 6,
            "input_connections": {
                "input1": {
                    "id": 3,
                    "output_name": "out_file1"
                },
                "input2": {
                    "id": 4,
                    "output_name": "out_file1"
                }
            },
            "inputs": [],
            "label": null,
            "name": "Coverage",
            "outputs": [
                {
                    "name": "output",
                    "type": "interval"
                }
            ],
            "position": {
                "left": 670,
                "top": 10
            },
            "post_job_actions": {},
            "tool_id": "toolshed.g2.bx.psu.edu/repos/devteam/coverage/gops_coverage_1/1.0.0",
            "tool_shed_repository": {
                "changeset_revision": "e3363e087468",
                "name": "coverage",
                "owner": "devteam",
                "tool_shed": "toolshed.g2.bx.psu.edu"
            },
            "tool_state": "{\"chromInfo\": \"/cvmfs/data.galaxyproject.org/managed/len/ucsc/18271.len\", \"input1\": null, \"input2\": null, \"__page__\": null, \"__rerun_remap_job_id__\": null}",
            "tool_version": "1.0.0",
            "type": "tool",
            "uuid": "27eabdee-6b5f-4b18-ad0a-4b1e091cdbaf",
            "when": null,
            "workflow_outputs": []
        },
        "7": {
            "annotation": "",
            "content_id": "toolshed.g2.bx.psu.edu/repos/devteam/column_maker/Add_a_column1/1.1.0",
            "errors": null,
            "id": 7,
            "input_connections": {
                "input": {
                    "id": 4,
                    "output_name": "out_file1"
                }
            },
            "inputs": [],
            "label": null,
            "name": "Compute",
            "outputs": [
                {
                    "name": "out_file1",
                    "type": "input"
                }
            ],
            "position": {
                "left": 670,
                "top": 130
            },
            "post_job_actions": {},
            "tool_id": "toolshed.g2.bx.psu.edu/repos/devteam/column_maker/Add_a_column1/1.1.0",
            "tool_shed_repository": {
                "changeset_revision": "6595517c2dd8",
                "name": "column_maker",
                "owner": "devteam",
                "tool_shed": "toolshed.g2.bx.psu.edu"
            },
            "tool_state": "{\"chromInfo\": \"/cvmfs/data.galaxyproject.org/managed/len/ucsc/18271.len\", \"cond\": \"c3-c2\", \"input\": null, \"round\": \"no\", \"__page__\": null, \"__rerun_remap_job_id__\": null}",
            "tool_version": "1.1.0",
            "type": "tool",
            "uuid": "28e849ee-d41b-47f9-a6ac-415b702d460b",
            "when": null,
            "workflow_outputs": []
        },
        "8": {
            "annotation": "",
            "content_id": "Summary_Statistics1",
            "errors": null,
            "id": 8,
            "input_connections": {
                "input": {
                    "id": 5,
                    "output_name": "out_file1"
                }
            },
            "inputs": [],
            "label": null,
            "name": "Summary Statistics",
            "outputs": [
                {
                    "name": "out_file1",
                    "type": "tabular"
                }
            ],
            "position": {
                "left": 670,
                "top": 250
            },
            "post_job_actions": {},
            "tool_id": "Summary_Statistics1",
            "tool_state": "{\"chromInfo\": \"/cvmfs/data.galaxyproject.org/managed/len/ucsc/18271.len\", \"cond\": \"c7\", \"input\": null, \"__page__\": null, \"__rerun_remap_job_id__\": null}",
            "tool_version": "1.1.1",
            "type": "tool",
            "uuid": "dd19c02e-88f6-4b95-a113-02e04daccf51",
            "when": null,
            "workflow_outputs": []
        },
        "9": {
            "annotation": "",
            "content_id": "Summary_Statistics1",
            "errors": null,
            "id": 9,
            "input_connections": {
                "input": {
                    "id": 6,
                    "output_name": "output"
                }
            },
            "inputs": [],
            "label": null,
            "name": "Summary Statistics",
            "outputs": [
                {
                    "name": "out_file1",
                    "type": "tabular"
                }
            ],
            "position": {
                "left": 890,
                "top": 10
            },
            "post_job_actions": {},
            "tool_id": "Summary_Statistics1",
            "tool_state": "{\"chromInfo\": \"/cvmfs/data.galaxyproject.org/managed/len/ucsc/18271.len\", \"cond\": \"c7\", \"input\": null, \"__page__\": null, \"__rerun_remap_job_id__\": null}",
            "tool_version": "1.1.1",
            "type": "tool",
            "uuid": "d90b919d-f1cf-48c6-b8d8-beaba38f907d",
            "when": null,
            "workflow_outputs": []
        },
        "10": {
            "annotation": "",
            "content_id": "Summary_Statistics1",
            "errors": null,
            "id": 10,
            "input_connections": {
                "input": {
                    "id": 7,
                    "output_name": "out_file1"
                }
            },
            "inputs": [],
            "label": null,
            "name": "Summary Statistics",
            "outputs": [
                {
                    "name": "out_file1",
                    "type": "tabular"
                }
            ],
            "position": {
                "left": 890,
                "top": 130
            },
            "post_job_actions": {},
            "tool_id": "Summary_Statistics1",
            "tool_state": "{\"chromInfo\": \"/cvmfs/data.galaxyproject.org/managed/len/ucsc/18271.len\", \"cond\": \"c7\", \"input\": null, \"__page__\": null, \"__rerun_remap_job_id__\": null}",
            "tool_version": "1.1.1",
            "type": "tool",
            "uuid": "9acc345b-1c75-40fc-be7b-e17e012547c4",
            "when": null,
            "workflow_outputs": []
        }
    },
    "tags": [],
    "uuid": "80a32c4e-ba54-4e4a-a86e-425ba2e2e9ea",
    "version": 0
}