{
    "a_galaxy_workflow": "true",
    "annotation": "",
    "format-version": "0.1",
    "name": "Transcriptome assembly (trimmomatic-tophat-cufflink)",
    "steps": {
        "0": {
            "annotation": "",
            "content_id": null,
            "errors": null,
            "id": 0,
            "input_connections": {},
            "inputs": [
                {
                    "description": "",
                    "name": "Input Dataset"
                }
            ],
            "label": null,
            "name": "Input dataset",
            "outputs": [],
            "position": {
                "left": 205.89340209960938,
                "top": 441.7464141845703
            },
            "tool_id": null,
            "tool_state": "{\"optional\": false, \"tag\": null}",
            "tool_version": null,
            "type": "data_input",
            "uuid": "7123dbf2-93bc-4cf2-9a17-11a8ad628ace",
            "when": null,
            "workflow_outputs": []
        },
        "1": {
            "annotation": "",
            "content_id": null,
            "errors": null,
            "id": 1,
            "input_connections": {},
            "inputs": [
                {
                    "description": "",
                    "name": "Input Dataset"
                }
            ],
            "label": null,
            "name": "Input dataset",
            "outputs": [],
            "position": {
                "left": 208.82601928710938,
                "top": 548.7518768310547
            },
            "tool_id": null,
            "tool_state": "{\"optional\": false, \"tag\": null}",
            "tool_version": null,
            "type": "data_input",
            "uuid": "d7ab2a35-2fbe-4b26-9ce1-d2b03d575443",
            "when": null,
            "workflow_outputs": []
        },
        "2": {
            "annotation": "",
            "content_id": null,
            "errors": null,
            "id": 2,
            "input_connections": {},
            "inputs": [
                {
                    "description": "",
                    "name": "Input Dataset"
                }
            ],
            "label": null,
            "name": "Input dataset",
            "outputs": [],
            "position": {
                "left": 679.4059448242188,
                "top": 668.9423675537109
            },
            "tool_id": null,
            "tool_state": "{\"optional\": false, \"tag\": null}",
            "tool_version": null,
            "type": "data_input",
            "uuid": "0b85aa70-97fa-4e62-bb36-bed9e0cd4521",
            "when": null,
            "workflow_outputs": []
        },
        "3": {
            "annotation": "",
            "content_id": "toolshed.g2.bx.psu.edu/repos/devteam/fastqc/fastqc/0.64",
            "errors": null,
            "id": 3,
            "input_connections": {
                "input_file": {
                    "id": 0,
                    "output_name": "output"
                }
            },
            "inputs": [
                {
                    "description": "runtime parameter for tool FastQC",
                    "name": "contaminants"
                },
                {
                    "description": "runtime parameter for tool FastQC",
                    "name": "input_file"
                },
                {
                    "description": "runtime parameter for tool FastQC",
                    "name": "limits"
                }
            ],
            "label": null,
            "name": "FastQC",
            "outputs": [
                {
                    "name": "html_file",
                    "type": "html"
                },
                {
                    "name": "text_file",
                    "type": "txt"
                }
            ],
            "position": {
                "left": 393.13531494140625,
                "top": 184.4969940185547
            },
            "post_job_actions": {},
            "tool_id": "toolshed.g2.bx.psu.edu/repos/devteam/fastqc/fastqc/0.64",
            "tool_shed_repository": {
                "changeset_revision": "28d39af2dd06",
                "name": "fastqc",
                "owner": "devteam",
                "tool_shed": "toolshed.g2.bx.psu.edu"
            },
            "tool_state": "{\"contaminants\": {\"__class__\": \"RuntimeValue\"}, \"input_file\": {\"__class__\": \"RuntimeValue\"}, \"limits\": {\"__class__\": \"RuntimeValue\"}, \"__page__\": null, \"__rerun_remap_job_id__\": null}",
            "tool_version": null,
            "type": "tool",
            "uuid": "27ea5a23-3c21-408f-a216-ca467ae610e8",
            "when": null,
            "workflow_outputs": []
        },
        "4": {
            "annotation": "",
            "content_id": "toolshed.g2.bx.psu.edu/repos/pjbriggs/trimmomatic/trimmomatic/0.32.3",
            "errors": null,
            "id": 4,
            "input_connections": {
                "paired_end|paired_input_type_conditional|fastq_r1_in": {
                    "id": 0,
                    "output_name": "output"
                },
                "paired_end|paired_input_type_conditional|fastq_r2_in": {
                    "id": 1,
                    "output_name": "output"
                }
            },
            "inputs": [],
            "label": null,
            "name": "Trimmomatic",
            "outputs": [
                {
                    "name": "fastq_out_r1_paired",
                    "type": "fastqsanger"
                },
                {
                    "name": "fastq_out_r2_paired",
                    "type": "fastqsanger"
                },
                {
                    "name": "fastq_out_r1_unpaired",
                    "type": "fastqsanger"
                },
                {
                    "name": "fastq_out_r2_unpaired",
                    "type": "fastqsanger"
                }
            ],
            "position": {
                "left": 673.3060913085938,
                "top": 181.9632110595703
            },
            "post_job_actions": {},
            "tool_id": "toolshed.g2.bx.psu.edu/repos/pjbriggs/trimmomatic/trimmomatic/0.32.3",
            "tool_shed_repository": {
                "changeset_revision": "f8a9a5eaca8a",
                "name": "trimmomatic",
                "owner": "pjbriggs",
                "tool_shed": "toolshed.g2.bx.psu.edu"
            },
            "tool_state": "{\"illuminaclip\": {\"do_illuminaclip\": true, \"__current_case__\": 0, \"adapter_fasta\": \"TruSeq2-SE.fa\", \"seed_mismatches\": \"2\", \"palindrome_clip_threshold\": \"30\", \"simple_clip_threshold\": \"10\"}, \"operations\": [{\"__index__\": 0, \"operation\": {\"name\": \"SLIDINGWINDOW\", \"__current_case__\": 0, \"window_size\": \"4\", \"required_quality\": \"15\"}}, {\"__index__\": 1, \"operation\": {\"name\": \"MINLEN\", \"__current_case__\": 1, \"minlen\": \"30\"}}], \"paired_end\": {\"is_paired_end\": true, \"__current_case__\": 1, \"paired_input_type_conditional\": {\"paired_input_type\": \"pair_of_files\", \"__current_case__\": 0, \"fastq_r1_in\": {\"__class__\": \"RuntimeValue\"}, \"fastq_r2_in\": {\"__class__\": \"RuntimeValue\"}}}, \"__page__\": null, \"__rerun_remap_job_id__\": null}",
            "tool_version": null,
            "type": "tool",
            "uuid": "68b2e55d-9dd8-4a36-b9b0-18da7b0edbc1",
            "when": null,
            "workflow_outputs": []
        },
        "5": {
            "annotation": "",
            "content_id": "toolshed.g2.bx.psu.edu/repos/devteam/fastqc/fastqc/0.64",
            "errors": null,
            "id": 5,
            "input_connections": {
                "input_file": {
                    "id": 1,
                    "output_name": "output"
                }
            },
            "inputs": [
                {
                    "description": "runtime parameter for tool FastQC",
                    "name": "contaminants"
                },
                {
                    "description": "runtime parameter for tool FastQC",
                    "name": "input_file"
                },
                {
                    "description": "runtime parameter for tool FastQC",
                    "name": "limits"
                }
            ],
            "label": null,
            "name": "FastQC",
            "outputs": [
                {
                    "name": "html_file",
                    "type": "html"
                },
                {
                    "name": "text_file",
                    "type": "txt"
                }
            ],
            "position": {
                "left": 407.42303466796875,
                "top": 641.3992156982422
            },
            "post_job_actions": {},
            "tool_id": "toolshed.g2.bx.psu.edu/repos/devteam/fastqc/fastqc/0.64",
            "tool_shed_repository": {
                "changeset_revision": "28d39af2dd06",
                "name": "fastqc",
                "owner": "devteam",
                "tool_shed": "toolshed.g2.bx.psu.edu"
            },
            "tool_state": "{\"contaminants\": {\"__class__\": \"RuntimeValue\"}, \"input_file\": {\"__class__\": \"RuntimeValue\"}, \"limits\": {\"__class__\": \"RuntimeValue\"}, \"__page__\": null, \"__rerun_remap_job_id__\": null}",
            "tool_version": null,
            "type": "tool",
            "uuid": "9c17e164-57d3-4e48-a6ff-5d50bd1d30ed",
            "when": null,
            "workflow_outputs": []
        },
        "6": {
            "annotation": "",
            "content_id": "toolshed.g2.bx.psu.edu/repos/devteam/fastqc/fastqc/0.64",
            "errors": null,
            "id": 6,
            "input_connections": {
                "input_file": {
                    "id": 4,
                    "output_name": "fastq_out_r1_paired"
                }
            },
            "inputs": [
                {
                    "description": "runtime parameter for tool FastQC",
                    "name": "contaminants"
                },
                {
                    "description": "runtime parameter for tool FastQC",
                    "name": "input_file"
                },
                {
                    "description": "runtime parameter for tool FastQC",
                    "name": "limits"
                }
            ],
            "label": null,
            "name": "FastQC",
            "outputs": [
                {
                    "name": "html_file",
                    "type": "html"
                },
                {
                    "name": "text_file",
                    "type": "txt"
                }
            ],
            "position": {
                "left": 1009.2201538085938,
                "top": 180.08633422851562
            },
            "post_job_actions": {},
            "tool_id": "toolshed.g2.bx.psu.edu/repos/devteam/fastqc/fastqc/0.64",
            "tool_shed_repository": {
                "changeset_revision": "28d39af2dd06",
                "name": "fastqc",
                "owner": "devteam",
                "tool_shed": "toolshed.g2.bx.psu.edu"
            },
            "tool_state": "{\"contaminants\": {\"__class__\": \"RuntimeValue\"}, \"input_file\": {\"__class__\": \"RuntimeValue\"}, \"limits\": {\"__class__\": \"RuntimeValue\"}, \"__page__\": null, \"__rerun_remap_job_id__\": null}",
            "tool_version": null,
            "type": "tool",
            "uuid": "e4595fa6-01cd-4d55-927f-9f66ff7e9a39",
            "when": null,
            "workflow_outputs": []
        },
        "7": {
            "annotation": "",
            "content_id": "toolshed.g2.bx.psu.edu/repos/devteam/fastqc/fastqc/0.64",
            "errors": null,
            "id": 7,
            "input_connections": {
                "input_file": {
                    "id": 4,
                    "output_name": "fastq_out_r2_paired"
                }
            },
            "inputs": [
                {
                    "description": "runtime parameter for tool FastQC",
                    "name": "contaminants"
                },
                {
                    "description": "runtime parameter for tool FastQC",
                    "name": "input_file"
                },
                {
                    "description": "runtime parameter for tool FastQC",
                    "name": "limits"
                }
            ],
            "label": null,
            "name": "FastQC",
            "outputs": [
                {
                    "name": "html_file",
                    "type": "html"
                },
                {
                    "name": "text_file",
                    "type": "txt"
                }
            ],
            "position": {
                "left": 1012.5515747070312,
                "top": 409.6049041748047
            },
            "post_job_actions": {},
            "tool_id": "toolshed.g2.bx.psu.edu/repos/devteam/fastqc/fastqc/0.64",
            "tool_shed_repository": {
                "changeset_revision": "28d39af2dd06",
                "name": "fastqc",
                "owner": "devteam",
                "tool_shed": "toolshed.g2.bx.psu.edu"
            },
            "tool_state": "{\"contaminants\": {\"__class__\": \"RuntimeValue\"}, \"input_file\": {\"__class__\": \"RuntimeValue\"}, \"limits\": {\"__class__\": \"RuntimeValue\"}, \"__page__\": null, \"__rerun_remap_job_id__\": null}",
            "tool_version": null,
            "type": "tool",
            "uuid": "db044877-6442-48ab-98e8-132f217b9a56",
            "when": null,
            "workflow_outputs": []
        },
        "8": {
            "annotation": "",
            "content_id": "toolshed.g2.bx.psu.edu/repos/devteam/tophat2/tophat2/0.9",
            "errors": null,
            "id": 8,
            "input_connections": {
                "refGenomeSource|ownFile": {
                    "id": 2,
                    "output_name": "output"
                },
                "singlePaired|input1": {
                    "id": 4,
                    "output_name": "fastq_out_r1_paired"
                },
                "singlePaired|input2": {
                    "id": 4,
                    "output_name": "fastq_out_r2_paired"
                }
            },
            "inputs": [
                {
                    "description": "runtime parameter for tool TopHat",
                    "name": "refGenomeSource"
                },
                {
                    "description": "runtime parameter for tool TopHat",
                    "name": "singlePaired"
                },
                {
                    "description": "runtime parameter for tool TopHat",
                    "name": "singlePaired"
                }
            ],
            "label": null,
            "name": "TopHat",
            "outputs": [
                {
                    "name": "align_summary",
                    "type": "txt"
                },
                {
                    "name": "insertions",
                    "type": "bed"
                },
                {
                    "name": "deletions",
                    "type": "bed"
                },
                {
                    "name": "junctions",
                    "type": "bed"
                },
                {
                    "name": "accepted_hits",
                    "type": "bam"
                },
                {
                    "name": "unmapped",
                    "type": "bam"
                }
            ],
            "position": {
                "left": 1014.8742065429688,
                "top": 670.2796478271484
            },
            "post_job_actions": {},
            "tool_id": "toolshed.g2.bx.psu.edu/repos/devteam/tophat2/tophat2/0.9",
            "tool_shed_repository": {
                "changeset_revision": "4eb3c3beb9c7",
                "name": "tophat2",
                "owner": "devteam",
                "tool_shed": "toolshed.g2.bx.psu.edu"
            },
            "tool_state": "{\"__job_resource\": {\"__job_resource__select\": \"no\", \"__current_case__\": 0}, \"params\": {\"settingsType\": \"full\", \"__current_case__\": 1, \"read_realign_edit_dist\": \"1000\", \"read_edit_dist\": \"2\", \"library_type\": \"fr-unstranded\", \"read_mismatches\": \"2\", \"bowtie_n\": \"No\", \"anchor_length\": \"8\", \"splice_mismatches\": \"0\", \"min_intron_length\": \"70\", \"max_intron_length\": \"500000\", \"indel_search\": {\"allow_indel_search\": \"Yes\", \"__current_case__\": 1, \"max_insertion_length\": \"3\", \"max_deletion_length\": \"3\"}, \"max_multihits\": \"20\", \"min_segment_intron\": \"50\", \"max_segment_intron\": \"500000\", \"seg_mismatches\": \"2\", \"seg_length\": \"25\", \"output_unmapped\": true, \"own_junctions\": {\"use_junctions\": \"No\", \"__current_case__\": 1}, \"coverage_search\": {\"use_search\": \"No\", \"__current_case__\": 1}, \"microexon_search\": \"No\", \"fusion_search\": {\"do_search\": \"No\", \"__current_case__\": 0}, \"bowtie2_settings\": {\"b2_settings\": \"No\", \"__current_case__\": 0}}, \"readGroup\": {\"specReadGroup\": \"no\", \"__current_case__\": 1}, \"refGenomeSource\": {\"genomeSource\": \"history\", \"__current_case__\": 1, \"ownFile\": {\"__class__\": \"RuntimeValue\"}}, \"singlePaired\": {\"sPaired\": \"paired\", \"__current_case__\": 1, \"input1\": {\"__class__\": \"RuntimeValue\"}, \"input2\": {\"__class__\": \"RuntimeValue\"}, \"mate_inner_distance\": \"300\", \"mate_std_dev\": \"20\", \"report_discordant_pairs\": \"Yes\"}, \"__page__\": null, \"__rerun_remap_job_id__\": null}",
            "tool_version": null,
            "type": "tool",
            "uuid": "3ca83ba9-3560-4150-9ea2-6a875ab2a7ed",
            "when": null,
            "workflow_outputs": []
        },
        "9": {
            "annotation": "",
            "content_id": "toolshed.g2.bx.psu.edu/repos/devteam/samtools_flagstat/samtools_flagstat/2.0",
            "errors": null,
            "id": 9,
            "input_connections": {
                "input1": {
                    "id": 8,
                    "output_name": "accepted_hits"
                }
            },
            "inputs": [
                {
                    "description": "runtime parameter for tool Flagstat",
                    "name": "input1"
                }
            ],
            "label": null,
            "name": "Flagstat",
            "outputs": [
                {
                    "name": "output1",
                    "type": "txt"
                }
            ],
            "position": {
                "left": 1303.5847778320312,
                "top": 623.2873382568359
            },
            "post_job_actions": {},
            "tool_id": "toolshed.g2.bx.psu.edu/repos/devteam/samtools_flagstat/samtools_flagstat/2.0",
            "tool_shed_repository": {
                "changeset_revision": "0072bf593791",
                "name": "samtools_flagstat",
                "owner": "devteam",
                "tool_shed": "toolshed.g2.bx.psu.edu"
            },
            "tool_state": "{\"input1\": {\"__class__\": \"RuntimeValue\"}, \"__page__\": null, \"__rerun_remap_job_id__\": null}",
            "tool_version": null,
            "type": "tool",
            "uuid": "538a2edf-9f12-4df3-bb04-cb1f7ebca447",
            "when": null,
            "workflow_outputs": []
        },
        "10": {
            "annotation": "",
            "content_id": "toolshed.g2.bx.psu.edu/repos/devteam/cufflinks/cufflinks/2.2.1.0",
            "errors": null,
            "id": 10,
            "input_connections": {
                "input": {
                    "id": 8,
                    "output_name": "accepted_hits"
                }
            },
            "inputs": [
                {
                    "description": "runtime parameter for tool Cufflinks",
                    "name": "input"
                }
            ],
            "label": null,
            "name": "Cufflinks",
            "outputs": [
                {
                    "name": "genes_expression",
                    "type": "tabular"
                },
                {
                    "name": "transcripts_expression",
                    "type": "tabular"
                },
                {
                    "name": "assembled_isoforms",
                    "type": "gtf"
                },
                {
                    "name": "total_map_mass",
                    "type": "txt"
                },
                {
                    "name": "skipped",
                    "type": "gtf"
                }
            ],
            "position": {
                "left": 1545.1622924804688,
                "top": 621.8093109130859
            },
            "post_job_actions": {},
            "tool_id": "toolshed.g2.bx.psu.edu/repos/devteam/cufflinks/cufflinks/2.2.1.0",
            "tool_shed_repository": {
                "changeset_revision": "d080005cffe1",
                "name": "cufflinks",
                "owner": "devteam",
                "tool_shed": "toolshed.g2.bx.psu.edu"
            },
            "tool_state": "{\"__job_resource\": {\"__job_resource__select\": \"no\", \"__current_case__\": 0}, \"advanced_settings\": {\"use_advanced_settings\": \"No\", \"__current_case__\": 0}, \"bias_correction\": {\"do_bias_correction\": \"No\", \"__current_case__\": 1}, \"input\": {\"__class__\": \"RuntimeValue\"}, \"length_correction\": \"\", \"max_intron_len\": \"300000\", \"min_isoform_fraction\": \"0.1\", \"multiread_correct\": false, \"pre_mrna_fraction\": \"0.15\", \"reference_annotation\": {\"use_ref\": \"No\", \"__current_case__\": 0}, \"__page__\": null, \"__rerun_remap_job_id__\": null}",
            "tool_version": null,
            "type": "tool",
            "uuid": "244870f7-164e-4a59-aa5d-d673f18ca167",
            "when": null,
            "workflow_outputs": []
        }
    },
    "tags": [],
    "uuid": "d9e9996f-0855-42b0-8ff1-e148fbb38b97",
    "version": 0
}