{
    "a_galaxy_workflow": "true",
    "annotation": "",
    "format-version": "0.1",
    "name": "23 and me chimp",
    "steps": {
        "0": {
            "annotation": "",
            "content_id": null,
            "errors": null,
            "id": 0,
            "input_connections": {},
            "inputs": [
                {
                    "description": "",
                    "name": "Person"
                }
            ],
            "label": null,
            "name": "Input dataset",
            "outputs": [],
            "position": {
                "left": 291.3833312988281,
                "top": 216.5
            },
            "tool_id": null,
            "tool_state": "{\"optional\": false, \"tag\": null}",
            "tool_version": null,
            "type": "data_input",
            "uuid": "None",
            "when": null,
            "workflow_outputs": []
        },
        "1": {
            "annotation": "",
            "content_id": null,
            "errors": null,
            "id": 1,
            "input_connections": {},
            "inputs": [
                {
                    "description": "",
                    "name": "Chimp"
                }
            ],
            "label": null,
            "name": "Input dataset",
            "outputs": [],
            "position": {
                "left": 280,
                "top": 558.6166687011719
            },
            "tool_id": null,
            "tool_state": "{\"optional\": false, \"tag\": null}",
            "tool_version": null,
            "type": "data_input",
            "uuid": "None",
            "when": null,
            "workflow_outputs": []
        },
        "2": {
            "annotation": "",
            "content_id": "Grep1",
            "errors": null,
            "id": 2,
            "input_connections": {
                "input": {
                    "id": 0,
                    "output_name": "output"
                }
            },
            "inputs": [],
            "label": null,
            "name": "Select",
            "outputs": [
                {
                    "name": "out_file1",
                    "type": "input"
                }
            ],
            "position": {
                "left": 494.3833312988281,
                "top": 200
            },
            "post_job_actions": {},
            "tool_id": "Grep1",
            "tool_state": "{\"input\": null, \"invert\": \"true\", \"pattern\": \"^/W+#\", \"__page__\": null, \"__rerun_remap_job_id__\": null}",
            "tool_version": "1.0.1",
            "type": "tool",
            "uuid": "None",
            "when": null,
            "workflow_outputs": []
        },
        "3": {
            "annotation": "",
            "content_id": "Filter1",
            "errors": null,
            "id": 3,
            "input_connections": {
                "input": {
                    "id": 2,
                    "output_name": "out_file1"
                }
            },
            "inputs": [],
            "label": null,
            "name": "Filter",
            "outputs": [
                {
                    "name": "out_file1",
                    "type": "input"
                }
            ],
            "position": {
                "left": 282.3833312988281,
                "top": 286
            },
            "post_job_actions": {},
            "tool_id": "Filter1",
            "tool_state": "{\"cond\": \"c4!='--'\", \"input\": null, \"__page__\": null, \"__rerun_remap_job_id__\": null}",
            "tool_version": "1.0.1",
            "type": "tool",
            "uuid": "None",
            "when": null,
            "workflow_outputs": []
        },
        "4": {
            "annotation": "",
            "content_id": "Add_a_column1",
            "errors": null,
            "id": 4,
            "input_connections": {
                "input": {
                    "id": 3,
                    "output_name": "out_file1"
                }
            },
            "inputs": [],
            "label": null,
            "name": "Compute",
            "outputs": [
                {
                    "name": "out_file1",
                    "type": "input"
                }
            ],
            "position": {
                "left": 498.3833312988281,
                "top": 299
            },
            "post_job_actions": {},
            "tool_id": "Add_a_column1",
            "tool_shed_repository": {
                "changeset_revision": "6595517c2dd8",
                "name": "column_maker",
                "owner": "devteam",
                "tool_shed": "toolshed.g2.bx.psu.edu"
            },
            "tool_state": "{\"cond\": \"(len(c4)==1)*(2*c4)+(len(c4)==2)*c4\", \"input\": null, \"round\": \"no\", \"__page__\": null, \"__rerun_remap_job_id__\": null}",
            "tool_version": "1.1.0",
            "type": "tool",
            "uuid": "None",
            "when": null,
            "workflow_outputs": []
        },
        "5": {
            "annotation": "",
            "content_id": "Cut1",
            "errors": null,
            "id": 5,
            "input_connections": {
                "input": {
                    "id": 4,
                    "output_name": "out_file1"
                }
            },
            "inputs": [],
            "label": null,
            "name": "Cut",
            "outputs": [
                {
                    "name": "out_file1",
                    "type": "tabular"
                }
            ],
            "position": {
                "left": 282.3833312988281,
                "top": 381
            },
            "post_job_actions": {},
            "tool_id": "Cut1",
            "tool_state": "{\"columnList\": \"c1,c5,c5\", \"delimiter\": \"T\", \"input\": null, \"__page__\": null, \"__rerun_remap_job_id__\": null}",
            "tool_version": "1.0.1",
            "type": "tool",
            "uuid": "None",
            "when": null,
            "workflow_outputs": []
        },
        "6": {
            "annotation": "",
            "content_id": "trimmer",
            "errors": null,
            "id": 6,
            "input_connections": {
                "input1": {
                    "id": 5,
                    "output_name": "out_file1"
                }
            },
            "inputs": [],
            "label": null,
            "name": "Trim",
            "outputs": [
                {
                    "name": "out_file1",
                    "type": "input"
                }
            ],
            "position": {
                "left": 485.3833312988281,
                "top": 381
            },
            "post_job_actions": {},
            "tool_id": "trimmer",
            "tool_state": "{\"col\": \"2\", \"end\": \"1\", \"fastq\": \"\", \"ignore\": null, \"input1\": null, \"start\": \"1\", \"__page__\": null, \"__rerun_remap_job_id__\": null}",
            "tool_version": "0.0.1",
            "type": "tool",
            "uuid": "None",
            "when": null,
            "workflow_outputs": []
        },
        "7": {
            "annotation": "",
            "content_id": "trimmer",
            "errors": null,
            "id": 7,
            "input_connections": {
                "input1": {
                    "id": 6,
                    "output_name": "out_file1"
                }
            },
            "inputs": [],
            "label": null,
            "name": "Trim",
            "outputs": [
                {
                    "name": "out_file1",
                    "type": "input"
                }
            ],
            "position": {
                "left": 282.3833312988281,
                "top": 470
            },
            "post_job_actions": {},
            "tool_id": "trimmer",
            "tool_state": "{\"col\": \"3\", \"end\": \"2\", \"fastq\": \"\", \"ignore\": null, \"input1\": null, \"start\": \"2\", \"__page__\": null, \"__rerun_remap_job_id__\": null}",
            "tool_version": "0.0.1",
            "type": "tool",
            "uuid": "None",
            "when": null,
            "workflow_outputs": []
        },
        "8": {
            "annotation": "",
            "content_id": "join1",
            "errors": null,
            "id": 8,
            "input_connections": {
                "input1": {
                    "id": 1,
                    "output_name": "output"
                },
                "input2": {
                    "id": 7,
                    "output_name": "out_file1"
                }
            },
            "inputs": [],
            "label": null,
            "name": "Join two Datasets",
            "outputs": [
                {
                    "name": "out_file1",
                    "type": "tabular"
                }
            ],
            "position": {
                "left": 509,
                "top": 491.6166687011719
            },
            "post_job_actions": {},
            "tool_id": "join1",
            "tool_state": "{\"field1\": \"4\", \"field2\": \"1\", \"fill_empty_columns\": {\"fill_empty_columns_switch\": \"no_fill\", \"__current_case__\": 0}, \"input1\": null, \"input2\": null, \"partial\": \"\", \"unmatched\": \"\", \"__page__\": null, \"__rerun_remap_job_id__\": null}",
            "tool_version": "2.0.2",
            "type": "tool",
            "uuid": "None",
            "when": null,
            "workflow_outputs": []
        },
        "9": {
            "annotation": "",
            "content_id": "Add_a_column1",
            "errors": null,
            "id": 9,
            "input_connections": {
                "input": {
                    "id": 8,
                    "output_name": "out_file1"
                }
            },
            "inputs": [],
            "label": null,
            "name": "Compute",
            "outputs": [
                {
                    "name": "out_file1",
                    "type": "input"
                }
            ],
            "position": {
                "left": 279.46665954589844,
                "top": 628.7166748046875
            },
            "post_job_actions": {},
            "tool_id": "Add_a_column1",
            "tool_shed_repository": {
                "changeset_revision": "6595517c2dd8",
                "name": "column_maker",
                "owner": "devteam",
                "tool_shed": "toolshed.g2.bx.psu.edu"
            },
            "tool_state": "{\"cond\": \"(c5=='T')*'A'+(c5=='G')*'C'+(c5!='T')*(c5!='G')*c5\", \"input\": null, \"round\": \"no\", \"__page__\": null, \"__rerun_remap_job_id__\": null}",
            "tool_version": "1.1.0",
            "type": "tool",
            "uuid": "None",
            "when": null,
            "workflow_outputs": []
        },
        "10": {
            "annotation": "",
            "content_id": "Add_a_column1",
            "errors": null,
            "id": 10,
            "input_connections": {
                "input": {
                    "id": 9,
                    "output_name": "out_file1"
                }
            },
            "inputs": [],
            "label": null,
            "name": "Compute",
            "outputs": [
                {
                    "name": "out_file1",
                    "type": "input"
                }
            ],
            "position": {
                "left": 472.4666748046875,
                "top": 620.7166748046875
            },
            "post_job_actions": {},
            "tool_id": "Add_a_column1",
            "tool_shed_repository": {
                "changeset_revision": "6595517c2dd8",
                "name": "column_maker",
                "owner": "devteam",
                "tool_shed": "toolshed.g2.bx.psu.edu"
            },
            "tool_state": "{\"cond\": \"(c6=='T')*'A'+(c6=='G')*'C'+(c6!='T')*(c6!='G')*c6\", \"input\": null, \"round\": \"no\", \"__page__\": null, \"__rerun_remap_job_id__\": null}",
            "tool_version": "1.1.0",
            "type": "tool",
            "uuid": "None",
            "when": null,
            "workflow_outputs": []
        },
        "11": {
            "annotation": "",
            "content_id": "Add_a_column1",
            "errors": null,
            "id": 11,
            "input_connections": {
                "input": {
                    "id": 10,
                    "output_name": "out_file1"
                }
            },
            "inputs": [],
            "label": null,
            "name": "Compute",
            "outputs": [
                {
                    "name": "out_file1",
                    "type": "input"
                }
            ],
            "position": {
                "left": 282.46665954589844,
                "top": 720.7166748046875
            },
            "post_job_actions": {},
            "tool_id": "Add_a_column1",
            "tool_shed_repository": {
                "changeset_revision": "6595517c2dd8",
                "name": "column_maker",
                "owner": "devteam",
                "tool_shed": "toolshed.g2.bx.psu.edu"
            },
            "tool_state": "{\"cond\": \"(c9=='T')*'A'+(c9=='G')*'C'+(c9!='T')*(c9!='G')*c9\", \"input\": null, \"round\": \"no\", \"__page__\": null, \"__rerun_remap_job_id__\": null}",
            "tool_version": "1.1.0",
            "type": "tool",
            "uuid": "None",
            "when": null,
            "workflow_outputs": []
        },
        "12": {
            "annotation": "",
            "content_id": "Add_a_column1",
            "errors": null,
            "id": 12,
            "input_connections": {
                "input": {
                    "id": 11,
                    "output_name": "out_file1"
                }
            },
            "inputs": [],
            "label": null,
            "name": "Compute",
            "outputs": [
                {
                    "name": "out_file1",
                    "type": "input"
                }
            ],
            "position": {
                "left": 475.4666748046875,
                "top": 716.2000122070312
            },
            "post_job_actions": {},
            "tool_id": "Add_a_column1",
            "tool_shed_repository": {
                "changeset_revision": "6595517c2dd8",
                "name": "column_maker",
                "owner": "devteam",
                "tool_shed": "toolshed.g2.bx.psu.edu"
            },
            "tool_state": "{\"cond\": \"(c10=='T')*'A'+(c10=='G')*'C'+(c10!='T')*(c10!='G')*c10\", \"input\": null, \"round\": \"no\", \"__page__\": null, \"__rerun_remap_job_id__\": null}",
            "tool_version": "1.1.0",
            "type": "tool",
            "uuid": "None",
            "when": null,
            "workflow_outputs": []
        },
        "13": {
            "annotation": "",
            "content_id": "Add_a_column1",
            "errors": null,
            "id": 13,
            "input_connections": {
                "input": {
                    "id": 12,
                    "output_name": "out_file1"
                }
            },
            "inputs": [],
            "label": null,
            "name": "Compute",
            "outputs": [
                {
                    "name": "out_file1",
                    "type": "input"
                }
            ],
            "position": {
                "left": 296.46665954589844,
                "top": 817.0833435058594
            },
            "post_job_actions": {},
            "tool_id": "Add_a_column1",
            "tool_shed_repository": {
                "changeset_revision": "6595517c2dd8",
                "name": "column_maker",
                "owner": "devteam",
                "tool_shed": "toolshed.g2.bx.psu.edu"
            },
            "tool_state": "{\"cond\": \"(c13!=c14)*1+(c13==c14)*(c13==c11)*(c7==1)*2+(c13==c14)*(c13==c12)*(c7==2)*2+(c7<0)*(c9==c10)*-1\", \"input\": null, \"round\": \"no\", \"__page__\": null, \"__rerun_remap_job_id__\": null}",
            "tool_version": "1.1.0",
            "type": "tool",
            "uuid": "None",
            "when": null,
            "workflow_outputs": []
        },
        "14": {
            "annotation": "",
            "content_id": "Filter1",
            "errors": null,
            "id": 14,
            "input_connections": {
                "input": {
                    "id": 13,
                    "output_name": "out_file1"
                }
            },
            "inputs": [],
            "label": null,
            "name": "Filter",
            "outputs": [
                {
                    "name": "out_file1",
                    "type": "input"
                }
            ],
            "position": {
                "left": 487.683349609375,
                "top": 831.3333435058594
            },
            "post_job_actions": {},
            "tool_id": "Filter1",
            "tool_state": "{\"cond\": \"c15>-1\", \"input\": null, \"__page__\": null, \"__rerun_remap_job_id__\": null}",
            "tool_version": "1.0.1",
            "type": "tool",
            "uuid": "None",
            "when": null,
            "workflow_outputs": []
        },
        "15": {
            "annotation": "",
            "content_id": "Cut1",
            "errors": null,
            "id": 15,
            "input_connections": {
                "input": {
                    "id": 14,
                    "output_name": "out_file1"
                }
            },
            "inputs": [],
            "label": null,
            "name": "Cut",
            "outputs": [
                {
                    "name": "out_file1",
                    "type": "tabular"
                }
            ],
            "position": {
                "left": 298.68333435058594,
                "top": 911.3333435058594
            },
            "post_job_actions": {},
            "tool_id": "Cut1",
            "tool_state": "{\"columnList\": \"c4,c15\", \"delimiter\": \"T\", \"input\": null, \"__page__\": null, \"__rerun_remap_job_id__\": null}",
            "tool_version": "1.0.1",
            "type": "tool",
            "uuid": "None",
            "when": null,
            "workflow_outputs": []
        }
    },
    "tags": [],
    "version": 10
}