{
    "a_galaxy_workflow": "true",
    "annotation": "",
    "creator": [
        {
            "class": "Person",
            "identifier": "https://orcid.org/0000-0002-1964-4960",
            "name": "Lucille Delisle"
        }
    ],
    "format-version": "0.1",
    "license": "MIT",
    "name": "Hi-C_juicermediumtabixToCool_c (release v0.2.1)",
    "steps": {
        "0": {
            "annotation": "",
            "content_id": null,
            "errors": null,
            "id": 0,
            "input_connections": {},
            "inputs": [
                {
                    "description": "",
                    "name": "Bin size in bp"
                }
            ],
            "label": "Bin size in bp",
            "name": "Input parameter",
            "outputs": [],
            "position": {
                "left": 0,
                "top": 33.5
            },
            "tool_id": null,
            "tool_state": "{\"parameter_type\": \"integer\", \"optional\": false}",
            "tool_version": null,
            "type": "parameter_input",
            "uuid": "f3b35ebe-392d-4108-8823-6089bf069bcf",
            "when": null,
            "workflow_outputs": []
        },
        "1": {
            "annotation": "",
            "content_id": null,
            "errors": null,
            "id": 1,
            "input_connections": {},
            "inputs": [
                {
                    "description": "",
                    "name": "genome name"
                }
            ],
            "label": "genome name",
            "name": "Input parameter",
            "outputs": [],
            "position": {
                "left": 46,
                "top": 123.5
            },
            "tool_id": null,
            "tool_state": "{\"restrictOnConnections\": true, \"parameter_type\": \"text\", \"optional\": false}",
            "tool_version": null,
            "type": "parameter_input",
            "uuid": "3a73783d-8283-4ca4-9d51-05168def2e44",
            "when": null,
            "workflow_outputs": []
        },
        "2": {
            "annotation": "",
            "content_id": null,
            "errors": null,
            "id": 2,
            "input_connections": {},
            "inputs": [
                {
                    "description": "",
                    "name": "Juicer Medium Tabix with validPairs"
                }
            ],
            "label": "Juicer Medium Tabix with validPairs",
            "name": "Input dataset collection",
            "outputs": [],
            "position": {
                "left": 129.25,
                "top": 208.25
            },
            "tool_id": null,
            "tool_state": "{\"optional\": false, \"tag\": \"\", \"collection_type\": \"list\"}",
            "tool_version": null,
            "type": "data_collection_input",
            "uuid": "e0cb3317-8376-4e4e-89ff-e1597101dbc7",
            "when": null,
            "workflow_outputs": []
        },
        "3": {
            "annotation": "",
            "content_id": null,
            "errors": null,
            "id": 3,
            "input_connections": {},
            "inputs": [
                {
                    "description": "",
                    "name": "Interactions to consider to calculate weights in normalization step"
                }
            ],
            "label": "Interactions to consider to calculate weights in normalization step",
            "name": "Input parameter",
            "outputs": [],
            "position": {
                "left": 221,
                "top": 309.75
            },
            "tool_id": null,
            "tool_state": "{\"restrictOnConnections\": true, \"parameter_type\": \"text\", \"optional\": false}",
            "tool_version": null,
            "type": "parameter_input",
            "uuid": "02971f1c-5ad5-4049-a71c-50f93b43f840",
            "when": null,
            "workflow_outputs": []
        },
        "4": {
            "annotation": "",
            "content_id": "toolshed.g2.bx.psu.edu/repos/lldelisle/cooler_makebins/cooler_makebins/0.8.11+galaxy0",
            "errors": null,
            "id": 4,
            "input_connections": {
                "binsize": {
                    "id": 0,
                    "output_name": "output"
                },
                "size_source|fasta_cached": {
                    "id": 1,
                    "output_name": "output"
                }
            },
            "inputs": [],
            "label": "make bed with bins",
            "name": "cooler_makebins",
            "outputs": [
                {
                    "name": "output",
                    "type": "bed"
                }
            ],
            "position": {
                "left": 489.25,
                "top": 0
            },
            "post_job_actions": {
                "HideDatasetActionoutput": {
                    "action_arguments": {},
                    "action_type": "HideDatasetAction",
                    "output_name": "output"
                }
            },
            "tool_id": "toolshed.g2.bx.psu.edu/repos/lldelisle/cooler_makebins/cooler_makebins/0.8.11+galaxy0",
            "tool_shed_repository": {
                "changeset_revision": "c3dc51297bf8",
                "name": "cooler_makebins",
                "owner": "lldelisle",
                "tool_shed": "toolshed.g2.bx.psu.edu"
            },
            "tool_state": "{\"binsize\": {\"__class__\": \"ConnectedValue\"}, \"size_source\": {\"size_source_selector\": \"cached\", \"__current_case__\": 0, \"fasta_cached\": {\"__class__\": \"ConnectedValue\"}}, \"__page__\": null, \"__rerun_remap_job_id__\": null}",
            "tool_version": null,
            "type": "tool",
            "uuid": "2d39992a-cec2-46bf-a952-888a2cce6596",
            "when": null,
            "workflow_outputs": []
        },
        "5": {
            "annotation": "",
            "content_id": "toolshed.g2.bx.psu.edu/repos/lldelisle/cooler_cload_tabix/cooler_cload_tabix/0.8.11+galaxy1",
            "errors": null,
            "id": 5,
            "input_connections": {
                "assembly": {
                    "id": 1,
                    "output_name": "output"
                },
                "format_sel|input_pairs": {
                    "id": 2,
                    "output_name": "output"
                },
                "input_bed": {
                    "id": 4,
                    "output_name": "output"
                }
            },
            "inputs": [],
            "label": "Load pairs in matrix",
            "name": "cooler_cload_tabix",
            "outputs": [
                {
                    "name": "output",
                    "type": "cool"
                }
            ],
            "position": {
                "left": 762.25,
                "top": 58
            },
            "post_job_actions": {
                "RenameDatasetActionoutput": {
                    "action_arguments": {
                        "newname": "matrix with raw values"
                    },
                    "action_type": "RenameDatasetAction",
                    "output_name": "output"
                }
            },
            "tool_id": "toolshed.g2.bx.psu.edu/repos/lldelisle/cooler_cload_tabix/cooler_cload_tabix/0.8.11+galaxy1",
            "tool_shed_repository": {
                "changeset_revision": "3ff6eeca667e",
                "name": "cooler_cload_tabix",
                "owner": "lldelisle",
                "tool_shed": "toolshed.g2.bx.psu.edu"
            },
            "tool_state": "{\"assembly\": {\"__class__\": \"ConnectedValue\"}, \"format_sel\": {\"format\": \"juicer_medium\", \"__current_case__\": 0, \"input_pairs\": {\"__class__\": \"ConnectedValue\"}}, \"input_bed\": {\"__class__\": \"ConnectedValue\"}, \"__page__\": null, \"__rerun_remap_job_id__\": null}",
            "tool_version": null,
            "type": "tool",
            "uuid": "5a2def12-b428-4fe7-ba0f-a5dd3f85a510",
            "when": null,
            "workflow_outputs": [
                {
                    "label": "matrix with raw values",
                    "output_name": "output",
                    "uuid": "cbb85600-d167-45af-b9ba-c8059c7924a8"
                }
            ]
        },
        "6": {
            "annotation": "",
            "content_id": "toolshed.g2.bx.psu.edu/repos/lldelisle/cooler_balance/cooler_balance/0.8.11+galaxy0",
            "errors": null,
            "id": 6,
            "input_connections": {
                "cistrans": {
                    "id": 3,
                    "output_name": "output"
                },
                "input": {
                    "id": 5,
                    "output_name": "output"
                }
            },
            "inputs": [
                {
                    "description": "runtime parameter for tool cooler_balance",
                    "name": "blacklist"
                }
            ],
            "label": "ICE normalization",
            "name": "cooler_balance",
            "outputs": [
                {
                    "name": "output",
                    "type": "cool"
                }
            ],
            "position": {
                "left": 991.25,
                "top": 254.5
            },
            "post_job_actions": {
                "RenameDatasetActionoutput": {
                    "action_arguments": {
                        "newname": "matrix with iced values"
                    },
                    "action_type": "RenameDatasetAction",
                    "output_name": "output"
                }
            },
            "tool_id": "toolshed.g2.bx.psu.edu/repos/lldelisle/cooler_balance/cooler_balance/0.8.11+galaxy0",
            "tool_shed_repository": {
                "changeset_revision": "8f71aaf6e59d",
                "name": "cooler_balance",
                "owner": "lldelisle",
                "tool_shed": "toolshed.g2.bx.psu.edu"
            },
            "tool_state": "{\"blacklist\": {\"__class__\": \"RuntimeValue\"}, \"cistrans\": {\"__class__\": \"ConnectedValue\"}, \"convergencepolicy\": \"error\", \"ignorediags\": \"2\", \"ignoredist\": \"0\", \"input\": {\"__class__\": \"ConnectedValue\"}, \"madmax\": \"5\", \"maxiters\": \"200\", \"mincount\": \"0\", \"minnnz\": \"10\", \"name\": \"weight\", \"tol\": \"1e-05\", \"__page__\": null, \"__rerun_remap_job_id__\": null}",
            "tool_version": null,
            "type": "tool",
            "uuid": "19410e6c-d1b1-4c22-957d-d974b04ffc10",
            "when": null,
            "workflow_outputs": [
                {
                    "label": "matrix with iced values",
                    "output_name": "output",
                    "uuid": "6af618e4-3ccf-4531-bc26-6ef1ccb1d75a"
                }
            ]
        }
    },
    "tags": [
        "Hi-C"
    ],
    "uuid": "db55dde0-decf-4d40-93da-139b88981c14",
    "version": 1
}