{
    "a_galaxy_workflow": "true",
    "annotation": "",
    "format-version": "0.1",
    "name": "Sort BAM",
    "steps": {
        "0": {
            "annotation": "",
            "content_id": null,
            "errors": null,
            "id": 0,
            "input_connections": {},
            "inputs": [
                {
                    "description": "",
                    "name": "Input BAM file"
                }
            ],
            "label": null,
            "name": "Input dataset",
            "outputs": [],
            "position": {
                "left": 200,
                "top": 200
            },
            "tool_id": null,
            "tool_state": "{\"optional\": false, \"tag\": null}",
            "tool_version": null,
            "type": "data_input",
            "uuid": "None",
            "when": null,
            "workflow_outputs": []
        },
        "1": {
            "annotation": "",
            "content_id": "bam_to_sam",
            "errors": null,
            "id": 1,
            "input_connections": {
                "input1": {
                    "id": 0,
                    "output_name": "output"
                }
            },
            "inputs": [],
            "label": null,
            "name": "BAM-to-SAM",
            "outputs": [
                {
                    "name": "output1",
                    "type": "sam"
                }
            ],
            "position": {
                "left": 425,
                "top": 201
            },
            "post_job_actions": {
                "HideDatasetActionoutput1": {
                    "action_arguments": {},
                    "action_type": "HideDatasetAction",
                    "output_name": "output1"
                }
            },
            "tool_id": "bam_to_sam",
            "tool_shed_repository": {
                "changeset_revision": "10184eaa85fc",
                "name": "bam_to_sam",
                "owner": "devteam",
                "tool_shed": "toolshed.g2.bx.psu.edu"
            },
            "tool_state": "{\"chromInfo\": \"/galaxy/home/g2main/galaxy_main/tool-data/shared/ucsc/chrom/rn4.len\", \"header\": \"False\", \"input1\": null, \"__page__\": null, \"__rerun_remap_job_id__\": null}",
            "tool_version": "1.0.3",
            "type": "tool",
            "uuid": "None",
            "when": null,
            "workflow_outputs": []
        },
        "2": {
            "annotation": "",
            "content_id": "sort1",
            "errors": null,
            "id": 2,
            "input_connections": {
                "input": {
                    "id": 1,
                    "output_name": "output1"
                }
            },
            "inputs": [],
            "label": null,
            "name": "Sort",
            "outputs": [
                {
                    "name": "out_file1",
                    "type": "input"
                }
            ],
            "position": {
                "left": 640,
                "top": 200
            },
            "post_job_actions": {
                "HideDatasetActionout_file1": {
                    "action_arguments": {},
                    "action_type": "HideDatasetAction",
                    "output_name": "out_file1"
                }
            },
            "tool_id": "sort1",
            "tool_state": "{\"chromInfo\": \"/galaxy/home/g2main/galaxy_main/tool-data/shared/ucsc/chrom/rn4.len\", \"column\": \"3\", \"column_set\": [{\"__index__\": 0, \"other_column\": \"4\", \"other_style\": \"num\", \"other_order\": \"DESC\"}], \"input\": null, \"order\": \"DESC\", \"style\": \"num\", \"__page__\": null, \"__rerun_remap_job_id__\": null}",
            "tool_version": "1.0.2",
            "type": "tool",
            "uuid": "None",
            "when": null,
            "workflow_outputs": []
        },
        "3": {
            "annotation": "",
            "content_id": "sam_to_bam",
            "errors": null,
            "id": 3,
            "input_connections": {
                "source|input1": {
                    "id": 2,
                    "output_name": "out_file1"
                }
            },
            "inputs": [],
            "label": null,
            "name": "SAM-to-BAM",
            "outputs": [
                {
                    "name": "output1",
                    "type": "bam"
                }
            ],
            "position": {
                "left": 860,
                "top": 200
            },
            "post_job_actions": {},
            "tool_id": "sam_to_bam",
            "tool_shed_repository": {
                "changeset_revision": "9bd1568619cd",
                "name": "sam_to_bam",
                "owner": "devteam",
                "tool_shed": "toolshed.g2.bx.psu.edu"
            },
            "tool_state": "{\"chromInfo\": \"/galaxy/home/g2main/galaxy_main/tool-data/shared/ucsc/chrom/rn4.len\", \"source\": {\"index_source\": \"cached\", \"input1\": null, \"__current_case__\": 0}, \"__page__\": null, \"__rerun_remap_job_id__\": null}",
            "tool_version": "1.1.2",
            "type": "tool",
            "uuid": "None",
            "when": null,
            "workflow_outputs": [
                {
                    "label": null,
                    "output_name": "output1",
                    "uuid": null
                }
            ]
        }
    },
    "tags": [
        "BAM"
    ],
    "version": 1
}