{
    "a_galaxy_workflow": "true",
    "annotation": "",
    "format-version": "0.1",
    "name": "Workflow constructed from history 'Stage2 Analyze data of polymorphic sites based on VCF file Protocol'",
    "steps": {
        "0": {
            "annotation": "",
            "content_id": null,
            "errors": null,
            "id": 0,
            "input_connections": {},
            "inputs": [
                {
                    "description": "",
                    "name": "Galaxy37-[VCFfilter__on_data_36].vcf"
                }
            ],
            "label": "Galaxy37-[VCFfilter__on_data_36].vcf",
            "name": "Input dataset",
            "outputs": [],
            "position": {
                "left": 10,
                "top": 10
            },
            "tool_id": null,
            "tool_state": "{\"optional\": false, \"tag\": null}",
            "tool_version": null,
            "type": "data_input",
            "uuid": "440380ec-7fab-4d57-aaaf-86665125da55",
            "when": null,
            "workflow_outputs": []
        },
        "1": {
            "annotation": "",
            "content_id": "toolshed.g2.bx.psu.edu/repos/devteam/vcffilter/vcffilter2/1.0.0_rc3+galaxy3",
            "errors": null,
            "id": 1,
            "input_connections": {
                "input1": {
                    "id": 0,
                    "output_name": "output"
                }
            },
            "inputs": [],
            "label": null,
            "name": "VCFfilter:",
            "outputs": [
                {
                    "name": "out_file1",
                    "type": "vcf"
                }
            ],
            "position": {
                "left": 230,
                "top": 10
            },
            "post_job_actions": {},
            "tool_id": "toolshed.g2.bx.psu.edu/repos/devteam/vcffilter/vcffilter2/1.0.0_rc3+galaxy3",
            "tool_shed_repository": {
                "changeset_revision": "fa24bf0598f4",
                "name": "vcffilter",
                "owner": "devteam",
                "tool_shed": "toolshed.g2.bx.psu.edu"
            },
            "tool_state": "{\"__input_ext\": \"vcf\", \"allele_tag\": false, \"append_filter\": false, \"chromInfo\": \"/cvmfs/data.galaxyproject.org/managed/len/ucsc/hg19.len\", \"filter_repeat\": [{\"__index__\": 0, \"filter_type\": \"-f\", \"filter_value\": \"QA > 40\"}], \"filter_sites\": false, \"input1\": null, \"invert\": false, \"or\": false, \"region\": \"\", \"tag_fail\": false, \"tag_pass\": false, \"__page__\": null, \"__rerun_remap_job_id__\": null}",
            "tool_version": "1.0.0_rc3+galaxy3",
            "type": "tool",
            "uuid": "405edec4-427e-4e48-9e78-03dc43f2756d",
            "when": null,
            "workflow_outputs": []
        },
        "2": {
            "annotation": "",
            "content_id": "toolshed.g2.bx.psu.edu/repos/devteam/vcffilter/vcffilter2/1.0.0_rc3+galaxy3",
            "errors": null,
            "id": 2,
            "input_connections": {
                "input1": {
                    "id": 1,
                    "output_name": "out_file1"
                }
            },
            "inputs": [],
            "label": null,
            "name": "VCFfilter:",
            "outputs": [
                {
                    "name": "out_file1",
                    "type": "vcf"
                }
            ],
            "position": {
                "left": 450,
                "top": 10
            },
            "post_job_actions": {},
            "tool_id": "toolshed.g2.bx.psu.edu/repos/devteam/vcffilter/vcffilter2/1.0.0_rc3+galaxy3",
            "tool_shed_repository": {
                "changeset_revision": "fa24bf0598f4",
                "name": "vcffilter",
                "owner": "devteam",
                "tool_shed": "toolshed.g2.bx.psu.edu"
            },
            "tool_state": "{\"__input_ext\": \"vcf\", \"allele_tag\": false, \"append_filter\": false, \"chromInfo\": \"/cvmfs/data.galaxyproject.org/managed/len/ucsc/hg19.len\", \"filter_repeat\": [{\"__index__\": 0, \"filter_type\": \"-f\", \"filter_value\": \"DP > 10\"}], \"filter_sites\": false, \"input1\": null, \"invert\": false, \"or\": false, \"region\": \"\", \"tag_fail\": false, \"tag_pass\": false, \"__page__\": null, \"__rerun_remap_job_id__\": null}",
            "tool_version": "1.0.0_rc3+galaxy3",
            "type": "tool",
            "uuid": "8e05a3c7-bd3e-407c-bae9-29fe20209dd0",
            "when": null,
            "workflow_outputs": []
        },
        "3": {
            "annotation": "",
            "content_id": "toolshed.g2.bx.psu.edu/repos/devteam/vcffilter/vcffilter2/1.0.0_rc3+galaxy3",
            "errors": null,
            "id": 3,
            "input_connections": {
                "input1": {
                    "id": 2,
                    "output_name": "out_file1"
                }
            },
            "inputs": [],
            "label": null,
            "name": "VCFfilter:",
            "outputs": [
                {
                    "name": "out_file1",
                    "type": "vcf"
                }
            ],
            "position": {
                "left": 670,
                "top": 10
            },
            "post_job_actions": {},
            "tool_id": "toolshed.g2.bx.psu.edu/repos/devteam/vcffilter/vcffilter2/1.0.0_rc3+galaxy3",
            "tool_shed_repository": {
                "changeset_revision": "fa24bf0598f4",
                "name": "vcffilter",
                "owner": "devteam",
                "tool_shed": "toolshed.g2.bx.psu.edu"
            },
            "tool_state": "{\"__input_ext\": \"vcf\", \"allele_tag\": false, \"append_filter\": false, \"chromInfo\": \"/cvmfs/data.galaxyproject.org/managed/len/ucsc/hg19.len\", \"filter_repeat\": [{\"__index__\": 0, \"filter_type\": \"-f\", \"filter_value\": \"\\\"TYPE = snp\\\"\"}], \"filter_sites\": false, \"input1\": null, \"invert\": false, \"or\": false, \"region\": \"\", \"tag_fail\": false, \"tag_pass\": false, \"__page__\": null, \"__rerun_remap_job_id__\": null}",
            "tool_version": "1.0.0_rc3+galaxy3",
            "type": "tool",
            "uuid": "7e57d316-ae58-4dd3-ad86-972d54b00f65",
            "when": null,
            "workflow_outputs": []
        },
        "4": {
            "annotation": "",
            "content_id": "toolshed.g2.bx.psu.edu/repos/devteam/vcffilter/vcffilter2/1.0.0_rc3+galaxy3",
            "errors": null,
            "id": 4,
            "input_connections": {
                "input1": {
                    "id": 2,
                    "output_name": "out_file1"
                }
            },
            "inputs": [],
            "label": null,
            "name": "VCFfilter:",
            "outputs": [
                {
                    "name": "out_file1",
                    "type": "vcf"
                }
            ],
            "position": {
                "left": 670,
                "top": 130
            },
            "post_job_actions": {},
            "tool_id": "toolshed.g2.bx.psu.edu/repos/devteam/vcffilter/vcffilter2/1.0.0_rc3+galaxy3",
            "tool_shed_repository": {
                "changeset_revision": "fa24bf0598f4",
                "name": "vcffilter",
                "owner": "devteam",
                "tool_shed": "toolshed.g2.bx.psu.edu"
            },
            "tool_state": "{\"__input_ext\": \"vcf\", \"allele_tag\": false, \"append_filter\": false, \"chromInfo\": \"/cvmfs/data.galaxyproject.org/managed/len/ucsc/hg19.len\", \"filter_repeat\": [{\"__index__\": 0, \"filter_type\": \"-f\", \"filter_value\": \"\\\"TYPE = mnp\\\"\"}], \"filter_sites\": false, \"input1\": null, \"invert\": false, \"or\": false, \"region\": \"\", \"tag_fail\": false, \"tag_pass\": false, \"__page__\": null, \"__rerun_remap_job_id__\": null}",
            "tool_version": "1.0.0_rc3+galaxy3",
            "type": "tool",
            "uuid": "0cf94f73-9387-486d-8d32-44e6abfb6594",
            "when": null,
            "workflow_outputs": []
        },
        "5": {
            "annotation": "",
            "content_id": "toolshed.g2.bx.psu.edu/repos/devteam/vcffilter/vcffilter2/1.0.0_rc3+galaxy3",
            "errors": null,
            "id": 5,
            "input_connections": {
                "input1": {
                    "id": 2,
                    "output_name": "out_file1"
                }
            },
            "inputs": [],
            "label": null,
            "name": "VCFfilter:",
            "outputs": [
                {
                    "name": "out_file1",
                    "type": "vcf"
                }
            ],
            "position": {
                "left": 670,
                "top": 250
            },
            "post_job_actions": {},
            "tool_id": "toolshed.g2.bx.psu.edu/repos/devteam/vcffilter/vcffilter2/1.0.0_rc3+galaxy3",
            "tool_shed_repository": {
                "changeset_revision": "fa24bf0598f4",
                "name": "vcffilter",
                "owner": "devteam",
                "tool_shed": "toolshed.g2.bx.psu.edu"
            },
            "tool_state": "{\"__input_ext\": \"vcf\", \"allele_tag\": false, \"append_filter\": false, \"chromInfo\": \"/cvmfs/data.galaxyproject.org/managed/len/ucsc/hg19.len\", \"filter_repeat\": [{\"__index__\": 0, \"filter_type\": \"-f\", \"filter_value\": \"\\\"TYPE = del\\\"\"}], \"filter_sites\": false, \"input1\": null, \"invert\": false, \"or\": false, \"region\": \"\", \"tag_fail\": false, \"tag_pass\": false, \"__page__\": null, \"__rerun_remap_job_id__\": null}",
            "tool_version": "1.0.0_rc3+galaxy3",
            "type": "tool",
            "uuid": "4213ced1-77fa-49b2-bc09-37f604e20fbd",
            "when": null,
            "workflow_outputs": []
        },
        "6": {
            "annotation": "",
            "content_id": "toolshed.g2.bx.psu.edu/repos/devteam/vcffilter/vcffilter2/1.0.0_rc3+galaxy3",
            "errors": null,
            "id": 6,
            "input_connections": {
                "input1": {
                    "id": 2,
                    "output_name": "out_file1"
                }
            },
            "inputs": [],
            "label": null,
            "name": "VCFfilter:",
            "outputs": [
                {
                    "name": "out_file1",
                    "type": "vcf"
                }
            ],
            "position": {
                "left": 670,
                "top": 370
            },
            "post_job_actions": {},
            "tool_id": "toolshed.g2.bx.psu.edu/repos/devteam/vcffilter/vcffilter2/1.0.0_rc3+galaxy3",
            "tool_shed_repository": {
                "changeset_revision": "fa24bf0598f4",
                "name": "vcffilter",
                "owner": "devteam",
                "tool_shed": "toolshed.g2.bx.psu.edu"
            },
            "tool_state": "{\"__input_ext\": \"vcf\", \"allele_tag\": false, \"append_filter\": false, \"chromInfo\": \"/cvmfs/data.galaxyproject.org/managed/len/ucsc/hg19.len\", \"filter_repeat\": [{\"__index__\": 0, \"filter_type\": \"-f\", \"filter_value\": \"\\\"TYPE = ins\\\"\"}], \"filter_sites\": false, \"input1\": null, \"invert\": false, \"or\": false, \"region\": \"\", \"tag_fail\": false, \"tag_pass\": false, \"__page__\": null, \"__rerun_remap_job_id__\": null}",
            "tool_version": "1.0.0_rc3+galaxy3",
            "type": "tool",
            "uuid": "e93f30d7-3947-4f68-b243-1f82bcb4623d",
            "when": null,
            "workflow_outputs": []
        },
        "7": {
            "annotation": "",
            "content_id": "toolshed.g2.bx.psu.edu/repos/devteam/vcffilter/vcffilter2/1.0.0_rc3+galaxy3",
            "errors": null,
            "id": 7,
            "input_connections": {
                "input1": {
                    "id": 2,
                    "output_name": "out_file1"
                }
            },
            "inputs": [],
            "label": null,
            "name": "VCFfilter:",
            "outputs": [
                {
                    "name": "out_file1",
                    "type": "vcf"
                }
            ],
            "position": {
                "left": 670,
                "top": 490
            },
            "post_job_actions": {},
            "tool_id": "toolshed.g2.bx.psu.edu/repos/devteam/vcffilter/vcffilter2/1.0.0_rc3+galaxy3",
            "tool_shed_repository": {
                "changeset_revision": "fa24bf0598f4",
                "name": "vcffilter",
                "owner": "devteam",
                "tool_shed": "toolshed.g2.bx.psu.edu"
            },
            "tool_state": "{\"__input_ext\": \"vcf\", \"allele_tag\": false, \"append_filter\": false, \"chromInfo\": \"/cvmfs/data.galaxyproject.org/managed/len/ucsc/hg19.len\", \"filter_repeat\": [{\"__index__\": 0, \"filter_type\": \"-f\", \"filter_value\": \"\\\"TYPE = ins\\\"\"}, {\"__index__\": 1, \"filter_type\": \"-f\", \"filter_value\": \"\\\"TYPE = del\\\"\"}], \"filter_sites\": false, \"input1\": null, \"invert\": false, \"or\": true, \"region\": \"\", \"tag_fail\": false, \"tag_pass\": false, \"__page__\": null, \"__rerun_remap_job_id__\": null}",
            "tool_version": "1.0.0_rc3+galaxy3",
            "type": "tool",
            "uuid": "ac436892-f1cd-4fe5-a9bf-50cf8884a54b",
            "when": null,
            "workflow_outputs": []
        },
        "8": {
            "annotation": "",
            "content_id": "toolshed.g2.bx.psu.edu/repos/devteam/vcffilter/vcffilter2/1.0.0_rc3+galaxy3",
            "errors": null,
            "id": 8,
            "input_connections": {
                "input1": {
                    "id": 2,
                    "output_name": "out_file1"
                }
            },
            "inputs": [],
            "label": null,
            "name": "VCFfilter:",
            "outputs": [
                {
                    "name": "out_file1",
                    "type": "vcf"
                }
            ],
            "position": {
                "left": 670,
                "top": 610
            },
            "post_job_actions": {},
            "tool_id": "toolshed.g2.bx.psu.edu/repos/devteam/vcffilter/vcffilter2/1.0.0_rc3+galaxy3",
            "tool_shed_repository": {
                "changeset_revision": "fa24bf0598f4",
                "name": "vcffilter",
                "owner": "devteam",
                "tool_shed": "toolshed.g2.bx.psu.edu"
            },
            "tool_state": "{\"__input_ext\": \"vcf\", \"allele_tag\": false, \"append_filter\": false, \"chromInfo\": \"/cvmfs/data.galaxyproject.org/managed/len/ucsc/hg19.len\", \"filter_repeat\": [{\"__index__\": 0, \"filter_type\": \"-f\", \"filter_value\": \"\\\"TYPE = complex\\\"\"}], \"filter_sites\": false, \"input1\": null, \"invert\": false, \"or\": false, \"region\": \"\", \"tag_fail\": false, \"tag_pass\": false, \"__page__\": null, \"__rerun_remap_job_id__\": null}",
            "tool_version": "1.0.0_rc3+galaxy3",
            "type": "tool",
            "uuid": "0ce62dca-5ff0-46b2-b1a9-dabdbebc891c",
            "when": null,
            "workflow_outputs": []
        },
        "9": {
            "annotation": "",
            "content_id": "toolshed.g2.bx.psu.edu/repos/devteam/table_annovar/table_annovar/0.2",
            "errors": null,
            "id": 9,
            "input_connections": {
                "input": {
                    "id": 2,
                    "output_name": "out_file1"
                }
            },
            "inputs": [],
            "label": null,
            "name": "ANNOVAR Annotate VCF",
            "outputs": [
                {
                    "name": "output",
                    "type": "tabular"
                }
            ],
            "position": {
                "left": 670,
                "top": 730
            },
            "post_job_actions": {},
            "tool_id": "toolshed.g2.bx.psu.edu/repos/devteam/table_annovar/table_annovar/0.2",
            "tool_shed_repository": {
                "changeset_revision": "d4e292ddda05",
                "name": "table_annovar",
                "owner": "devteam",
                "tool_shed": "toolshed.g2.bx.psu.edu"
            },
            "tool_state": "{\"__input_ext\": \"vcf\", \"chromInfo\": \"/cvmfs/data.galaxyproject.org/managed/len/ucsc/hg19.len\", \"filters\": [\"1000g2012apr_all\", \"avsift\", \"snp137NonFlagged\", \"esp6500si_all\", \"snp137\", \"cosmic67\"], \"gene_anns\": [\"refGene\", \"gencodeV19\"], \"input\": null, \"out_format\": \"tabular\", \"regions\": [\"genomicSuperDups\", \"phastConsElements46way\"], \"__page__\": null, \"__rerun_remap_job_id__\": null}",
            "tool_version": "0.2",
            "type": "tool",
            "uuid": "915dc973-4095-4515-8dba-39cb2eec4f2c",
            "when": null,
            "workflow_outputs": []
        },
        "10": {
            "annotation": "",
            "content_id": "toolshed.g2.bx.psu.edu/repos/iuc/bcftools_stats/bcftools_stats/1.10",
            "errors": null,
            "id": 10,
            "input_connections": {
                "input_file": {
                    "id": 2,
                    "output_name": "out_file1"
                }
            },
            "inputs": [],
            "label": null,
            "name": "bcftools stats",
            "outputs": [
                {
                    "name": "output_file",
                    "type": "txt"
                }
            ],
            "position": {
                "left": 670,
                "top": 850
            },
            "post_job_actions": {},
            "tool_id": "toolshed.g2.bx.psu.edu/repos/iuc/bcftools_stats/bcftools_stats/1.10",
            "tool_shed_repository": {
                "changeset_revision": "b17394940c7a",
                "name": "bcftools_stats",
                "owner": "iuc",
                "tool_shed": "toolshed.g2.bx.psu.edu"
            },
            "tool_state": "{\"__input_ext\": \"input\", \"chromInfo\": \"/cvmfs/data.galaxyproject.org/managed/len/ucsc/hg19.len\", \"inputB_file\": null, \"input_file\": null, \"plot_title\": \"\", \"sec_default\": {\"first_allele_only\": false, \"depth\": {\"set_depth\": \"no\", \"__current_case__\": 0}, \"reference_source\": {\"reference_source_selector\": \"cached\", \"__current_case__\": 1, \"fasta_ref\": \"hg19\"}, \"exons_file\": null, \"split_by_ID\": false, \"user_tstv\": \"\", \"afbins\": {\"afbins_select\": \"default\", \"__current_case__\": 0}, \"af_tag\": \"\", \"verbose\": true}, \"sec_restrict\": {\"samples\": \"\", \"invert_samples\": false, \"samples_file\": null, \"invert_samples_file\": false, \"apply_filters\": \"\", \"collapse\": null, \"regions\": {\"regions_src\": \"__none__\", \"__current_case__\": 0}, \"targets\": {\"targets_src\": \"__none__\", \"__current_case__\": 0}, \"include\": \"\", \"exclude\": \"\"}, \"__page__\": null, \"__rerun_remap_job_id__\": null}",
            "tool_version": "1.10",
            "type": "tool",
            "uuid": "9dba2a90-27f9-4191-8ade-ace4d4740ac1",
            "when": null,
            "workflow_outputs": []
        },
        "11": {
            "annotation": "",
            "content_id": "toolshed.g2.bx.psu.edu/repos/iuc/bcftools_plugin_counts/bcftools_plugin_counts/1.10+galaxy1",
            "errors": null,
            "id": 11,
            "input_connections": {
                "input_file": {
                    "id": 2,
                    "output_name": "out_file1"
                }
            },
            "inputs": [],
            "label": null,
            "name": "bcftools counts",
            "outputs": [
                {
                    "name": "output_file",
                    "type": "tabular"
                }
            ],
            "position": {
                "left": 670,
                "top": 970
            },
            "post_job_actions": {},
            "tool_id": "toolshed.g2.bx.psu.edu/repos/iuc/bcftools_plugin_counts/bcftools_plugin_counts/1.10+galaxy1",
            "tool_shed_repository": {
                "changeset_revision": "69d8b7567281",
                "name": "bcftools_plugin_counts",
                "owner": "iuc",
                "tool_shed": "toolshed.g2.bx.psu.edu"
            },
            "tool_state": "{\"__input_ext\": \"vcf\", \"chromInfo\": \"/cvmfs/data.galaxyproject.org/managed/len/ucsc/hg19.len\", \"input_file\": null, \"sec_restrict\": {\"regions\": {\"regions_src\": \"__none__\", \"__current_case__\": 0}, \"targets\": {\"targets_src\": \"__none__\", \"__current_case__\": 0}, \"include\": \"\", \"exclude\": \"\"}, \"__page__\": null, \"__rerun_remap_job_id__\": null}",
            "tool_version": "1.10+galaxy1",
            "type": "tool",
            "uuid": "93ca2507-fb40-4f93-b88b-815257a4fcac",
            "when": null,
            "workflow_outputs": []
        },
        "12": {
            "annotation": "",
            "content_id": "Grouping1",
            "errors": null,
            "id": 12,
            "input_connections": {
                "input1": {
                    "id": 9,
                    "output_name": "output"
                }
            },
            "inputs": [],
            "label": null,
            "name": "Group",
            "outputs": [
                {
                    "name": "out_file1",
                    "type": "tabular"
                }
            ],
            "position": {
                "left": 890,
                "top": 10
            },
            "post_job_actions": {},
            "tool_id": "Grouping1",
            "tool_state": "{\"__input_ext\": \"tabular\", \"chromInfo\": \"/cvmfs/data.galaxyproject.org/managed/len/ucsc/hg19.len\", \"groupcol\": \"7\", \"ignorecase\": true, \"ignorelines\": null, \"input1\": null, \"operations\": [{\"__index__\": 0, \"optype\": \"length\", \"opcol\": \"12\", \"opround\": \"no\", \"opdefault\": null}], \"__page__\": null, \"__rerun_remap_job_id__\": null}",
            "tool_version": "2.1.4",
            "type": "tool",
            "uuid": "0faaca0b-9a52-44e4-9360-67286432e03c",
            "when": null,
            "workflow_outputs": []
        },
        "13": {
            "annotation": "",
            "content_id": "Grouping1",
            "errors": null,
            "id": 13,
            "input_connections": {
                "input1": {
                    "id": 9,
                    "output_name": "output"
                }
            },
            "inputs": [],
            "label": null,
            "name": "Group",
            "outputs": [
                {
                    "name": "out_file1",
                    "type": "tabular"
                }
            ],
            "position": {
                "left": 890,
                "top": 130
            },
            "post_job_actions": {},
            "tool_id": "Grouping1",
            "tool_state": "{\"__input_ext\": \"tabular\", \"chromInfo\": \"/cvmfs/data.galaxyproject.org/managed/len/ucsc/hg19.len\", \"groupcol\": \"7\", \"ignorecase\": false, \"ignorelines\": null, \"input1\": null, \"operations\": [{\"__index__\": 0, \"optype\": \"length\", \"opcol\": \"7\", \"opround\": \"no\", \"opdefault\": null}], \"__page__\": null, \"__rerun_remap_job_id__\": null}",
            "tool_version": "2.1.4",
            "type": "tool",
            "uuid": "23964ab2-8ef4-4314-98d1-97309c2d80d6",
            "when": null,
            "workflow_outputs": []
        },
        "14": {
            "annotation": "",
            "content_id": "sort1",
            "errors": null,
            "id": 14,
            "input_connections": {
                "input": {
                    "id": 12,
                    "output_name": "out_file1"
                }
            },
            "inputs": [],
            "label": null,
            "name": "Sort",
            "outputs": [
                {
                    "name": "out_file1",
                    "type": "input"
                }
            ],
            "position": {
                "left": 1110,
                "top": 10
            },
            "post_job_actions": {},
            "tool_id": "sort1",
            "tool_state": "{\"__input_ext\": \"tabular\", \"chromInfo\": \"/cvmfs/data.galaxyproject.org/managed/len/ucsc/hg19.len\", \"column\": \"2\", \"column_set\": [], \"header_lines\": \"0\", \"input\": null, \"order\": \"DESC\", \"style\": \"gennum\", \"__page__\": null, \"__rerun_remap_job_id__\": null}",
            "tool_version": "1.1.0",
            "type": "tool",
            "uuid": "5816fd3b-0467-4237-a99a-c2b9caa58778",
            "when": null,
            "workflow_outputs": []
        },
        "15": {
            "annotation": "",
            "content_id": "sort1",
            "errors": null,
            "id": 15,
            "input_connections": {
                "input": {
                    "id": 13,
                    "output_name": "out_file1"
                }
            },
            "inputs": [],
            "label": null,
            "name": "Sort",
            "outputs": [
                {
                    "name": "out_file1",
                    "type": "input"
                }
            ],
            "position": {
                "left": 1110,
                "top": 130
            },
            "post_job_actions": {},
            "tool_id": "sort1",
            "tool_state": "{\"__input_ext\": \"tabular\", \"chromInfo\": \"/cvmfs/data.galaxyproject.org/managed/len/ucsc/hg19.len\", \"column\": \"2\", \"column_set\": [], \"header_lines\": \"0\", \"input\": null, \"order\": \"DESC\", \"style\": \"gennum\", \"__page__\": null, \"__rerun_remap_job_id__\": null}",
            "tool_version": "1.1.0",
            "type": "tool",
            "uuid": "cd49e722-7633-400c-9cf7-193935902da6",
            "when": null,
            "workflow_outputs": []
        }
    },
    "tags": [],
    "uuid": "d2f62e46-3c2c-4df5-b89b-b20f91eafbed",
    "version": 0
}