{
    "a_galaxy_workflow": "true",
    "annotation": "",
    "format-version": "0.1",
    "name": "Persistence NrD Filter Workflow",
    "steps": {
        "0": {
            "annotation": "",
            "content_id": "Filter1",
            "errors": null,
            "id": 0,
            "input_connections": {},
            "inputs": [],
            "label": null,
            "name": "Filter",
            "outputs": [
                {
                    "name": "out_file1",
                    "type": "input"
                }
            ],
            "position": {
                "left": 134.90625,
                "top": 118.609375
            },
            "post_job_actions": {
                "EmailActionout_file1": {
                    "action_arguments": {},
                    "action_type": "EmailAction",
                    "output_name": "out_file1"
                },
                "RenameDatasetActionout_file1": {
                    "action_arguments": {
                        "newname": "#{input} Persistence Filtered"
                    },
                    "action_type": "RenameDatasetAction",
                    "output_name": "out_file1"
                }
            },
            "tool_id": "Filter1",
            "tool_state": "{\"cond\": \"c2>=2\", \"header_lines\": \"0\", \"input\": null, \"__page__\": null, \"__rerun_remap_job_id__\": null}",
            "tool_version": "1.1.0",
            "type": "tool",
            "uuid": "0079bf76-b314-4d6f-a5b9-3341c8890bb5",
            "when": null,
            "workflow_outputs": []
        }
    },
    "tags": [
        "aptamer",
        "SELEX"
    ],
    "uuid": "9c571b7b-c086-4dee-ad94-21bc5efe6b2b",
    "version": 11
}