{
    "a_galaxy_workflow": "true",
    "annotation": "",
    "format-version": "0.1",
    "name": "JGooch SELEX Processing",
    "steps": {
        "0": {
            "annotation": "",
            "content_id": null,
            "errors": null,
            "id": 0,
            "input_connections": {},
            "inputs": [],
            "label": null,
            "name": "Input dataset",
            "outputs": [],
            "position": {
                "left": 200,
                "top": 200
            },
            "tool_id": null,
            "tool_state": "{\"optional\": false, \"tag\": null}",
            "tool_version": null,
            "type": "data_input",
            "uuid": "2ab23345-900e-469b-b5d0-d246363adbd4",
            "when": null,
            "workflow_outputs": []
        },
        "1": {
            "annotation": "",
            "content_id": null,
            "errors": null,
            "id": 1,
            "input_connections": {},
            "inputs": [],
            "label": null,
            "name": "Input dataset",
            "outputs": [],
            "position": {
                "left": 219,
                "top": 549
            },
            "tool_id": null,
            "tool_state": "{\"optional\": false, \"tag\": null}",
            "tool_version": null,
            "type": "data_input",
            "uuid": "c814be94-df98-4ed8-ab2a-f4fa95a5ee79",
            "when": null,
            "workflow_outputs": []
        },
        "2": {
            "annotation": "",
            "content_id": "toolshed.g2.bx.psu.edu/repos/devteam/fastq_paired_end_joiner/fastq_paired_end_joiner/2.0.1.1",
            "errors": null,
            "id": 2,
            "input_connections": {
                "input1_file": {
                    "id": 0,
                    "output_name": "output"
                },
                "input2_file": {
                    "id": 1,
                    "output_name": "output"
                }
            },
            "inputs": [],
            "label": null,
            "name": "FASTQ joiner",
            "outputs": [
                {
                    "name": "output_file",
                    "type": "input"
                }
            ],
            "position": {
                "left": 334,
                "top": 342
            },
            "post_job_actions": {},
            "tool_id": "toolshed.g2.bx.psu.edu/repos/devteam/fastq_paired_end_joiner/fastq_paired_end_joiner/2.0.1.1",
            "tool_shed_repository": {
                "changeset_revision": "09a2199cd356",
                "name": "fastq_paired_end_joiner",
                "owner": "devteam",
                "tool_shed": "toolshed.g2.bx.psu.edu"
            },
            "tool_state": "{\"input1_file\": {\"values\": [{\"id\": 37709722, \"src\": \"hda\"}]}, \"input2_file\": {\"values\": [{\"id\": 37709722, \"src\": \"hda\"}]}, \"paste_sequence\": \"\", \"style\": \"old\", \"__page__\": null, \"__rerun_remap_job_id__\": null}",
            "tool_version": "2.0.1.1",
            "type": "tool",
            "uuid": "db5d4e42-5e04-42bc-9ac3-4e09287a067a",
            "when": null,
            "workflow_outputs": []
        },
        "3": {
            "annotation": "",
            "content_id": "toolshed.g2.bx.psu.edu/repos/devteam/fastqtofasta/fastq_to_fasta_python/1.0.0",
            "errors": null,
            "id": 3,
            "input_connections": {
                "input_file": {
                    "id": 2,
                    "output_name": "output_file"
                }
            },
            "inputs": [
                {
                    "description": "runtime parameter for tool FASTQ to FASTA",
                    "name": "input_file"
                }
            ],
            "label": "Convert to FASTA",
            "name": "FASTQ to FASTA",
            "outputs": [
                {
                    "name": "output_file",
                    "type": "fasta"
                }
            ],
            "position": {
                "left": 612,
                "top": 316.5
            },
            "post_job_actions": {
                "ChangeDatatypeActionoutput_file": {
                    "action_arguments": {
                        "newtype": "fasta"
                    },
                    "action_type": "ChangeDatatypeAction",
                    "output_name": "output_file"
                }
            },
            "tool_id": "toolshed.g2.bx.psu.edu/repos/devteam/fastqtofasta/fastq_to_fasta_python/1.0.0",
            "tool_shed_repository": {
                "changeset_revision": "3571553aeb20",
                "name": "fastqtofasta",
                "owner": "devteam",
                "tool_shed": "toolshed.g2.bx.psu.edu"
            },
            "tool_state": "{\"input_file\": {\"__class__\": \"RuntimeValue\"}, \"__page__\": null, \"__rerun_remap_job_id__\": null}",
            "tool_version": "1.0.0",
            "type": "tool",
            "uuid": "3a373b66-f017-4de9-9fb1-032aa83ad9e1",
            "when": null,
            "workflow_outputs": []
        },
        "4": {
            "annotation": "",
            "content_id": "toolshed.g2.bx.psu.edu/repos/devteam/fasta_to_tabular/fasta2tab/1.1.0",
            "errors": null,
            "id": 4,
            "input_connections": {
                "input": {
                    "id": 3,
                    "output_name": "output_file"
                }
            },
            "inputs": [
                {
                    "description": "runtime parameter for tool FASTA-to-Tabular",
                    "name": "input"
                }
            ],
            "label": "Split Sequence ID",
            "name": "FASTA-to-Tabular",
            "outputs": [
                {
                    "name": "output",
                    "type": "tabular"
                }
            ],
            "position": {
                "left": 848,
                "top": 316.5
            },
            "post_job_actions": {
                "ChangeDatatypeActionoutput": {
                    "action_arguments": {
                        "newtype": "fasta"
                    },
                    "action_type": "ChangeDatatypeAction",
                    "output_name": "output"
                }
            },
            "tool_id": "toolshed.g2.bx.psu.edu/repos/devteam/fasta_to_tabular/fasta2tab/1.1.0",
            "tool_shed_repository": {
                "changeset_revision": "7e801ab2b70e",
                "name": "fasta_to_tabular",
                "owner": "devteam",
                "tool_shed": "toolshed.g2.bx.psu.edu"
            },
            "tool_state": "{\"descr_columns\": \"1\", \"input\": {\"__class__\": \"RuntimeValue\"}, \"keep_first\": \"0\", \"__page__\": null, \"__rerun_remap_job_id__\": null}",
            "tool_version": "1.1.0",
            "type": "tool",
            "uuid": "989d7e85-0bd5-4e59-bfbd-9b3dbf89bbf4",
            "when": null,
            "workflow_outputs": []
        },
        "5": {
            "annotation": "",
            "content_id": "Cut1",
            "errors": null,
            "id": 5,
            "input_connections": {
                "input": {
                    "id": 4,
                    "output_name": "output"
                }
            },
            "inputs": [
                {
                    "description": "runtime parameter for tool Cut",
                    "name": "input"
                }
            ],
            "label": "Cut Sequence ID",
            "name": "Cut",
            "outputs": [
                {
                    "name": "out_file1",
                    "type": "tabular"
                }
            ],
            "position": {
                "left": 1097,
                "top": 316.5
            },
            "post_job_actions": {},
            "tool_id": "Cut1",
            "tool_state": "{\"columnList\": \"c2\", \"delimiter\": \"T\", \"input\": {\"__class__\": \"RuntimeValue\"}, \"__page__\": null, \"__rerun_remap_job_id__\": null}",
            "tool_version": "1.0.2",
            "type": "tool",
            "uuid": "7c5b3538-4b7c-4131-afe6-6d7fc5319939",
            "when": null,
            "workflow_outputs": []
        },
        "6": {
            "annotation": "",
            "content_id": "toolshed.g2.bx.psu.edu/repos/bgruening/text_processing/tp_awk_tool/1.0.0",
            "errors": null,
            "id": 6,
            "input_connections": {
                "infile": {
                    "id": 5,
                    "output_name": "out_file1"
                }
            },
            "inputs": [
                {
                    "description": "runtime parameter for tool Text reformatting",
                    "name": "infile"
                }
            ],
            "label": "Search for Constant Regions",
            "name": "Text reformatting",
            "outputs": [
                {
                    "name": "outfile",
                    "type": "input"
                }
            ],
            "position": {
                "left": 1329,
                "top": 316.5
            },
            "post_job_actions": {},
            "tool_id": "toolshed.g2.bx.psu.edu/repos/bgruening/text_processing/tp_awk_tool/1.0.0",
            "tool_shed_repository": {
                "changeset_revision": "ddf54b12c295",
                "name": "text_processing",
                "owner": "bgruening",
                "tool_shed": "toolshed.g2.bx.psu.edu"
            },
            "tool_state": "{\"code\": \"/ATCCAGAGTGACGCAGCA.{38,42}TGGACACGGTGGCTTAGT/\", \"infile\": {\"__class__\": \"RuntimeValue\"}, \"__page__\": null, \"__rerun_remap_job_id__\": null}",
            "tool_version": "1.0.0",
            "type": "tool",
            "uuid": "c2c62bb3-9b8f-467d-90fb-b64226426c77",
            "when": null,
            "workflow_outputs": []
        },
        "7": {
            "annotation": "",
            "content_id": "toolshed.g2.bx.psu.edu/repos/bgruening/text_processing/tp_find_and_replace/1.0.0",
            "errors": null,
            "id": 7,
            "input_connections": {
                "infile": {
                    "id": 6,
                    "output_name": "outfile"
                }
            },
            "inputs": [
                {
                    "description": "runtime parameter for tool Replace",
                    "name": "infile"
                }
            ],
            "label": "Replace 5' Regions",
            "name": "Replace",
            "outputs": [
                {
                    "name": "outfile",
                    "type": "input"
                }
            ],
            "position": {
                "left": 1572,
                "top": 316.5
            },
            "post_job_actions": {},
            "tool_id": "toolshed.g2.bx.psu.edu/repos/bgruening/text_processing/tp_find_and_replace/1.0.0",
            "tool_shed_repository": {
                "changeset_revision": "d698c222f354",
                "name": "text_processing",
                "owner": "bgruening",
                "tool_shed": "toolshed.g2.bx.psu.edu"
            },
            "tool_state": "{\"caseinsensitive\": \"false\", \"find_pattern\": \"ATCCAGAGTGACGCAGCA\", \"infile\": {\"__class__\": \"RuntimeValue\"}, \"is_regex\": \"false\", \"replace_pattern\": \",ATCCAGAGTGACGCAGCA,\", \"searchwhere\": {\"__current_case__\": 0, \"searchwhere_select\": \"line\"}, \"skip_first_line\": \"false\", \"wholewords\": \"false\", \"__page__\": null, \"__rerun_remap_job_id__\": null}",
            "tool_version": "1.0.0",
            "type": "tool",
            "uuid": "76b93d01-e2ce-43b2-9c06-f6997bfc3d87",
            "when": null,
            "workflow_outputs": []
        },
        "8": {
            "annotation": "",
            "content_id": "Convert characters1",
            "errors": null,
            "id": 8,
            "input_connections": {
                "input": {
                    "id": 7,
                    "output_name": "outfile"
                }
            },
            "inputs": [
                {
                    "description": "runtime parameter for tool Convert",
                    "name": "input"
                }
            ],
            "label": "Convert to tab",
            "name": "Convert",
            "outputs": [
                {
                    "name": "out_file1",
                    "type": "tabular"
                }
            ],
            "position": {
                "left": 1804,
                "top": 316.5
            },
            "post_job_actions": {},
            "tool_id": "Convert characters1",
            "tool_state": "{\"condense\": true, \"convert_from\": \"C\", \"input\": {\"__class__\": \"RuntimeValue\"}, \"strip\": true, \"__page__\": null, \"__rerun_remap_job_id__\": null}",
            "tool_version": "1.0.0",
            "type": "tool",
            "uuid": "821106fe-20c0-418e-9583-32410e247c04",
            "when": null,
            "workflow_outputs": []
        },
        "9": {
            "annotation": "",
            "content_id": "Cut1",
            "errors": null,
            "id": 9,
            "input_connections": {
                "input": {
                    "id": 8,
                    "output_name": "out_file1"
                }
            },
            "inputs": [
                {
                    "description": "runtime parameter for tool Cut",
                    "name": "input"
                }
            ],
            "label": "Cut prime columns",
            "name": "Cut",
            "outputs": [
                {
                    "name": "out_file1",
                    "type": "tabular"
                }
            ],
            "position": {
                "left": 2036,
                "top": 316.5
            },
            "post_job_actions": {},
            "tool_id": "Cut1",
            "tool_state": "{\"columnList\": \"c3\", \"delimiter\": \"T\", \"input\": {\"__class__\": \"RuntimeValue\"}, \"__page__\": null, \"__rerun_remap_job_id__\": null}",
            "tool_version": "1.0.2",
            "type": "tool",
            "uuid": "6271aaf6-3bb1-41c2-bb04-7c4c4b78d803",
            "when": null,
            "workflow_outputs": []
        },
        "10": {
            "annotation": "",
            "content_id": "toolshed.g2.bx.psu.edu/repos/bgruening/text_processing/tp_find_and_replace/1.0.0",
            "errors": null,
            "id": 10,
            "input_connections": {
                "infile": {
                    "id": 9,
                    "output_name": "out_file1"
                }
            },
            "inputs": [
                {
                    "description": "runtime parameter for tool Replace",
                    "name": "infile"
                }
            ],
            "label": "Replace 3' regions",
            "name": "Replace",
            "outputs": [
                {
                    "name": "outfile",
                    "type": "input"
                }
            ],
            "position": {
                "left": 2268,
                "top": 316.5
            },
            "post_job_actions": {},
            "tool_id": "toolshed.g2.bx.psu.edu/repos/bgruening/text_processing/tp_find_and_replace/1.0.0",
            "tool_shed_repository": {
                "changeset_revision": "d698c222f354",
                "name": "text_processing",
                "owner": "bgruening",
                "tool_shed": "toolshed.g2.bx.psu.edu"
            },
            "tool_state": "{\"caseinsensitive\": \"false\", \"find_pattern\": \"TGGACACGGTGGCTTAGT\", \"infile\": {\"__class__\": \"RuntimeValue\"}, \"is_regex\": \"false\", \"replace_pattern\": \",TGGACACGGTGGCTTAGT,\", \"searchwhere\": {\"__current_case__\": 0, \"searchwhere_select\": \"line\"}, \"skip_first_line\": \"false\", \"wholewords\": \"false\", \"__page__\": null, \"__rerun_remap_job_id__\": null}",
            "tool_version": "1.0.0",
            "type": "tool",
            "uuid": "4c99a2ad-ee83-4c57-81fb-b913197d1893",
            "when": null,
            "workflow_outputs": []
        },
        "11": {
            "annotation": "",
            "content_id": "Convert characters1",
            "errors": null,
            "id": 11,
            "input_connections": {
                "input": {
                    "id": 10,
                    "output_name": "outfile"
                }
            },
            "inputs": [
                {
                    "description": "runtime parameter for tool Convert",
                    "name": "input"
                }
            ],
            "label": "Convert to tab 2",
            "name": "Convert",
            "outputs": [
                {
                    "name": "out_file1",
                    "type": "tabular"
                }
            ],
            "position": {
                "left": 2500,
                "top": 316.5
            },
            "post_job_actions": {},
            "tool_id": "Convert characters1",
            "tool_state": "{\"condense\": true, \"convert_from\": \"C\", \"input\": {\"__class__\": \"RuntimeValue\"}, \"strip\": true, \"__page__\": null, \"__rerun_remap_job_id__\": null}",
            "tool_version": "1.0.0",
            "type": "tool",
            "uuid": "faa8a3f0-559a-4cf1-bd3a-cb5d6d10880c",
            "when": null,
            "workflow_outputs": []
        },
        "12": {
            "annotation": "",
            "content_id": "Cut1",
            "errors": null,
            "id": 12,
            "input_connections": {
                "input": {
                    "id": 11,
                    "output_name": "out_file1"
                }
            },
            "inputs": [
                {
                    "description": "runtime parameter for tool Cut",
                    "name": "input"
                }
            ],
            "label": "Cut Tailing columns",
            "name": "Cut",
            "outputs": [
                {
                    "name": "out_file1",
                    "type": "tabular"
                }
            ],
            "position": {
                "left": 2732,
                "top": 316.5
            },
            "post_job_actions": {},
            "tool_id": "Cut1",
            "tool_state": "{\"columnList\": \"c1\", \"delimiter\": \"T\", \"input\": {\"__class__\": \"RuntimeValue\"}, \"__page__\": null, \"__rerun_remap_job_id__\": null}",
            "tool_version": "1.0.2",
            "type": "tool",
            "uuid": "83ef232f-1395-4704-b74d-650513de6183",
            "when": null,
            "workflow_outputs": []
        },
        "13": {
            "annotation": "",
            "content_id": "trimmer",
            "errors": null,
            "id": 13,
            "input_connections": {
                "input1": {
                    "id": 12,
                    "output_name": "out_file1"
                }
            },
            "inputs": [
                {
                    "description": "runtime parameter for tool Trim",
                    "name": "input1"
                }
            ],
            "label": null,
            "name": "Trim",
            "outputs": [
                {
                    "name": "out_file1",
                    "type": "input"
                }
            ],
            "position": {
                "left": 2964,
                "top": 316.5
            },
            "post_job_actions": {},
            "tool_id": "trimmer",
            "tool_state": "{\"col\": \"0\", \"end\": \"43\", \"fastq\": \"\", \"ignore\": null, \"input1\": {\"__class__\": \"RuntimeValue\"}, \"start\": \"1\", \"__page__\": null, \"__rerun_remap_job_id__\": null}",
            "tool_version": "0.0.1",
            "type": "tool",
            "uuid": "c0ef1ac1-fd1b-49be-bbe2-873e6f21c20b",
            "when": null,
            "workflow_outputs": []
        },
        "14": {
            "annotation": "",
            "content_id": "addValue",
            "errors": null,
            "id": 14,
            "input_connections": {
                "input": {
                    "id": 13,
                    "output_name": "out_file1"
                }
            },
            "inputs": [
                {
                    "description": "runtime parameter for tool Add column",
                    "name": "input"
                }
            ],
            "label": null,
            "name": "Add column",
            "outputs": [
                {
                    "name": "out_file1",
                    "type": "input"
                }
            ],
            "position": {
                "left": 3196,
                "top": 316.5
            },
            "post_job_actions": {},
            "tool_id": "addValue",
            "tool_state": "{\"exp\": \"+\", \"input\": {\"__class__\": \"RuntimeValue\"}, \"iterate\": \"no\", \"__page__\": null, \"__rerun_remap_job_id__\": null}",
            "tool_version": "1.0.0",
            "type": "tool",
            "uuid": "31d00722-adb5-4732-8dd5-7d33e8490605",
            "when": null,
            "workflow_outputs": []
        },
        "15": {
            "annotation": "",
            "content_id": "toolshed.g2.bx.psu.edu/repos/devteam/tabular_to_fasta/tab2fasta/1.1.0",
            "errors": null,
            "id": 15,
            "input_connections": {
                "input": {
                    "id": 14,
                    "output_name": "out_file1"
                }
            },
            "inputs": [
                {
                    "description": "runtime parameter for tool Tabular-to-FASTA",
                    "name": "input"
                }
            ],
            "label": null,
            "name": "Tabular-to-FASTA",
            "outputs": [
                {
                    "name": "output",
                    "type": "fasta"
                }
            ],
            "position": {
                "left": 3428,
                "top": 316.5
            },
            "post_job_actions": {},
            "tool_id": "toolshed.g2.bx.psu.edu/repos/devteam/tabular_to_fasta/tab2fasta/1.1.0",
            "tool_shed_repository": {
                "changeset_revision": "0b4e36026794",
                "name": "tabular_to_fasta",
                "owner": "devteam",
                "tool_shed": "toolshed.g2.bx.psu.edu"
            },
            "tool_state": "{\"input\": {\"__class__\": \"RuntimeValue\"}, \"seq_col\": \"1\", \"title_col\": \"2\", \"__page__\": null, \"__rerun_remap_job_id__\": null}",
            "tool_version": "1.1.0",
            "type": "tool",
            "uuid": "3f65c606-4643-4c5f-adf9-94640ddd767a",
            "when": null,
            "workflow_outputs": []
        },
        "16": {
            "annotation": "",
            "content_id": "toolshed.g2.bx.psu.edu/repos/devteam/fastx_collapser/cshl_fastx_collapser/1.0.0",
            "errors": null,
            "id": 16,
            "input_connections": {
                "input": {
                    "id": 15,
                    "output_name": "output"
                }
            },
            "inputs": [
                {
                    "description": "runtime parameter for tool Collapse",
                    "name": "input"
                }
            ],
            "label": null,
            "name": "Collapse",
            "outputs": [
                {
                    "name": "output",
                    "type": "fasta"
                }
            ],
            "position": {
                "left": 3671,
                "top": 316.5
            },
            "post_job_actions": {},
            "tool_id": "toolshed.g2.bx.psu.edu/repos/devteam/fastx_collapser/cshl_fastx_collapser/1.0.0",
            "tool_shed_repository": {
                "changeset_revision": "13c2d9e8c6d5",
                "name": "fastx_collapser",
                "owner": "devteam",
                "tool_shed": "toolshed.g2.bx.psu.edu"
            },
            "tool_state": "{\"input\": {\"__class__\": \"RuntimeValue\"}, \"__page__\": null, \"__rerun_remap_job_id__\": null}",
            "tool_version": "1.0.0",
            "type": "tool",
            "uuid": "753fee55-6551-4049-8f03-2ce237e5d1a5",
            "when": null,
            "workflow_outputs": []
        }
    },
    "tags": [],
    "uuid": "163ec2e2-f3a9-4eee-a2f0-eb5b8fb39e1f",
    "version": 1
}