{
    "a_galaxy_workflow": "true",
    "annotation": "",
    "format-version": "0.1",
    "name": "Jeremy: Tophat fusion post output to chrint",
    "steps": {
        "0": {
            "annotation": "",
            "content_id": "Add_a_column1",
            "errors": null,
            "id": 0,
            "input_connections": {},
            "inputs": [],
            "label": null,
            "name": "Compute",
            "outputs": [
                {
                    "name": "out_file1",
                    "type": "input"
                }
            ],
            "position": {
                "left": 135,
                "top": 145.5
            },
            "post_job_actions": {
                "HideDatasetActionout_file1": {
                    "action_arguments": {},
                    "action_type": "HideDatasetAction",
                    "output_name": "out_file1"
                }
            },
            "tool_id": "Add_a_column1",
            "tool_shed_repository": {
                "changeset_revision": "6595517c2dd8",
                "name": "column_maker",
                "owner": "devteam",
                "tool_shed": "toolshed.g2.bx.psu.edu"
            },
            "tool_state": "{\"cond\": \"c4 + 1\", \"input\": null, \"round\": \"yes\", \"__page__\": null, \"__rerun_remap_job_id__\": null}",
            "tool_version": "1.1.0",
            "type": "tool",
            "uuid": "None",
            "when": null,
            "workflow_outputs": []
        },
        "1": {
            "annotation": "",
            "content_id": "Add_a_column1",
            "errors": null,
            "id": 1,
            "input_connections": {
                "input": {
                    "id": 0,
                    "output_name": "out_file1"
                }
            },
            "inputs": [],
            "label": null,
            "name": "Compute",
            "outputs": [
                {
                    "name": "out_file1",
                    "type": "input"
                }
            ],
            "position": {
                "left": 206,
                "top": 265.5
            },
            "post_job_actions": {
                "HideDatasetActionout_file1": {
                    "action_arguments": {},
                    "action_type": "HideDatasetAction",
                    "output_name": "out_file1"
                }
            },
            "tool_id": "Add_a_column1",
            "tool_shed_repository": {
                "changeset_revision": "6595517c2dd8",
                "name": "column_maker",
                "owner": "devteam",
                "tool_shed": "toolshed.g2.bx.psu.edu"
            },
            "tool_state": "{\"cond\": \"c7 + 1\", \"input\": null, \"round\": \"yes\", \"__page__\": null, \"__rerun_remap_job_id__\": null}",
            "tool_version": "1.1.0",
            "type": "tool",
            "uuid": "None",
            "when": null,
            "workflow_outputs": []
        },
        "2": {
            "annotation": "",
            "content_id": "Add_a_column1",
            "errors": null,
            "id": 2,
            "input_connections": {
                "input": {
                    "id": 1,
                    "output_name": "out_file1"
                }
            },
            "inputs": [],
            "label": null,
            "name": "Compute",
            "outputs": [
                {
                    "name": "out_file1",
                    "type": "input"
                }
            ],
            "position": {
                "left": 262,
                "top": 390.5
            },
            "post_job_actions": {
                "HideDatasetActionout_file1": {
                    "action_arguments": {},
                    "action_type": "HideDatasetAction",
                    "output_name": "out_file1"
                }
            },
            "tool_id": "Add_a_column1",
            "tool_shed_repository": {
                "changeset_revision": "6595517c2dd8",
                "name": "column_maker",
                "owner": "devteam",
                "tool_shed": "toolshed.g2.bx.psu.edu"
            },
            "tool_state": "{\"cond\": \"c8 + c9 + c10\", \"input\": null, \"round\": \"yes\", \"__page__\": null, \"__rerun_remap_job_id__\": null}",
            "tool_version": "1.1.0",
            "type": "tool",
            "uuid": "None",
            "when": null,
            "workflow_outputs": []
        },
        "3": {
            "annotation": "",
            "content_id": "Cut1",
            "errors": null,
            "id": 3,
            "input_connections": {
                "input": {
                    "id": 2,
                    "output_name": "out_file1"
                }
            },
            "inputs": [],
            "label": null,
            "name": "Cut",
            "outputs": [
                {
                    "name": "out_file1",
                    "type": "tabular"
                }
            ],
            "position": {
                "left": 327,
                "top": 499.5
            },
            "post_job_actions": {
                "ChangeDatatypeActionout_file1": {
                    "action_arguments": {
                        "newtype": "chrint"
                    },
                    "action_type": "ChangeDatatypeAction",
                    "output_name": "out_file1"
                },
                "RenameDatasetActionout_file1": {
                    "action_arguments": {
                        "newname": "${sample}: tophat fusions chrint for visualization"
                    },
                    "action_type": "RenameDatasetAction",
                    "output_name": "out_file1"
                }
            },
            "tool_id": "Cut1",
            "tool_state": "{\"columnList\": \"c3,c4,c12,c6,c7,c13,c14\", \"delimiter\": \"T\", \"input\": null, \"__page__\": null, \"__rerun_remap_job_id__\": null}",
            "tool_version": "1.0.2",
            "type": "tool",
            "uuid": "None",
            "when": null,
            "workflow_outputs": []
        }
    },
    "tags": [],
    "version": 0
}