{
    "a_galaxy_workflow": "true",
    "annotation": "",
    "format-version": "0.1",
    "name": "Workflow constructed from history 'Ejercicio: An\u00e1lisis en genoma completo mediante Galaxy - MB'",
    "steps": {
        "0": {
            "annotation": "",
            "content_id": null,
            "errors": null,
            "id": 0,
            "input_connections": {},
            "inputs": [
                {
                    "description": "",
                    "name": "CONTENEDOR"
                }
            ],
            "label": "CONTENEDOR",
            "name": "Input dataset",
            "outputs": [],
            "position": {
                "left": 290.953125,
                "top": 262.734375
            },
            "tool_id": null,
            "tool_state": "{\"optional\": false, \"tag\": null}",
            "tool_version": null,
            "type": "data_input",
            "uuid": "e7639418-7018-404c-80c8-6bc957fc2917",
            "when": null,
            "workflow_outputs": [
                {
                    "label": null,
                    "output_name": "output",
                    "uuid": "cb81fd35-6559-4343-be40-fc3a16ae37ef"
                }
            ]
        },
        "1": {
            "annotation": "",
            "content_id": null,
            "errors": null,
            "id": 1,
            "input_connections": {},
            "inputs": [
                {
                    "description": "",
                    "name": "CONTENIDO"
                }
            ],
            "label": "CONTENIDO",
            "name": "Input dataset",
            "outputs": [],
            "position": {
                "left": 290.953125,
                "top": 382.734375
            },
            "tool_id": null,
            "tool_state": "{\"optional\": false, \"tag\": null}",
            "tool_version": null,
            "type": "data_input",
            "uuid": "bf792aa6-e32e-4207-ac50-aa560abeed80",
            "when": null,
            "workflow_outputs": [
                {
                    "label": null,
                    "output_name": "output",
                    "uuid": "9d49f15e-e107-4d5a-930f-e2bdd3aa4e94"
                }
            ]
        },
        "2": {
            "annotation": "",
            "content_id": "toolshed.g2.bx.psu.edu/repos/devteam/join/gops_join_1/1.0.0",
            "errors": null,
            "id": 2,
            "input_connections": {
                "input1": {
                    "id": 0,
                    "output_name": "output"
                },
                "input2": {
                    "id": 1,
                    "output_name": "output"
                }
            },
            "inputs": [
                {
                    "description": "runtime parameter for tool Join",
                    "name": "input1"
                },
                {
                    "description": "runtime parameter for tool Join",
                    "name": "input2"
                }
            ],
            "label": null,
            "name": "Join",
            "outputs": [
                {
                    "name": "output",
                    "type": "interval"
                }
            ],
            "position": {
                "left": 510.953125,
                "top": 262.734375
            },
            "post_job_actions": {
                "HideDatasetActionoutput": {
                    "action_arguments": {},
                    "action_type": "HideDatasetAction",
                    "output_name": "output"
                }
            },
            "tool_id": "toolshed.g2.bx.psu.edu/repos/devteam/join/gops_join_1/1.0.0",
            "tool_shed_repository": {
                "changeset_revision": "718d04143c31",
                "name": "join",
                "owner": "devteam",
                "tool_shed": "toolshed.g2.bx.psu.edu"
            },
            "tool_state": "{\"chromInfo\": \"/cvmfs/data.galaxyproject.org/managed/len/ucsc/hg38.len\", \"fill\": \"none\", \"input1\": {\"__class__\": \"RuntimeValue\"}, \"input2\": {\"__class__\": \"RuntimeValue\"}, \"min\": \"1\", \"__page__\": null, \"__rerun_remap_job_id__\": null}",
            "tool_version": "1.0.0",
            "type": "tool",
            "uuid": "fc311cb7-4815-4ab5-95f1-5dc608267457",
            "when": null,
            "workflow_outputs": []
        },
        "3": {
            "annotation": "",
            "content_id": "Grouping1",
            "errors": null,
            "id": 3,
            "input_connections": {
                "input1": {
                    "id": 2,
                    "output_name": "output"
                }
            },
            "inputs": [
                {
                    "description": "runtime parameter for tool Group",
                    "name": "input1"
                }
            ],
            "label": null,
            "name": "Group",
            "outputs": [
                {
                    "name": "out_file1",
                    "type": "tabular"
                }
            ],
            "position": {
                "left": 730.953125,
                "top": 262.734375
            },
            "post_job_actions": {
                "HideDatasetActionout_file1": {
                    "action_arguments": {},
                    "action_type": "HideDatasetAction",
                    "output_name": "out_file1"
                }
            },
            "tool_id": "Grouping1",
            "tool_state": "{\"chromInfo\": \"/cvmfs/data.galaxyproject.org/managed/len/ucsc/hg38.len\", \"groupcol\": \"4\", \"ignorecase\": false, \"ignorelines\": null, \"input1\": {\"__class__\": \"RuntimeValue\"}, \"operations\": [{\"__index__\": 0, \"optype\": \"length\", \"opcol\": \"4\", \"opround\": \"no\"}], \"__page__\": null, \"__rerun_remap_job_id__\": null}",
            "tool_version": "2.1.1",
            "type": "tool",
            "uuid": "924a2d1d-c95c-4e7a-99e2-e880aa7c0674",
            "when": null,
            "workflow_outputs": []
        },
        "4": {
            "annotation": "",
            "content_id": "sort1",
            "errors": null,
            "id": 4,
            "input_connections": {
                "input": {
                    "id": 3,
                    "output_name": "out_file1"
                }
            },
            "inputs": [
                {
                    "description": "runtime parameter for tool Sort",
                    "name": "input"
                }
            ],
            "label": null,
            "name": "Sort",
            "outputs": [
                {
                    "name": "out_file1",
                    "type": "input"
                }
            ],
            "position": {
                "left": 950.953125,
                "top": 262.734375
            },
            "post_job_actions": {
                "HideDatasetActionout_file1": {
                    "action_arguments": {},
                    "action_type": "HideDatasetAction",
                    "output_name": "out_file1"
                }
            },
            "tool_id": "sort1",
            "tool_state": "{\"chromInfo\": \"/cvmfs/data.galaxyproject.org/managed/len/ucsc/hg38.len\", \"column\": \"2\", \"column_set\": [], \"input\": {\"__class__\": \"RuntimeValue\"}, \"order\": \"DESC\", \"style\": \"num\", \"__page__\": null, \"__rerun_remap_job_id__\": null}",
            "tool_version": "1.0.3",
            "type": "tool",
            "uuid": "5619309c-1371-415d-9727-2181581e65d2",
            "when": null,
            "workflow_outputs": []
        },
        "5": {
            "annotation": "",
            "content_id": "Show beginning1",
            "errors": null,
            "id": 5,
            "input_connections": {
                "input": {
                    "id": 4,
                    "output_name": "out_file1"
                }
            },
            "inputs": [
                {
                    "description": "runtime parameter for tool Select first",
                    "name": "input"
                }
            ],
            "label": null,
            "name": "Select first",
            "outputs": [
                {
                    "name": "out_file1",
                    "type": "input"
                }
            ],
            "position": {
                "left": 1170.953125,
                "top": 262.734375
            },
            "post_job_actions": {
                "HideDatasetActionout_file1": {
                    "action_arguments": {},
                    "action_type": "HideDatasetAction",
                    "output_name": "out_file1"
                }
            },
            "tool_id": "Show beginning1",
            "tool_state": "{\"chromInfo\": \"/cvmfs/data.galaxyproject.org/managed/len/ucsc/hg38.len\", \"input\": {\"__class__\": \"RuntimeValue\"}, \"lineNum\": \"5\", \"__page__\": null, \"__rerun_remap_job_id__\": null}",
            "tool_version": "1.0.0",
            "type": "tool",
            "uuid": "96d76da3-c354-48aa-87cd-f1ac229a279a",
            "when": null,
            "workflow_outputs": []
        },
        "6": {
            "annotation": "",
            "content_id": "comp1",
            "errors": null,
            "id": 6,
            "input_connections": {
                "input1": {
                    "id": 0,
                    "output_name": "output"
                },
                "input2": {
                    "id": 5,
                    "output_name": "out_file1"
                }
            },
            "inputs": [
                {
                    "description": "runtime parameter for tool Compare two Datasets",
                    "name": "input1"
                },
                {
                    "description": "runtime parameter for tool Compare two Datasets",
                    "name": "input2"
                }
            ],
            "label": null,
            "name": "Compare two Datasets",
            "outputs": [
                {
                    "name": "out_file1",
                    "type": "input"
                }
            ],
            "position": {
                "left": 1390.953125,
                "top": 262.734375
            },
            "post_job_actions": {},
            "tool_id": "comp1",
            "tool_state": "{\"chromInfo\": \"/cvmfs/data.galaxyproject.org/managed/len/ucsc/hg38.len\", \"field1\": \"4\", \"field2\": \"1\", \"input1\": {\"__class__\": \"RuntimeValue\"}, \"input2\": {\"__class__\": \"RuntimeValue\"}, \"mode\": \"N\", \"__page__\": null, \"__rerun_remap_job_id__\": null}",
            "tool_version": "1.0.2",
            "type": "tool",
            "uuid": "a4ebd6b0-e37c-4c57-b125-8b3407973381",
            "when": null,
            "workflow_outputs": [
                {
                    "label": null,
                    "output_name": "out_file1",
                    "uuid": "4376059e-aa72-45c0-8b9f-1160fb0a9b4a"
                }
            ]
        }
    },
    "tags": [],
    "uuid": "e089e651-bd1e-40b7-963e-a8b35a264bcf",
    "version": 3
}