{
    "a_galaxy_workflow": "true",
    "annotation": "",
    "creator": [
        {
            "class": "Person",
            "identifier": "https://orcid.org/0000-0002-9464-6640",
            "name": "Wolfgang Maier"
        }
    ],
    "format-version": "0.1",
    "license": "MIT",
    "name": "COVID-19: variation analysis on ARTIC PE (release v0.3)",
    "steps": {
        "0": {
            "annotation": "",
            "content_id": null,
            "errors": null,
            "id": 0,
            "input_connections": {},
            "inputs": [
                {
                    "description": "",
                    "name": "ARTIC primers to amplicon assignments"
                }
            ],
            "label": "ARTIC primers to amplicon assignments",
            "name": "Input dataset",
            "outputs": [],
            "position": {
                "bottom": 53.53125,
                "height": 81,
                "left": 23.390625,
                "right": 223.390625,
                "top": -27.46875,
                "width": 200,
                "x": 23.390625,
                "y": -27.46875
            },
            "tool_id": null,
            "tool_state": "{\"optional\": false, \"format\": [\"tabular\"], \"tag\": null}",
            "tool_version": null,
            "type": "data_input",
            "uuid": "ae2bc521-00b1-45b1-b5de-ceafcf1131e3",
            "when": null,
            "workflow_outputs": []
        },
        "1": {
            "annotation": "",
            "content_id": null,
            "errors": null,
            "id": 1,
            "input_connections": {},
            "inputs": [
                {
                    "description": "",
                    "name": "Read removal maximum AF"
                }
            ],
            "label": "Read removal maximum AF",
            "name": "Input parameter",
            "outputs": [],
            "position": {
                "bottom": -50.18019104003906,
                "height": 82.19999694824219,
                "left": 50,
                "right": 250,
                "top": -132.38018798828125,
                "width": 200,
                "x": 50,
                "y": -132.38018798828125
            },
            "tool_id": null,
            "tool_state": "{\"default\": 0.9, \"parameter_type\": \"float\", \"optional\": true}",
            "tool_version": null,
            "type": "parameter_input",
            "uuid": "9458df80-ed03-487a-93c0-8513c5533104",
            "when": null,
            "workflow_outputs": [
                {
                    "label": null,
                    "output_name": "output",
                    "uuid": "a71b8e0b-3bfd-4766-a342-fedc638c88ac"
                }
            ]
        },
        "2": {
            "annotation": "",
            "content_id": null,
            "errors": null,
            "id": 2,
            "input_connections": {},
            "inputs": [
                {
                    "description": "",
                    "name": "ARTIC primer BED"
                }
            ],
            "label": "ARTIC primer BED",
            "name": "Input dataset",
            "outputs": [],
            "position": {
                "bottom": 133.390625,
                "height": 81,
                "left": -225.84375,
                "right": -25.84375,
                "top": 52.390625,
                "width": 200,
                "x": -225.84375,
                "y": 52.390625
            },
            "tool_id": null,
            "tool_state": "{\"optional\": false, \"format\": [\"bed\"], \"tag\": null}",
            "tool_version": null,
            "type": "data_input",
            "uuid": "c7ad4836-2bb2-46ab-8a3b-2e3f6f543a15",
            "when": null,
            "workflow_outputs": []
        },
        "3": {
            "annotation": "",
            "content_id": null,
            "errors": null,
            "id": 3,
            "input_connections": {},
            "inputs": [
                {
                    "description": "",
                    "name": "Read removal minimum AF"
                }
            ],
            "label": "Read removal minimum AF",
            "name": "Input parameter",
            "outputs": [],
            "position": {
                "bottom": -50.18019104003906,
                "height": 82.19999694824219,
                "left": 260,
                "right": 460,
                "top": -132.38018798828125,
                "width": 200,
                "x": 260,
                "y": -132.38018798828125
            },
            "tool_id": null,
            "tool_state": "{\"default\": 0.1, \"parameter_type\": \"float\", \"optional\": true}",
            "tool_version": null,
            "type": "parameter_input",
            "uuid": "5b84dd59-27d8-4097-9710-1716e6a6eaa8",
            "when": null,
            "workflow_outputs": [
                {
                    "label": null,
                    "output_name": "output",
                    "uuid": "387f17a0-1095-4901-93fe-7a9411e94d55"
                }
            ]
        },
        "4": {
            "annotation": "",
            "content_id": null,
            "errors": null,
            "id": 4,
            "input_connections": {},
            "inputs": [
                {
                    "description": "",
                    "name": "NC_045512.2 FASTA sequence of SARS-CoV-2"
                }
            ],
            "label": "NC_045512.2 FASTA sequence of SARS-CoV-2",
            "name": "Input dataset",
            "outputs": [],
            "position": {
                "bottom": 286.78125,
                "height": 101,
                "left": -605.640625,
                "right": -405.640625,
                "top": 185.78125,
                "width": 200,
                "x": -605.640625,
                "y": 185.78125
            },
            "tool_id": null,
            "tool_state": "{\"optional\": false, \"format\": [\"fasta\", \"fasta.gz\"], \"tag\": null}",
            "tool_version": null,
            "type": "data_input",
            "uuid": "a91e1de0-bff2-44d0-b39c-0d3a2e764660",
            "when": null,
            "workflow_outputs": []
        },
        "5": {
            "annotation": "",
            "content_id": null,
            "errors": null,
            "id": 5,
            "input_connections": {},
            "inputs": [
                {
                    "description": "",
                    "name": "Paired Collection"
                }
            ],
            "label": "Paired Collection",
            "name": "Input dataset collection",
            "outputs": [],
            "position": {
                "bottom": 399.765625,
                "height": 81,
                "left": -798.78125,
                "right": -598.78125,
                "top": 318.765625,
                "width": 200,
                "x": -798.78125,
                "y": 318.765625
            },
            "tool_id": null,
            "tool_state": "{\"optional\": false, \"format\": [\"fastqsanger\", \"fastqsanger.gz\"], \"tag\": null, \"collection_type\": \"list:paired\"}",
            "tool_version": null,
            "type": "data_collection_input",
            "uuid": "97f09771-9590-4f68-8e31-025b00e4f61f",
            "when": null,
            "workflow_outputs": []
        },
        "6": {
            "annotation": "",
            "content_id": null,
            "errors": null,
            "id": 6,
            "input_connections": {},
            "inputs": [
                {
                    "description": "",
                    "name": "Minimum DP for amplicon bias correction"
                }
            ],
            "label": "Minimum DP for amplicon bias correction",
            "name": "Input parameter",
            "outputs": [],
            "position": {
                "bottom": -50.18019104003906,
                "height": 82.19999694824219,
                "left": 977,
                "right": 1177,
                "top": -132.38018798828125,
                "width": 200,
                "x": 977,
                "y": -132.38018798828125
            },
            "tool_id": null,
            "tool_state": "{\"default\": 20, \"parameter_type\": \"integer\", \"optional\": true}",
            "tool_version": null,
            "type": "parameter_input",
            "uuid": "ae781468-517a-4d56-a767-c5997e82f4fb",
            "when": null,
            "workflow_outputs": [
                {
                    "label": null,
                    "output_name": "output",
                    "uuid": "b3cb4f83-1409-42d0-a7b5-b7b59b8f8bb0"
                }
            ]
        },
        "7": {
            "annotation": "",
            "content_id": "toolshed.g2.bx.psu.edu/repos/iuc/fastp/fastp/0.20.1+galaxy0",
            "errors": null,
            "id": 7,
            "input_connections": {
                "single_paired|paired_input": {
                    "id": 5,
                    "output_name": "output"
                }
            },
            "inputs": [],
            "label": null,
            "name": "fastp",
            "outputs": [
                {
                    "name": "output_paired_coll",
                    "type": "input"
                },
                {
                    "name": "report_html",
                    "type": "html"
                },
                {
                    "name": "report_json",
                    "type": "json"
                }
            ],
            "position": {
                "bottom": 685.953125,
                "height": 212,
                "left": -561.40625,
                "right": -361.40625,
                "top": 473.953125,
                "width": 200,
                "x": -561.40625,
                "y": 473.953125
            },
            "post_job_actions": {
                "HideDatasetActionreport_json": {
                    "action_arguments": {},
                    "action_type": "HideDatasetAction",
                    "output_name": "report_json"
                }
            },
            "tool_id": "toolshed.g2.bx.psu.edu/repos/iuc/fastp/fastp/0.20.1+galaxy0",
            "tool_shed_repository": {
                "changeset_revision": "dbf9c561ef29",
                "name": "fastp",
                "owner": "iuc",
                "tool_shed": "toolshed.g2.bx.psu.edu"
            },
            "tool_state": "{\"filter_options\": {\"quality_filtering_options\": {\"disable_quality_filtering\": false, \"qualified_quality_phred\": null, \"unqualified_percent_limit\": null, \"n_base_limit\": null}, \"length_filtering_options\": {\"disable_length_filtering\": false, \"length_required\": null, \"length_limit\": null}, \"low_complexity_filter\": {\"enable_low_complexity_filter\": false, \"complexity_threshold\": null}}, \"output_options\": {\"report_html\": true, \"report_json\": true}, \"overrepresented_sequence_analysis\": {\"overrepresentation_analysis\": false, \"overrepresentation_sampling\": null}, \"read_mod_options\": {\"polyg_tail_trimming\": {\"trimming_select\": \"\", \"__current_case__\": 1, \"poly_g_min_len\": null}, \"polyx_tail_trimming\": {\"polyx_trimming_select\": \"\", \"__current_case__\": 1}, \"umi_processing\": {\"umi\": false, \"umi_loc\": \"\", \"umi_len\": null, \"umi_prefix\": \"\"}, \"cutting_by_quality_options\": {\"cut_by_quality5\": false, \"cut_by_quality3\": false, \"cut_window_size\": null, \"cut_mean_quality\": null}, \"base_correction_options\": {\"correction\": false}}, \"single_paired\": {\"single_paired_selector\": \"paired_collection\", \"__current_case__\": 2, \"paired_input\": {\"__class__\": \"ConnectedValue\"}, \"adapter_trimming_options\": {\"disable_adapter_trimming\": false, \"adapter_sequence1\": \"\", \"adapter_sequence2\": \"\"}, \"global_trimming_options\": {\"trim_front1\": null, \"trim_tail1\": null, \"trim_front2\": null, \"trim_tail2\": null}}, \"__page__\": null, \"__rerun_remap_job_id__\": null}",
            "tool_version": null,
            "type": "tool",
            "uuid": "ea2151ec-2b00-4ae2-890b-80f1203b18c7",
            "when": null,
            "workflow_outputs": [
                {
                    "label": "fastp_reads_output",
                    "output_name": "output_paired_coll",
                    "uuid": "3ed68c93-1860-47a9-9883-9cdc35881e74"
                },
                {
                    "label": "fastp_html_report",
                    "output_name": "report_html",
                    "uuid": "6eef542b-ec27-425f-8726-6a0ef3777619"
                }
            ]
        },
        "8": {
            "annotation": "",
            "content_id": "toolshed.g2.bx.psu.edu/repos/devteam/bwa/bwa_mem/0.7.17.1",
            "errors": null,
            "id": 8,
            "input_connections": {
                "fastq_input|fastq_input1": {
                    "id": 7,
                    "output_name": "output_paired_coll"
                },
                "reference_source|ref_file": {
                    "id": 4,
                    "output_name": "output"
                }
            },
            "inputs": [],
            "label": null,
            "name": "Map with BWA-MEM",
            "outputs": [
                {
                    "name": "bam_output",
                    "type": "bam"
                }
            ],
            "position": {
                "bottom": 534.28125,
                "height": 162,
                "left": -320.578125,
                "right": -120.578125,
                "top": 372.28125,
                "width": 200,
                "x": -320.578125,
                "y": 372.28125
            },
            "post_job_actions": {},
            "tool_id": "toolshed.g2.bx.psu.edu/repos/devteam/bwa/bwa_mem/0.7.17.1",
            "tool_shed_repository": {
                "changeset_revision": "3fe632431b68",
                "name": "bwa",
                "owner": "devteam",
                "tool_shed": "toolshed.g2.bx.psu.edu"
            },
            "tool_state": "{\"analysis_type\": {\"analysis_type_selector\": \"illumina\", \"__current_case__\": 0}, \"fastq_input\": {\"fastq_input_selector\": \"paired_collection\", \"__current_case__\": 2, \"fastq_input1\": {\"__class__\": \"ConnectedValue\"}, \"iset_stats\": \"\"}, \"reference_source\": {\"reference_source_selector\": \"history\", \"__current_case__\": 1, \"ref_file\": {\"__class__\": \"ConnectedValue\"}, \"index_a\": \"auto\"}, \"rg\": {\"rg_selector\": \"do_not_set\", \"__current_case__\": 3}, \"__page__\": null, \"__rerun_remap_job_id__\": null}",
            "tool_version": null,
            "type": "tool",
            "uuid": "7f9ac221-d33c-49c5-958b-2ecc0feee25e",
            "when": null,
            "workflow_outputs": [
                {
                    "label": "mapped_reads",
                    "output_name": "bam_output",
                    "uuid": "7cfb57c5-bd8e-4918-b459-46241a6ba4cb"
                }
            ]
        },
        "9": {
            "annotation": "",
            "content_id": "toolshed.g2.bx.psu.edu/repos/iuc/samtools_view/samtools_view/1.9+galaxy2",
            "errors": null,
            "id": 9,
            "input_connections": {
                "input": {
                    "id": 8,
                    "output_name": "bam_output"
                }
            },
            "inputs": [],
            "label": null,
            "name": "Samtools view",
            "outputs": [
                {
                    "name": "outputsam",
                    "type": "input"
                }
            ],
            "position": {
                "bottom": 329.171875,
                "height": 112,
                "left": -78.421875,
                "right": 121.578125,
                "top": 217.171875,
                "width": 200,
                "x": -78.421875,
                "y": 217.171875
            },
            "post_job_actions": {
                "RenameDatasetActionoutputsam": {
                    "action_arguments": {
                        "newname": "Mapped read pairs (filtered bwa-mem result)"
                    },
                    "action_type": "RenameDatasetAction",
                    "output_name": "outputsam"
                }
            },
            "tool_id": "toolshed.g2.bx.psu.edu/repos/iuc/samtools_view/samtools_view/1.9+galaxy2",
            "tool_shed_repository": {
                "changeset_revision": "bf328cec6a42",
                "name": "samtools_view",
                "owner": "iuc",
                "tool_shed": "toolshed.g2.bx.psu.edu"
            },
            "tool_state": "{\"addref_cond\": {\"addref_select\": \"no\", \"__current_case__\": 0}, \"input\": {\"__class__\": \"ConnectedValue\"}, \"mode\": {\"outtype\": \"selected_reads\", \"__current_case__\": 1, \"filter_config\": {\"cond_region\": {\"select_region\": \"no\", \"__current_case__\": 0}, \"cond_rg\": {\"select_rg\": \"no\", \"__current_case__\": 0}, \"quality\": \"20\", \"library\": \"\", \"cigarcons\": null, \"inclusive_filter\": [\"1\"], \"exclusive_filter\": [\"4\", \"8\", \"256\"], \"exclusive_filter_all\": null}, \"subsample_config\": {\"subsampling_mode\": {\"select_subsample\": \"fraction\", \"__current_case__\": 0, \"factor\": \"1.0\", \"seed\": null}}, \"output_options\": {\"reads_report_type\": \"retained\", \"__current_case__\": 0, \"complementary_output\": false, \"adv_output\": {\"readtags\": [], \"collapsecigar\": false}, \"output_format\": {\"oformat\": \"bam\", \"__current_case__\": 2}}}, \"__page__\": null, \"__rerun_remap_job_id__\": null}",
            "tool_version": null,
            "type": "tool",
            "uuid": "142005d0-123e-47ab-b276-d24248e6cf17",
            "when": null,
            "workflow_outputs": [
                {
                    "label": "filtered_mapped_reads",
                    "output_name": "outputsam",
                    "uuid": "9d4e70e2-f17c-433a-81de-48f1768d9be8"
                }
            ]
        },
        "10": {
            "annotation": "",
            "content_id": "toolshed.g2.bx.psu.edu/repos/iuc/lofreq_viterbi/lofreq_viterbi/2.1.5+galaxy0",
            "errors": null,
            "id": 10,
            "input_connections": {
                "reads": {
                    "id": 9,
                    "output_name": "outputsam"
                },
                "reference_source|ref": {
                    "id": 4,
                    "output_name": "output"
                }
            },
            "inputs": [],
            "label": null,
            "name": "Realign reads",
            "outputs": [
                {
                    "name": "realigned",
                    "type": "bam"
                }
            ],
            "position": {
                "bottom": 312,
                "height": 162,
                "left": 170.25,
                "right": 370.25,
                "top": 150,
                "width": 200,
                "x": 170.25,
                "y": 150.203125
            },
            "post_job_actions": {},
            "tool_id": "toolshed.g2.bx.psu.edu/repos/iuc/lofreq_viterbi/lofreq_viterbi/2.1.5+galaxy0",
            "tool_shed_repository": {
                "changeset_revision": "aa35ee7f3ab2",
                "name": "lofreq_viterbi",
                "owner": "iuc",
                "tool_shed": "toolshed.g2.bx.psu.edu"
            },
            "tool_state": "{\"adv_options\": {\"keepflags\": false, \"bq2_handling\": {\"replace_bq2\": \"keep\", \"__current_case__\": 0, \"defqual\": \"2\"}}, \"reads\": {\"__class__\": \"ConnectedValue\"}, \"reference_source\": {\"ref_selector\": \"history\", \"__current_case__\": 1, \"ref\": {\"__class__\": \"ConnectedValue\"}}, \"__page__\": null, \"__rerun_remap_job_id__\": null}",
            "tool_version": null,
            "type": "tool",
            "uuid": "1e125c47-15d3-4fd9-9d3b-37cae640cba6",
            "when": null,
            "workflow_outputs": [
                {
                    "label": "realigned_primer_trimmed_filtered_mapped_reads",
                    "output_name": "realigned",
                    "uuid": "bbf9b859-2484-4abf-bb76-6d470e2bf708"
                }
            ]
        },
        "11": {
            "annotation": "",
            "content_id": "toolshed.g2.bx.psu.edu/repos/devteam/samtools_stats/samtools_stats/2.0.2+galaxy2",
            "errors": null,
            "id": 11,
            "input_connections": {
                "input": {
                    "id": 9,
                    "output_name": "outputsam"
                }
            },
            "inputs": [],
            "label": null,
            "name": "Samtools stats",
            "outputs": [
                {
                    "name": "output",
                    "type": "tabular"
                }
            ],
            "position": {
                "bottom": 530.890625,
                "height": 112,
                "left": 8.046875,
                "right": 208.046875,
                "top": 418.890625,
                "width": 200,
                "x": 8.046875,
                "y": 418.890625
            },
            "post_job_actions": {},
            "tool_id": "toolshed.g2.bx.psu.edu/repos/devteam/samtools_stats/samtools_stats/2.0.2+galaxy2",
            "tool_shed_repository": {
                "changeset_revision": "145f6d74ff5e",
                "name": "samtools_stats",
                "owner": "devteam",
                "tool_shed": "toolshed.g2.bx.psu.edu"
            },
            "tool_state": "{\"addref_cond\": {\"addref_select\": \"no\", \"__current_case__\": 0}, \"cond_region\": {\"select_region\": \"no\", \"__current_case__\": 0}, \"cov_threshold\": null, \"coverage_cond\": {\"coverage_select\": \"no\", \"__current_case__\": 0}, \"filter_by_flags\": {\"filter_flags\": \"nofilter\", \"__current_case__\": 1}, \"gc_depth\": null, \"input\": {\"__class__\": \"ConnectedValue\"}, \"insert_size\": null, \"most_inserts\": null, \"read_length\": null, \"remove_dups\": false, \"remove_overlaps\": false, \"sparse\": false, \"split_output_cond\": {\"split_output_selector\": \"no\", \"__current_case__\": 0}, \"trim_quality\": null, \"__page__\": null, \"__rerun_remap_job_id__\": null}",
            "tool_version": null,
            "type": "tool",
            "uuid": "d54e0424-9f2b-46e3-9a2a-649de1d11496",
            "when": null,
            "workflow_outputs": [
                {
                    "label": "mapped_reads_stats",
                    "output_name": "output",
                    "uuid": "3a248a45-8708-4727-ae1f-312e70ed8953"
                }
            ]
        },
        "12": {
            "annotation": "",
            "content_id": "toolshed.g2.bx.psu.edu/repos/iuc/lofreq_indelqual/lofreq_indelqual/2.1.5+galaxy0",
            "errors": null,
            "id": 12,
            "input_connections": {
                "reads": {
                    "id": 10,
                    "output_name": "realigned"
                },
                "strategy|reference_source|ref": {
                    "id": 4,
                    "output_name": "output"
                }
            },
            "inputs": [],
            "label": null,
            "name": "Insert indel qualities",
            "outputs": [
                {
                    "name": "output",
                    "type": "bam"
                }
            ],
            "position": {
                "bottom": 523.546875,
                "height": 182,
                "left": 379.65625,
                "right": 579.65625,
                "top": 341.546875,
                "width": 200,
                "x": 379.65625,
                "y": 361.546875
            },
            "post_job_actions": {},
            "tool_id": "toolshed.g2.bx.psu.edu/repos/iuc/lofreq_indelqual/lofreq_indelqual/2.1.5+galaxy0",
            "tool_shed_repository": {
                "changeset_revision": "426d707dfc47",
                "name": "lofreq_indelqual",
                "owner": "iuc",
                "tool_shed": "toolshed.g2.bx.psu.edu"
            },
            "tool_state": "{\"reads\": {\"__class__\": \"ConnectedValue\"}, \"strategy\": {\"selector\": \"dindel\", \"__current_case__\": 1, \"reference_source\": {\"ref_selector\": \"history\", \"__current_case__\": 1, \"ref\": {\"__class__\": \"ConnectedValue\"}}}, \"__page__\": null, \"__rerun_remap_job_id__\": null}",
            "tool_version": null,
            "type": "tool",
            "uuid": "61932fdd-35ed-4110-9e2d-9bfa815337ad",
            "when": null,
            "workflow_outputs": [
                {
                    "label": "realigned_primer_trimmed_filtered_mapped_reads_with_indel_quals",
                    "output_name": "output",
                    "uuid": "ace671ca-43f2-46b4-886c-1a457313f3c7"
                }
            ]
        },
        "13": {
            "annotation": "",
            "content_id": "toolshed.g2.bx.psu.edu/repos/iuc/ivar_trim/ivar_trim/1.3.1+galaxy0",
            "errors": null,
            "id": 13,
            "input_connections": {
                "amplicons|amplicon_info": {
                    "id": 0,
                    "output_name": "output"
                },
                "input_bam": {
                    "id": 12,
                    "output_name": "output"
                },
                "primer|input_bed": {
                    "id": 2,
                    "output_name": "output"
                }
            },
            "inputs": [
                {
                    "description": "runtime parameter for tool ivar trim",
                    "name": "amplicons"
                },
                {
                    "description": "runtime parameter for tool ivar trim",
                    "name": "input_bam"
                },
                {
                    "description": "runtime parameter for tool ivar trim",
                    "name": "primer"
                }
            ],
            "label": null,
            "name": "ivar trim",
            "outputs": [
                {
                    "name": "output_bam",
                    "type": "bam"
                }
            ],
            "position": {
                "bottom": 123.609375,
                "height": 215.20001220703125,
                "left": 479.953125,
                "right": 679.953125,
                "top": -91.590637207,
                "width": 200,
                "x": 479.953125,
                "y": -58.390625
            },
            "post_job_actions": {
                "RenameDatasetActionoutput_bam": {
                    "action_arguments": {
                        "newname": "Fully processed reads for variant calling (primer-trimmed, realigned reads with added indelquals)"
                    },
                    "action_type": "RenameDatasetAction",
                    "output_name": "output_bam"
                }
            },
            "tool_id": "toolshed.g2.bx.psu.edu/repos/iuc/ivar_trim/ivar_trim/1.3.1+galaxy0",
            "tool_shed_repository": {
                "changeset_revision": "364f4ffec275",
                "name": "ivar_trim",
                "owner": "iuc",
                "tool_shed": "toolshed.g2.bx.psu.edu"
            },
            "tool_state": "{\"amplicons\": {\"filter_by\": \"yes\", \"__current_case__\": 0, \"amplicon_info\": {\"__class__\": \"RuntimeValue\"}}, \"inc_primers\": true, \"input_bam\": {\"__class__\": \"RuntimeValue\"}, \"min_len\": \"1\", \"min_qual\": \"0\", \"primer\": {\"source\": \"history\", \"__current_case__\": 0, \"input_bed\": {\"__class__\": \"RuntimeValue\"}}, \"primer_pos_wiggle\": \"0\", \"window_width\": \"4\", \"__page__\": null, \"__rerun_remap_job_id__\": null}",
            "tool_version": null,
            "type": "tool",
            "uuid": "ea0b5c7d-fe48-4580-8916-321ce5618df3",
            "when": null,
            "workflow_outputs": [
                {
                    "label": "primer_trimmed_filtered_mapped_reads",
                    "output_name": "output_bam",
                    "uuid": "19672d1a-2236-41b1-a5c5-950b7a3062c3"
                }
            ]
        },
        "14": {
            "annotation": "",
            "content_id": "toolshed.g2.bx.psu.edu/repos/iuc/lofreq_call/lofreq_call/2.1.5+galaxy0",
            "errors": null,
            "id": 14,
            "input_connections": {
                "reads": {
                    "id": 13,
                    "output_name": "output_bam"
                },
                "reference_source|ref": {
                    "id": 4,
                    "output_name": "output"
                }
            },
            "inputs": [],
            "label": null,
            "name": "Call variants",
            "outputs": [
                {
                    "name": "variants",
                    "type": "vcf"
                }
            ],
            "position": {
                "bottom": 305.484375,
                "height": 142,
                "left": 589.71875,
                "right": 789.71875,
                "top": 163.484375,
                "width": 200,
                "x": 589.71875,
                "y": 163.484375
            },
            "post_job_actions": {},
            "tool_id": "toolshed.g2.bx.psu.edu/repos/iuc/lofreq_call/lofreq_call/2.1.5+galaxy0",
            "tool_shed_repository": {
                "changeset_revision": "65432c3abf6c",
                "name": "lofreq_call",
                "owner": "iuc",
                "tool_shed": "toolshed.g2.bx.psu.edu"
            },
            "tool_state": "{\"call_control\": {\"set_call_options\": \"yes\", \"__current_case__\": 1, \"coverage\": {\"min_cov\": \"5\", \"max_depth\": \"1000000\"}, \"pe\": {\"use_orphan\": false}, \"bc_quals\": {\"min_bq\": \"30\", \"min_alt_bq\": \"30\", \"alt_bq\": {\"modify\": \"\", \"__current_case__\": 0}}, \"align_quals\": {\"alnqual\": {\"use_alnqual\": \"\", \"__current_case__\": 0, \"alnqual_choice\": {\"alnquals_to_use\": \"\", \"__current_case__\": 1, \"extended_baq\": true}}}, \"map_quals\": {\"min_mq\": \"20\", \"use_mq\": {\"no_mq\": \"\", \"__current_case__\": 0, \"max_mq\": \"255\"}}, \"source_qual\": {\"use_src_qual\": {\"src_qual\": \"\", \"__current_case__\": 0}}, \"joint_qual\": {\"min_jq\": \"0\", \"min_alt_jq\": \"0\", \"def_alt_jq\": \"0\"}}, \"filter_control\": {\"filter_type\": \"set_custom\", \"__current_case__\": 3, \"sig\": \"0.0005\", \"bonf\": \"0\", \"others\": false}, \"reads\": {\"__class__\": \"ConnectedValue\"}, \"reference_source\": {\"ref_selector\": \"history\", \"__current_case__\": 1, \"ref\": {\"__class__\": \"ConnectedValue\"}}, \"regions\": {\"restrict_to_region\": \"genome\", \"__current_case__\": 0}, \"variant_types\": \"--call-indels\", \"__page__\": null, \"__rerun_remap_job_id__\": null}",
            "tool_version": null,
            "type": "tool",
            "uuid": "f2ebda9a-07e5-460e-8e0b-e26213e9ce4f",
            "when": null,
            "workflow_outputs": [
                {
                    "label": "preliminary_variants_1",
                    "output_name": "variants",
                    "uuid": "3f85dda0-9aa8-45d0-afc3-9500a99a5fe9"
                }
            ]
        },
        "15": {
            "annotation": "",
            "content_id": "toolshed.g2.bx.psu.edu/repos/iuc/qualimap_bamqc/qualimap_bamqc/2.2.2d+galaxy3",
            "errors": null,
            "id": 15,
            "input_connections": {
                "input1": {
                    "id": 13,
                    "output_name": "output_bam"
                }
            },
            "inputs": [],
            "label": null,
            "name": "QualiMap BamQC",
            "outputs": [
                {
                    "name": "raw_data",
                    "type": "input"
                },
                {
                    "name": "output_html",
                    "type": "html"
                }
            ],
            "position": {
                "bottom": 867.46875,
                "height": 202,
                "left": 495.546875,
                "right": 695.546875,
                "top": 665.46875,
                "width": 200,
                "x": 495.546875,
                "y": 665.46875
            },
            "post_job_actions": {},
            "tool_id": "toolshed.g2.bx.psu.edu/repos/iuc/qualimap_bamqc/qualimap_bamqc/2.2.2d+galaxy3",
            "tool_shed_repository": {
                "changeset_revision": "19ece8afbaab",
                "name": "qualimap_bamqc",
                "owner": "iuc",
                "tool_shed": "toolshed.g2.bx.psu.edu"
            },
            "tool_state": "{\"duplicate_skipping\": [\"0\"], \"input1\": {\"__class__\": \"ConnectedValue\"}, \"per_base_coverage\": false, \"plot_specific\": {\"n_bins\": \"400\", \"paint_chromosome_limits\": true, \"genome_gc_distr\": null, \"homopolymer_size\": \"3\"}, \"stats_regions\": {\"region_select\": \"all\", \"__current_case__\": 0}, \"__page__\": null, \"__rerun_remap_job_id__\": null}",
            "tool_version": null,
            "type": "tool",
            "uuid": "f5a5e875-7ad4-4224-b10c-fd5e40de5e38",
            "when": null,
            "workflow_outputs": [
                {
                    "label": "bamqc_raw_output",
                    "output_name": "raw_data",
                    "uuid": "b6514c66-5139-4974-a971-ea79d2de7af2"
                },
                {
                    "label": "bamqc_html_output",
                    "output_name": "output_html",
                    "uuid": "5b188620-ca43-4314-9abe-3a7856bf549b"
                }
            ]
        },
        "16": {
            "annotation": "",
            "content_id": "toolshed.g2.bx.psu.edu/repos/iuc/lofreq_filter/lofreq_filter/2.1.5+galaxy0",
            "errors": null,
            "id": 16,
            "input_connections": {
                "af|af_max": {
                    "id": 1,
                    "output_name": "output"
                },
                "af|af_min": {
                    "id": 3,
                    "output_name": "output"
                },
                "invcf": {
                    "id": 14,
                    "output_name": "variants"
                }
            },
            "inputs": [
                {
                    "description": "runtime parameter for tool Lofreq filter",
                    "name": "invcf"
                }
            ],
            "label": null,
            "name": "Lofreq filter",
            "outputs": [
                {
                    "name": "outvcf",
                    "type": "vcf"
                }
            ],
            "position": {
                "bottom": 453.671875,
                "height": 112,
                "left": 672.984375,
                "right": 872.984375,
                "top": 341.671875,
                "width": 200,
                "x": 672.984375,
                "y": 341.671875
            },
            "post_job_actions": {},
            "tool_id": "toolshed.g2.bx.psu.edu/repos/iuc/lofreq_filter/lofreq_filter/2.1.5+galaxy0",
            "tool_shed_repository": {
                "changeset_revision": "7dfca164d2e3",
                "name": "lofreq_filter",
                "owner": "iuc",
                "tool_shed": "toolshed.g2.bx.psu.edu"
            },
            "tool_state": "{\"af\": {\"af_min\": {\"__class__\": \"ConnectedValue\"}, \"af_max\": {\"__class__\": \"ConnectedValue\"}}, \"coverage\": {\"cov_min\": \"5\", \"cov_max\": \"0\"}, \"filter_by_type\": {\"keep_only\": \"\", \"__current_case__\": 0, \"qual\": {\"snvqual_filter\": {\"snvqual\": \"no\", \"__current_case__\": 0}, \"indelqual_filter\": {\"indelqual\": \"no\", \"__current_case__\": 0}}}, \"flag_or_drop\": \"\", \"invcf\": {\"__class__\": \"RuntimeValue\"}, \"sb\": {\"sb_filter\": {\"strand_bias\": \"no\", \"__current_case__\": 0}}, \"__page__\": null, \"__rerun_remap_job_id__\": null}",
            "tool_version": null,
            "type": "tool",
            "uuid": "fa031c97-22e7-4d7e-af2f-d7e6555f4bd3",
            "when": null,
            "workflow_outputs": [
                {
                    "label": "filtered_preliminary_variants",
                    "output_name": "outvcf",
                    "uuid": "9d5c94c3-3443-4851-ba79-9b4bb19878a0"
                }
            ]
        },
        "17": {
            "annotation": "",
            "content_id": "__FLATTEN__",
            "errors": null,
            "id": 17,
            "input_connections": {
                "input": {
                    "id": 15,
                    "output_name": "raw_data"
                }
            },
            "inputs": [],
            "label": null,
            "name": "Flatten collection",
            "outputs": [
                {
                    "name": "output",
                    "type": "input"
                }
            ],
            "position": {
                "bottom": 831.234375,
                "height": 132,
                "left": 743.65625,
                "right": 943.65625,
                "top": 699.234375,
                "width": 200,
                "x": 743.65625,
                "y": 699.234375
            },
            "post_job_actions": {},
            "tool_id": "__FLATTEN__",
            "tool_state": "{\"input\": {\"__class__\": \"ConnectedValue\"}, \"join_identifier\": \"_\", \"__page__\": null, \"__rerun_remap_job_id__\": null}",
            "tool_version": null,
            "type": "tool",
            "uuid": "0721e5ab-80c3-490a-a9aa-fa320f325736",
            "when": null,
            "workflow_outputs": [
                {
                    "label": "bamqc_raw_output_flattened",
                    "output_name": "output",
                    "uuid": "d9d7e559-50d5-491f-afd3-2d13fd0c6b21"
                }
            ]
        },
        "18": {
            "annotation": "",
            "content_id": "toolshed.g2.bx.psu.edu/repos/iuc/ivar_removereads/ivar_removereads/1.3.1+galaxy0",
            "errors": null,
            "id": 18,
            "input_connections": {
                "amplicon_info": {
                    "id": 0,
                    "output_name": "output"
                },
                "input_bam": {
                    "id": 13,
                    "output_name": "output_bam"
                },
                "input_bed": {
                    "id": 2,
                    "output_name": "output"
                },
                "variants_tsv": {
                    "id": 16,
                    "output_name": "outvcf"
                }
            },
            "inputs": [
                {
                    "description": "runtime parameter for tool ivar removereads",
                    "name": "amplicon_info"
                },
                {
                    "description": "runtime parameter for tool ivar removereads",
                    "name": "input_bam"
                },
                {
                    "description": "runtime parameter for tool ivar removereads",
                    "name": "input_bed"
                },
                {
                    "description": "runtime parameter for tool ivar removereads",
                    "name": "variants_tsv"
                }
            ],
            "label": null,
            "name": "ivar removereads",
            "outputs": [
                {
                    "name": "output_bam",
                    "type": "bam"
                }
            ],
            "position": {
                "bottom": 245.75,
                "height": 262,
                "left": 867.53125,
                "right": 1067.53125,
                "top": -16.25,
                "width": 200,
                "x": 867.53125,
                "y": -16.25
            },
            "post_job_actions": {},
            "tool_id": "toolshed.g2.bx.psu.edu/repos/iuc/ivar_removereads/ivar_removereads/1.3.1+galaxy0",
            "tool_shed_repository": {
                "changeset_revision": "43aac8d29685",
                "name": "ivar_removereads",
                "owner": "iuc",
                "tool_shed": "toolshed.g2.bx.psu.edu"
            },
            "tool_state": "{\"amplicon_info\": {\"__class__\": \"RuntimeValue\"}, \"input_bam\": {\"__class__\": \"RuntimeValue\"}, \"input_bed\": {\"__class__\": \"RuntimeValue\"}, \"variants_tsv\": {\"__class__\": \"RuntimeValue\"}, \"__page__\": null, \"__rerun_remap_job_id__\": null}",
            "tool_version": null,
            "type": "tool",
            "uuid": "a4c4a479-c762-4577-8751-7066a9d82322",
            "when": null,
            "workflow_outputs": [
                {
                    "label": "amplicon_removal_output",
                    "output_name": "output_bam",
                    "uuid": "1097d1da-0472-4ea6-a671-1986a794d930"
                }
            ]
        },
        "19": {
            "annotation": "",
            "content_id": "toolshed.g2.bx.psu.edu/repos/iuc/multiqc/multiqc/1.8+galaxy1",
            "errors": null,
            "id": 19,
            "input_connections": {
                "results_0|software_cond|input": {
                    "id": 7,
                    "output_name": "report_json"
                },
                "results_1|software_cond|output_0|type|input": {
                    "id": 11,
                    "output_name": "output"
                },
                "results_2|software_cond|input": {
                    "id": 17,
                    "output_name": "output"
                }
            },
            "inputs": [],
            "label": null,
            "name": "MultiQC",
            "outputs": [
                {
                    "name": "stats",
                    "type": "input"
                },
                {
                    "name": "plots",
                    "type": "input"
                },
                {
                    "name": "html_report",
                    "type": "html"
                }
            ],
            "position": {
                "bottom": 846.5,
                "height": 332,
                "left": 987.5,
                "right": 1187.5,
                "top": 514.5,
                "width": 200,
                "x": 987.5,
                "y": 514.5
            },
            "post_job_actions": {
                "HideDatasetActionstats": {
                    "action_arguments": {},
                    "action_type": "HideDatasetAction",
                    "output_name": "stats"
                },
                "RenameDatasetActionhtml_report": {
                    "action_arguments": {
                        "newname": "Preprocessing and mapping reports"
                    },
                    "action_type": "RenameDatasetAction",
                    "output_name": "html_report"
                }
            },
            "tool_id": "toolshed.g2.bx.psu.edu/repos/iuc/multiqc/multiqc/1.8+galaxy1",
            "tool_shed_repository": {
                "changeset_revision": "5e33b465d8d5",
                "name": "multiqc",
                "owner": "iuc",
                "tool_shed": "toolshed.g2.bx.psu.edu"
            },
            "tool_state": "{\"comment\": \"\", \"flat\": false, \"results\": [{\"__index__\": 0, \"software_cond\": {\"software\": \"fastp\", \"__current_case__\": 7, \"input\": {\"__class__\": \"ConnectedValue\"}}}, {\"__index__\": 1, \"software_cond\": {\"software\": \"samtools\", \"__current_case__\": 23, \"output\": [{\"__index__\": 0, \"type\": {\"type\": \"stats\", \"__current_case__\": 0, \"input\": {\"__class__\": \"ConnectedValue\"}}}]}}, {\"__index__\": 2, \"software_cond\": {\"software\": \"qualimap\", \"__current_case__\": 19, \"input\": {\"__class__\": \"ConnectedValue\"}}}], \"saveLog\": false, \"title\": \"\", \"__page__\": null, \"__rerun_remap_job_id__\": null}",
            "tool_version": null,
            "type": "tool",
            "uuid": "d91e7f9d-be32-418a-8522-c0cf68a0ac30",
            "when": null,
            "workflow_outputs": [
                {
                    "label": "preprocessing_and_mapping_plots",
                    "output_name": "plots",
                    "uuid": "7a04bd70-f038-4ea9-b141-a18692782869"
                },
                {
                    "label": "preprocessing_and_mapping_reports",
                    "output_name": "html_report",
                    "uuid": "ed440402-3339-4397-8e97-a1b6e0b439c6"
                }
            ]
        },
        "20": {
            "annotation": "",
            "content_id": "toolshed.g2.bx.psu.edu/repos/iuc/lofreq_call/lofreq_call/2.1.5+galaxy0",
            "errors": null,
            "id": 20,
            "input_connections": {
                "call_control|coverage|min_cov": {
                    "id": 6,
                    "output_name": "output"
                },
                "reads": {
                    "id": 18,
                    "output_name": "output_bam"
                },
                "reference_source|ref": {
                    "id": 4,
                    "output_name": "output"
                }
            },
            "inputs": [
                {
                    "description": "runtime parameter for tool Call variants",
                    "name": "reads"
                },
                {
                    "description": "runtime parameter for tool Call variants",
                    "name": "reference_source"
                }
            ],
            "label": null,
            "name": "Call variants",
            "outputs": [
                {
                    "name": "variants",
                    "type": "vcf"
                }
            ],
            "position": {
                "bottom": 388.546875,
                "height": 142,
                "left": 1085.46875,
                "right": 1285.46875,
                "top": 246.546875,
                "width": 200,
                "x": 1085.46875,
                "y": 246.546875
            },
            "post_job_actions": {},
            "tool_id": "toolshed.g2.bx.psu.edu/repos/iuc/lofreq_call/lofreq_call/2.1.5+galaxy0",
            "tool_shed_repository": {
                "changeset_revision": "65432c3abf6c",
                "name": "lofreq_call",
                "owner": "iuc",
                "tool_shed": "toolshed.g2.bx.psu.edu"
            },
            "tool_state": "{\"call_control\": {\"set_call_options\": \"yes\", \"__current_case__\": 1, \"coverage\": {\"min_cov\": {\"__class__\": \"ConnectedValue\"}, \"max_depth\": \"1000000\"}, \"pe\": {\"use_orphan\": false}, \"bc_quals\": {\"min_bq\": \"30\", \"min_alt_bq\": \"30\", \"alt_bq\": {\"modify\": \"\", \"__current_case__\": 0}}, \"align_quals\": {\"alnqual\": {\"use_alnqual\": \"\", \"__current_case__\": 0, \"alnqual_choice\": {\"alnquals_to_use\": \"\", \"__current_case__\": 1, \"extended_baq\": true}}}, \"map_quals\": {\"min_mq\": \"20\", \"use_mq\": {\"no_mq\": \"\", \"__current_case__\": 0, \"max_mq\": \"255\"}}, \"source_qual\": {\"use_src_qual\": {\"src_qual\": \"\", \"__current_case__\": 0}}, \"joint_qual\": {\"min_jq\": \"0\", \"min_alt_jq\": \"0\", \"def_alt_jq\": \"0\"}}, \"filter_control\": {\"filter_type\": \"set_custom\", \"__current_case__\": 3, \"sig\": \"0.0005\", \"bonf\": \"0\", \"others\": false}, \"reads\": {\"__class__\": \"RuntimeValue\"}, \"reference_source\": {\"ref_selector\": \"history\", \"__current_case__\": 1, \"ref\": {\"__class__\": \"RuntimeValue\"}}, \"regions\": {\"restrict_to_region\": \"genome\", \"__current_case__\": 0}, \"variant_types\": \"--call-indels\", \"__page__\": null, \"__rerun_remap_job_id__\": null}",
            "tool_version": null,
            "type": "tool",
            "uuid": "fe1485c9-7c01-442b-9801-065671c24a99",
            "when": null,
            "workflow_outputs": [
                {
                    "label": "preliminary_variants_2",
                    "output_name": "variants",
                    "uuid": "770a13f5-dff7-470e-8381-2d9027586c60"
                }
            ]
        },
        "21": {
            "annotation": "",
            "content_id": "toolshed.g2.bx.psu.edu/repos/devteam/vcfvcfintersect/vcfvcfintersect/1.0.0_rc3+galaxy0",
            "errors": null,
            "id": 21,
            "input_connections": {
                "reference_source|ref_file": {
                    "id": 4,
                    "output_name": "output"
                },
                "vcf_input1": {
                    "id": 20,
                    "output_name": "variants"
                },
                "vcf_input2": {
                    "id": 14,
                    "output_name": "variants"
                }
            },
            "inputs": [],
            "label": null,
            "name": "VCF-VCFintersect:",
            "outputs": [
                {
                    "name": "out_file1",
                    "type": "vcf"
                }
            ],
            "position": {
                "bottom": 594.328125,
                "height": 172,
                "left": 1216.34375,
                "right": 1416.34375,
                "top": 422.328125,
                "width": 200,
                "x": 1216.34375,
                "y": 422.328125
            },
            "post_job_actions": {},
            "tool_id": "toolshed.g2.bx.psu.edu/repos/devteam/vcfvcfintersect/vcfvcfintersect/1.0.0_rc3+galaxy0",
            "tool_shed_repository": {
                "changeset_revision": "166c4f50525f",
                "name": "vcfvcfintersect",
                "owner": "devteam",
                "tool_shed": "toolshed.g2.bx.psu.edu"
            },
            "tool_state": "{\"adv_options\": {\"adv_options_selector\": \"no\", \"__current_case__\": 0}, \"invert\": true, \"isect_union\": \"-i\", \"loci\": false, \"reference_source\": {\"reference_source_selector\": \"history\", \"__current_case__\": 1, \"ref_file\": {\"__class__\": \"ConnectedValue\"}}, \"vcf_input1\": {\"__class__\": \"ConnectedValue\"}, \"vcf_input2\": {\"__class__\": \"ConnectedValue\"}, \"window_size\": \"0\", \"__page__\": null, \"__rerun_remap_job_id__\": null}",
            "tool_version": null,
            "type": "tool",
            "uuid": "66645915-934d-4f57-a254-1ac62a56d8cb",
            "when": null,
            "workflow_outputs": [
                {
                    "label": "lost_variants_tmp",
                    "output_name": "out_file1",
                    "uuid": "98e620a0-5042-4360-84c2-96c9cefe97a5"
                }
            ]
        },
        "22": {
            "annotation": "",
            "content_id": "toolshed.g2.bx.psu.edu/repos/bgruening/text_processing/tp_replace_in_line/1.1.2",
            "errors": null,
            "id": 22,
            "input_connections": {
                "infile": {
                    "id": 21,
                    "output_name": "out_file1"
                }
            },
            "inputs": [],
            "label": null,
            "name": "Replace Text",
            "outputs": [
                {
                    "name": "outfile",
                    "type": "input"
                }
            ],
            "position": {
                "bottom": 725.671875,
                "height": 92,
                "left": 1238.734375,
                "right": 1438.734375,
                "top": 633.671875,
                "width": 200,
                "x": 1238.734375,
                "y": 633.671875
            },
            "post_job_actions": {
                "RenameDatasetActionoutfile": {
                    "action_arguments": {
                        "newname": "Variants lost upon amplicon removal"
                    },
                    "action_type": "RenameDatasetAction",
                    "output_name": "outfile"
                }
            },
            "tool_id": "toolshed.g2.bx.psu.edu/repos/bgruening/text_processing/tp_replace_in_line/1.1.2",
            "tool_shed_repository": {
                "changeset_revision": "f46f0e4f75c4",
                "name": "text_processing",
                "owner": "bgruening",
                "tool_shed": "toolshed.g2.bx.psu.edu"
            },
            "tool_state": "{\"infile\": {\"__class__\": \"ConnectedValue\"}, \"replacements\": [{\"__index__\": 0, \"find_pattern\": \"^(##reference.+)$\", \"replace_pattern\": \"\\\\1\\\\n##INFO=<ID=AmpliconBias,Number=0,Type=Flag,Description=\\\"Indicates that the AF value of the variant could not be corrected for potential amplicon bias.\\\">\"}, {\"__index__\": 1, \"find_pattern\": \"^([^#].+)$\", \"replace_pattern\": \"\\\\1;AmpliconBias\"}], \"__page__\": null, \"__rerun_remap_job_id__\": null}",
            "tool_version": null,
            "type": "tool",
            "uuid": "a485c3ba-42de-4576-acfb-5c088fecb378",
            "when": null,
            "workflow_outputs": [
                {
                    "label": "lost_variants",
                    "output_name": "outfile",
                    "uuid": "718afbf5-3a14-4f1e-959e-5e7bf7e1e523"
                }
            ]
        },
        "23": {
            "annotation": "",
            "content_id": "toolshed.g2.bx.psu.edu/repos/devteam/vcfvcfintersect/vcfvcfintersect/1.0.0_rc3+galaxy0",
            "errors": null,
            "id": 23,
            "input_connections": {
                "reference_source|ref_file": {
                    "id": 4,
                    "output_name": "output"
                },
                "vcf_input1": {
                    "id": 22,
                    "output_name": "outfile"
                },
                "vcf_input2": {
                    "id": 20,
                    "output_name": "variants"
                }
            },
            "inputs": [],
            "label": null,
            "name": "VCF-VCFintersect:",
            "outputs": [
                {
                    "name": "out_file1",
                    "type": "vcf"
                }
            ],
            "position": {
                "bottom": 506.953125,
                "height": 172,
                "left": 1466.46875,
                "right": 1666.46875,
                "top": 334.953125,
                "width": 200,
                "x": 1466.46875,
                "y": 334.953125
            },
            "post_job_actions": {},
            "tool_id": "toolshed.g2.bx.psu.edu/repos/devteam/vcfvcfintersect/vcfvcfintersect/1.0.0_rc3+galaxy0",
            "tool_shed_repository": {
                "changeset_revision": "166c4f50525f",
                "name": "vcfvcfintersect",
                "owner": "devteam",
                "tool_shed": "toolshed.g2.bx.psu.edu"
            },
            "tool_state": "{\"adv_options\": {\"adv_options_selector\": \"no\", \"__current_case__\": 0}, \"invert\": false, \"isect_union\": \"-u\", \"loci\": false, \"reference_source\": {\"reference_source_selector\": \"history\", \"__current_case__\": 1, \"ref_file\": {\"__class__\": \"ConnectedValue\"}}, \"vcf_input1\": {\"__class__\": \"ConnectedValue\"}, \"vcf_input2\": {\"__class__\": \"ConnectedValue\"}, \"window_size\": \"0\", \"__page__\": null, \"__rerun_remap_job_id__\": null}",
            "tool_version": null,
            "type": "tool",
            "uuid": "fc35ec4f-28ab-4f67-b0d9-516c78c1aab4",
            "when": null,
            "workflow_outputs": [
                {
                    "label": "variants",
                    "output_name": "out_file1",
                    "uuid": "b1b374b9-d5d9-4999-b75f-696742fe8a9e"
                }
            ]
        },
        "24": {
            "annotation": "",
            "content_id": "toolshed.g2.bx.psu.edu/repos/bgruening/text_processing/tp_replace_in_line/1.1.2",
            "errors": null,
            "id": 24,
            "input_connections": {
                "infile": {
                    "id": 23,
                    "output_name": "out_file1"
                }
            },
            "inputs": [],
            "label": null,
            "name": "Replace Text",
            "outputs": [
                {
                    "name": "outfile",
                    "type": "input"
                }
            ],
            "position": {
                "bottom": 535.147903443,
                "height": 113.59999084472656,
                "left": 1691.290588379,
                "right": 1891.290588379,
                "top": 421.547912598,
                "width": 200,
                "x": 1691.290588379,
                "y": 421.547912598
            },
            "post_job_actions": {},
            "tool_id": "toolshed.g2.bx.psu.edu/repos/bgruening/text_processing/tp_replace_in_line/1.1.2",
            "tool_shed_repository": {
                "changeset_revision": "f46f0e4f75c4",
                "name": "text_processing",
                "owner": "bgruening",
                "tool_shed": "toolshed.g2.bx.psu.edu"
            },
            "tool_state": "{\"infile\": {\"__class__\": \"ConnectedValue\"}, \"replacements\": [{\"__index__\": 0, \"find_pattern\": \"^(##reference.+)$\", \"replace_pattern\": \"\\\\1\\\\n##INFO=<ID=AmpliconBias,Number=0,Type=Flag,Description=\\\"Indicates that the AF value of the variant could not be corrected for potential amplicon bias.\\\">\"}], \"__page__\": null, \"__rerun_remap_job_id__\": null}",
            "tool_version": null,
            "type": "tool",
            "uuid": "fb83a012-066b-4e67-bd77-538374cd6b0f",
            "when": null,
            "workflow_outputs": [
                {
                    "label": "variants_fixed_header",
                    "output_name": "outfile",
                    "uuid": "f85bcc66-3f00-4c8f-a572-6315d83a18b8"
                }
            ]
        },
        "25": {
            "annotation": "",
            "content_id": "toolshed.g2.bx.psu.edu/repos/iuc/snpeff_sars_cov_2/snpeff_sars_cov_2/4.5covid19",
            "errors": null,
            "id": 25,
            "input_connections": {
                "input": {
                    "id": 24,
                    "output_name": "outfile"
                }
            },
            "inputs": [
                {
                    "description": "runtime parameter for tool SnpEff eff:",
                    "name": "intervals"
                },
                {
                    "description": "runtime parameter for tool SnpEff eff:",
                    "name": "transcripts"
                }
            ],
            "label": "SnpEff eff covid19 version",
            "name": "SnpEff eff:",
            "outputs": [
                {
                    "name": "snpeff_output",
                    "type": "vcf"
                },
                {
                    "name": "statsFile",
                    "type": "html"
                }
            ],
            "position": {
                "bottom": 731.947921753,
                "height": 302,
                "left": 1917.99053955,
                "right": 2117.99053955,
                "top": 429.947921753,
                "width": 200,
                "x": 1917.99053955,
                "y": 429.947921753
            },
            "post_job_actions": {
                "RenameDatasetActionsnpeff_output": {
                    "action_arguments": {
                        "newname": "Final (SnpEff-) annotated variants"
                    },
                    "action_type": "RenameDatasetAction",
                    "output_name": "snpeff_output"
                }
            },
            "tool_id": "toolshed.g2.bx.psu.edu/repos/iuc/snpeff_sars_cov_2/snpeff_sars_cov_2/4.5covid19",
            "tool_shed_repository": {
                "changeset_revision": "2a3a00c1fa0a",
                "name": "snpeff_sars_cov_2",
                "owner": "iuc",
                "tool_shed": "toolshed.g2.bx.psu.edu"
            },
            "tool_state": "{\"annotations\": [\"-formatEff\", \"-classic\"], \"chr\": \"\", \"csvStats\": false, \"filter\": {\"specificEffects\": \"no\", \"__current_case__\": 0}, \"filterOut\": [\"-no-downstream\", \"-no-intergenic\", \"-no-upstream\"], \"generate_stats\": true, \"genome_version\": \"NC_045512.2\", \"input\": {\"__class__\": \"ConnectedValue\"}, \"inputFormat\": \"vcf\", \"intervals\": {\"__class__\": \"RuntimeValue\"}, \"noLog\": true, \"offset\": \"default\", \"outputConditional\": {\"outputFormat\": \"vcf\", \"__current_case__\": 0}, \"transcripts\": {\"__class__\": \"RuntimeValue\"}, \"udLength\": \"0\", \"__page__\": null, \"__rerun_remap_job_id__\": null}",
            "tool_version": null,
            "type": "tool",
            "uuid": "00829b76-d86b-4d57-b5cf-9f3627eb6322",
            "when": null,
            "workflow_outputs": [
                {
                    "label": "annotated_variants",
                    "output_name": "snpeff_output",
                    "uuid": "3c4be346-5afc-4d5b-82d8-7c2bd251ebb6"
                },
                {
                    "label": "annotated_variants_stats",
                    "output_name": "statsFile",
                    "uuid": "9a0d16c2-bf3a-47d0-8536-acaea80d1519"
                }
            ]
        },
        "26": {
            "annotation": "",
            "content_id": "toolshed.g2.bx.psu.edu/repos/iuc/lofreq_filter/lofreq_filter/2.1.5+galaxy0",
            "errors": null,
            "id": 26,
            "input_connections": {
                "invcf": {
                    "id": 25,
                    "output_name": "snpeff_output"
                }
            },
            "inputs": [],
            "label": null,
            "name": "Lofreq filter",
            "outputs": [
                {
                    "name": "outvcf",
                    "type": "vcf"
                }
            ],
            "position": {
                "bottom": 735.84791565,
                "height": 134,
                "left": 2146.773986816,
                "right": 2346.773986816,
                "top": 601.84791565,
                "width": 200,
                "x": 2146.773986816,
                "y": 601.84791565
            },
            "post_job_actions": {
                "RenameDatasetActionoutvcf": {
                    "action_arguments": {
                        "newname": "Final (SnpEff-) annotated variants with strand-bias soft filter applied"
                    },
                    "action_type": "RenameDatasetAction",
                    "output_name": "outvcf"
                }
            },
            "tool_id": "toolshed.g2.bx.psu.edu/repos/iuc/lofreq_filter/lofreq_filter/2.1.5+galaxy0",
            "tool_shed_repository": {
                "changeset_revision": "7dfca164d2e3",
                "name": "lofreq_filter",
                "owner": "iuc",
                "tool_shed": "toolshed.g2.bx.psu.edu"
            },
            "tool_state": "{\"af\": {\"af_min\": \"0.0\", \"af_max\": \"0.0\"}, \"coverage\": {\"cov_min\": \"0\", \"cov_max\": \"0\"}, \"filter_by_type\": {\"keep_only\": \"\", \"__current_case__\": 0, \"qual\": {\"snvqual_filter\": {\"snvqual\": \"no\", \"__current_case__\": 0}, \"indelqual_filter\": {\"indelqual\": \"no\", \"__current_case__\": 0}}}, \"flag_or_drop\": \"--print-all\", \"invcf\": {\"__class__\": \"ConnectedValue\"}, \"sb\": {\"sb_filter\": {\"strand_bias\": \"mtc\", \"__current_case__\": 2, \"sb_alpha\": \"0.001\", \"sb_mtc\": \"fdr\", \"sb_compound\": true, \"sb_indels\": false}}, \"__page__\": null, \"__rerun_remap_job_id__\": null}",
            "tool_version": null,
            "type": "tool",
            "uuid": "bd99962d-59a2-42a6-abd7-4b52d752b152",
            "when": null,
            "workflow_outputs": [
                {
                    "label": "annotated_softfiltered_variants",
                    "output_name": "outvcf",
                    "uuid": "09ed269d-7588-4297-866e-bb1e4044c983"
                }
            ]
        }
    },
    "tags": [
        "COVID-19",
        "ARTIC",
        "covid19.galaxyproject.org"
    ],
    "uuid": "775502ee-eb33-4eda-ac35-90b8f42c3329",
    "version": 1
}