{
    "a_galaxy_workflow": "true",
    "annotation": "",
    "format-version": "0.1",
    "name": "gene expression",
    "steps": {
        "0": {
            "annotation": "",
            "content_id": null,
            "errors": null,
            "id": 0,
            "input_connections": {},
            "inputs": [
                {
                    "description": "",
                    "name": "reads 1"
                }
            ],
            "label": "reads 1",
            "name": "Input dataset",
            "outputs": [],
            "position": {
                "bottom": 308.3125,
                "height": 30.5,
                "left": 694.40625,
                "right": 794.40625,
                "top": 277.8125,
                "width": 100,
                "x": 694.40625,
                "y": 277.8125
            },
            "tool_id": null,
            "tool_state": "{\"optional\": false, \"tag\": null}",
            "tool_version": null,
            "type": "data_input",
            "uuid": "9b5e6c16-8cdf-4fa4-bf06-d9634d4f60c4",
            "when": null,
            "workflow_outputs": []
        },
        "1": {
            "annotation": "",
            "content_id": null,
            "errors": null,
            "id": 1,
            "input_connections": {},
            "inputs": [
                {
                    "description": "",
                    "name": "reads 2"
                }
            ],
            "label": "reads 2",
            "name": "Input dataset",
            "outputs": [],
            "position": {
                "bottom": 485.75,
                "height": 30.5,
                "left": 679.484375,
                "right": 779.484375,
                "top": 455.25,
                "width": 100,
                "x": 679.484375,
                "y": 455.25
            },
            "tool_id": null,
            "tool_state": "{\"optional\": false, \"tag\": null}",
            "tool_version": null,
            "type": "data_input",
            "uuid": "7c3e77b8-db30-4f99-8581-f351ff74e0bf",
            "when": null,
            "workflow_outputs": []
        },
        "2": {
            "annotation": "",
            "content_id": null,
            "errors": null,
            "id": 2,
            "input_connections": {},
            "inputs": [
                {
                    "description": "",
                    "name": "reference data"
                }
            ],
            "label": "reference data",
            "name": "Input dataset",
            "outputs": [],
            "position": {
                "bottom": -136.734375,
                "height": 30.5,
                "left": 1202.71875,
                "right": 1302.71875,
                "top": -167.234375,
                "width": 100,
                "x": 1202.71875,
                "y": -167.234375
            },
            "tool_id": null,
            "tool_state": "{\"optional\": false, \"tag\": null}",
            "tool_version": null,
            "type": "data_input",
            "uuid": "ef08caf1-c46f-46de-85fe-5325dae09bb4",
            "when": null,
            "workflow_outputs": []
        },
        "3": {
            "annotation": "",
            "content_id": "toolshed.g2.bx.psu.edu/repos/pjbriggs/trimmomatic/trimmomatic/0.38.0",
            "errors": null,
            "id": 3,
            "input_connections": {
                "readtype|fastq_in": {
                    "id": 0,
                    "output_name": "output"
                }
            },
            "inputs": [],
            "label": "Trimmomatic-1",
            "name": "Trimmomatic",
            "outputs": [
                {
                    "name": "fastq_out",
                    "type": "input"
                }
            ],
            "position": {
                "bottom": 372.6875,
                "height": 46,
                "left": 950.765625,
                "right": 1050.765625,
                "top": 326.6875,
                "width": 100,
                "x": 950.765625,
                "y": 326.6875
            },
            "post_job_actions": {},
            "tool_id": "toolshed.g2.bx.psu.edu/repos/pjbriggs/trimmomatic/trimmomatic/0.38.0",
            "tool_shed_repository": {
                "changeset_revision": "898b67846b47",
                "name": "trimmomatic",
                "owner": "pjbriggs",
                "tool_shed": "toolshed.g2.bx.psu.edu"
            },
            "tool_state": "{\"__job_resource\": {\"__job_resource__select\": \"no\", \"__current_case__\": 0}, \"illuminaclip\": {\"do_illuminaclip\": false, \"__current_case__\": 1}, \"operations\": [{\"__index__\": 0, \"operation\": {\"name\": \"SLIDINGWINDOW\", \"__current_case__\": 0, \"window_size\": \"4\", \"required_quality\": \"20\"}}], \"output_err\": false, \"output_logs\": false, \"readtype\": {\"single_or_paired\": \"se\", \"__current_case__\": 0, \"fastq_in\": {\"__class__\": \"ConnectedValue\"}}, \"__page__\": null, \"__rerun_remap_job_id__\": null}",
            "tool_version": "0.38.0",
            "type": "tool",
            "uuid": "0aa63e17-9b7f-45f9-9368-33d1393b75eb",
            "when": null,
            "workflow_outputs": [
                {
                    "label": null,
                    "output_name": "fastq_out",
                    "uuid": "3e1ef33a-e80c-4a41-b32c-f6ad5799ea02"
                }
            ]
        },
        "4": {
            "annotation": "",
            "content_id": "toolshed.g2.bx.psu.edu/repos/pjbriggs/trimmomatic/trimmomatic/0.38.0",
            "errors": null,
            "id": 4,
            "input_connections": {
                "readtype|fastq_in": {
                    "id": 1,
                    "output_name": "output"
                }
            },
            "inputs": [],
            "label": "Trimmomatic-2",
            "name": "Trimmomatic",
            "outputs": [
                {
                    "name": "fastq_out",
                    "type": "input"
                }
            ],
            "position": {
                "bottom": 587.796875,
                "height": 46,
                "left": 936.578125,
                "right": 1036.578125,
                "top": 541.796875,
                "width": 100,
                "x": 936.578125,
                "y": 541.796875
            },
            "post_job_actions": {},
            "tool_id": "toolshed.g2.bx.psu.edu/repos/pjbriggs/trimmomatic/trimmomatic/0.38.0",
            "tool_shed_repository": {
                "changeset_revision": "898b67846b47",
                "name": "trimmomatic",
                "owner": "pjbriggs",
                "tool_shed": "toolshed.g2.bx.psu.edu"
            },
            "tool_state": "{\"__job_resource\": {\"__job_resource__select\": \"no\", \"__current_case__\": 0}, \"illuminaclip\": {\"do_illuminaclip\": false, \"__current_case__\": 1}, \"operations\": [{\"__index__\": 0, \"operation\": {\"name\": \"SLIDINGWINDOW\", \"__current_case__\": 0, \"window_size\": \"4\", \"required_quality\": \"20\"}}], \"output_err\": false, \"output_logs\": false, \"readtype\": {\"single_or_paired\": \"se\", \"__current_case__\": 0, \"fastq_in\": {\"__class__\": \"ConnectedValue\"}}, \"__page__\": null, \"__rerun_remap_job_id__\": null}",
            "tool_version": "0.38.0",
            "type": "tool",
            "uuid": "6251077d-289b-4d90-9487-e7633b49cb62",
            "when": null,
            "workflow_outputs": [
                {
                    "label": null,
                    "output_name": "fastq_out",
                    "uuid": "112954da-2400-41cc-8e95-1a85efc09cb6"
                }
            ]
        },
        "5": {
            "annotation": "",
            "content_id": "toolshed.g2.bx.psu.edu/repos/devteam/fastqc/fastqc/0.72+galaxy1",
            "errors": null,
            "id": 5,
            "input_connections": {
                "input_file": {
                    "id": 3,
                    "output_name": "fastq_out"
                }
            },
            "inputs": [
                {
                    "description": "runtime parameter for tool FastQC",
                    "name": "adapters"
                },
                {
                    "description": "runtime parameter for tool FastQC",
                    "name": "contaminants"
                },
                {
                    "description": "runtime parameter for tool FastQC",
                    "name": "limits"
                }
            ],
            "label": null,
            "name": "FastQC",
            "outputs": [
                {
                    "name": "html_file",
                    "type": "html"
                },
                {
                    "name": "text_file",
                    "type": "txt"
                }
            ],
            "position": {
                "bottom": 72.09375,
                "height": 156,
                "left": 1181.21875,
                "right": 1281.21875,
                "top": -83.90625,
                "width": 100,
                "x": 1181.21875,
                "y": -83.90625
            },
            "post_job_actions": {},
            "tool_id": "toolshed.g2.bx.psu.edu/repos/devteam/fastqc/fastqc/0.72+galaxy1",
            "tool_shed_repository": {
                "changeset_revision": "e7b2202befea",
                "name": "fastqc",
                "owner": "devteam",
                "tool_shed": "toolshed.g2.bx.psu.edu"
            },
            "tool_state": "{\"adapters\": {\"__class__\": \"RuntimeValue\"}, \"contaminants\": {\"__class__\": \"RuntimeValue\"}, \"input_file\": {\"__class__\": \"ConnectedValue\"}, \"kmers\": \"7\", \"limits\": {\"__class__\": \"RuntimeValue\"}, \"min_length\": null, \"nogroup\": false, \"__page__\": null, \"__rerun_remap_job_id__\": null}",
            "tool_version": "0.72+galaxy1",
            "type": "tool",
            "uuid": "2bc85b80-435c-4703-bacc-050ec131c843",
            "when": null,
            "workflow_outputs": [
                {
                    "label": "FastQC on input dataset(s): RawData",
                    "output_name": "text_file",
                    "uuid": "f09643a3-1d36-46dd-925a-c8728b647984"
                },
                {
                    "label": "FastQC on input dataset(s): Webpage",
                    "output_name": "html_file",
                    "uuid": "c5f17c60-ef2b-41a4-9635-62ff895db674"
                }
            ]
        },
        "6": {
            "annotation": "",
            "content_id": "toolshed.g2.bx.psu.edu/repos/devteam/tophat2/tophat2/2.1.1",
            "errors": null,
            "id": 6,
            "input_connections": {
                "singlePaired|input1": {
                    "id": 3,
                    "output_name": "fastq_out"
                }
            },
            "inputs": [],
            "label": null,
            "name": "TopHat",
            "outputs": [
                {
                    "name": "align_summary",
                    "type": "txt"
                },
                {
                    "name": "insertions",
                    "type": "bed"
                },
                {
                    "name": "deletions",
                    "type": "bed"
                },
                {
                    "name": "junctions",
                    "type": "bed"
                },
                {
                    "name": "accepted_hits",
                    "type": "bam"
                }
            ],
            "position": {
                "bottom": 454.234375,
                "height": 186,
                "left": 1252.328125,
                "right": 1352.328125,
                "top": 268.234375,
                "width": 100,
                "x": 1252.328125,
                "y": 268.234375
            },
            "post_job_actions": {},
            "tool_id": "toolshed.g2.bx.psu.edu/repos/devteam/tophat2/tophat2/2.1.1",
            "tool_shed_repository": {
                "changeset_revision": "16c4255042be",
                "name": "tophat2",
                "owner": "devteam",
                "tool_shed": "toolshed.g2.bx.psu.edu"
            },
            "tool_state": "{\"__job_resource\": {\"__job_resource__select\": \"no\", \"__current_case__\": 0}, \"params\": {\"settingsType\": \"preSet\", \"__current_case__\": 0}, \"readGroup\": {\"specReadGroup\": \"no\", \"__current_case__\": 1}, \"refGenomeSource\": {\"genomeSource\": \"indexed\", \"__current_case__\": 0, \"index\": \"dm3\"}, \"singlePaired\": {\"sPaired\": \"single\", \"__current_case__\": 0, \"input1\": {\"__class__\": \"ConnectedValue\"}}, \"__page__\": null, \"__rerun_remap_job_id__\": null}",
            "tool_version": "2.1.1",
            "type": "tool",
            "uuid": "2c22b5b2-21d5-4eb0-b90b-e6e1f4d105d1",
            "when": null,
            "workflow_outputs": [
                {
                    "label": null,
                    "output_name": "deletions",
                    "uuid": "58da0561-b595-49d0-839e-1b4d99fa9efa"
                },
                {
                    "label": null,
                    "output_name": "insertions",
                    "uuid": "5a4d512e-727d-4702-92c6-584e35f740b7"
                },
                {
                    "label": null,
                    "output_name": "align_summary",
                    "uuid": "752ae493-9c6c-4c10-810e-c79f37c23055"
                },
                {
                    "label": null,
                    "output_name": "junctions",
                    "uuid": "557c5fca-7dff-46af-b35a-9752e51a69c9"
                },
                {
                    "label": null,
                    "output_name": "accepted_hits",
                    "uuid": "77a548b2-2d2e-4ebd-82b7-dbd8023e29e4"
                }
            ]
        },
        "7": {
            "annotation": "",
            "content_id": "toolshed.g2.bx.psu.edu/repos/devteam/tophat2/tophat2/2.1.1",
            "errors": null,
            "id": 7,
            "input_connections": {
                "singlePaired|input1": {
                    "id": 4,
                    "output_name": "fastq_out"
                }
            },
            "inputs": [],
            "label": null,
            "name": "TopHat",
            "outputs": [
                {
                    "name": "align_summary",
                    "type": "txt"
                },
                {
                    "name": "insertions",
                    "type": "bed"
                },
                {
                    "name": "deletions",
                    "type": "bed"
                },
                {
                    "name": "junctions",
                    "type": "bed"
                },
                {
                    "name": "accepted_hits",
                    "type": "bam"
                }
            ],
            "position": {
                "bottom": 858.890625,
                "height": 186,
                "left": 1250.90625,
                "right": 1350.90625,
                "top": 672.890625,
                "width": 100,
                "x": 1250.90625,
                "y": 672.890625
            },
            "post_job_actions": {},
            "tool_id": "toolshed.g2.bx.psu.edu/repos/devteam/tophat2/tophat2/2.1.1",
            "tool_shed_repository": {
                "changeset_revision": "16c4255042be",
                "name": "tophat2",
                "owner": "devteam",
                "tool_shed": "toolshed.g2.bx.psu.edu"
            },
            "tool_state": "{\"__job_resource\": {\"__job_resource__select\": \"no\", \"__current_case__\": 0}, \"params\": {\"settingsType\": \"preSet\", \"__current_case__\": 0}, \"readGroup\": {\"specReadGroup\": \"no\", \"__current_case__\": 1}, \"refGenomeSource\": {\"genomeSource\": \"indexed\", \"__current_case__\": 0, \"index\": \"dm3\"}, \"singlePaired\": {\"sPaired\": \"single\", \"__current_case__\": 0, \"input1\": {\"__class__\": \"ConnectedValue\"}}, \"__page__\": null, \"__rerun_remap_job_id__\": null}",
            "tool_version": "2.1.1",
            "type": "tool",
            "uuid": "b567edc3-2eb0-45bb-bace-ef0ec7d6f0ed",
            "when": null,
            "workflow_outputs": [
                {
                    "label": "TopHat on input dataset(s): accepted_hits",
                    "output_name": "accepted_hits",
                    "uuid": "a04a57af-3f64-4307-8c5b-ebd21f4411ea"
                },
                {
                    "label": "TopHat on input dataset(s): insertions",
                    "output_name": "insertions",
                    "uuid": "43ce3ebe-cf59-4091-bd56-49d426573caa"
                },
                {
                    "label": "TopHat on input dataset(s): deletions",
                    "output_name": "deletions",
                    "uuid": "57be309e-ebbf-4cb9-b9c3-ff2a2116ca53"
                },
                {
                    "label": "TopHat on input dataset(s): align_summary",
                    "output_name": "align_summary",
                    "uuid": "5da57ac6-ba2a-47cb-80a4-f60a51ed1d60"
                },
                {
                    "label": "TopHat on input dataset(s): splice junctions",
                    "output_name": "junctions",
                    "uuid": "e205ecbd-134c-4920-815f-e4dc10cc77d9"
                }
            ]
        },
        "8": {
            "annotation": "",
            "content_id": "toolshed.g2.bx.psu.edu/repos/devteam/fastqc/fastqc/0.72+galaxy1",
            "errors": null,
            "id": 8,
            "input_connections": {
                "input_file": {
                    "id": 4,
                    "output_name": "fastq_out"
                }
            },
            "inputs": [
                {
                    "description": "runtime parameter for tool FastQC",
                    "name": "adapters"
                },
                {
                    "description": "runtime parameter for tool FastQC",
                    "name": "contaminants"
                },
                {
                    "description": "runtime parameter for tool FastQC",
                    "name": "limits"
                }
            ],
            "label": null,
            "name": "FastQC",
            "outputs": [
                {
                    "name": "html_file",
                    "type": "html"
                },
                {
                    "name": "text_file",
                    "type": "txt"
                }
            ],
            "position": {
                "bottom": 1238.734375,
                "height": 156,
                "left": 1191.390625,
                "right": 1291.390625,
                "top": 1082.734375,
                "width": 100,
                "x": 1191.390625,
                "y": 1082.734375
            },
            "post_job_actions": {},
            "tool_id": "toolshed.g2.bx.psu.edu/repos/devteam/fastqc/fastqc/0.72+galaxy1",
            "tool_shed_repository": {
                "changeset_revision": "e7b2202befea",
                "name": "fastqc",
                "owner": "devteam",
                "tool_shed": "toolshed.g2.bx.psu.edu"
            },
            "tool_state": "{\"adapters\": {\"__class__\": \"RuntimeValue\"}, \"contaminants\": {\"__class__\": \"RuntimeValue\"}, \"input_file\": {\"__class__\": \"ConnectedValue\"}, \"kmers\": \"7\", \"limits\": {\"__class__\": \"RuntimeValue\"}, \"min_length\": \"20\", \"nogroup\": false, \"__page__\": null, \"__rerun_remap_job_id__\": null}",
            "tool_version": "0.72+galaxy1",
            "type": "tool",
            "uuid": "c697ae53-e86d-462a-8f0a-e7092c8f7be4",
            "when": null,
            "workflow_outputs": [
                {
                    "label": null,
                    "output_name": "text_file",
                    "uuid": "0d58b19a-c278-4a04-9d5b-03a65584840b"
                },
                {
                    "label": null,
                    "output_name": "html_file",
                    "uuid": "e0d3c090-aa0e-4e0a-83aa-b7e619af6fb9"
                }
            ]
        },
        "9": {
            "annotation": "",
            "content_id": "toolshed.g2.bx.psu.edu/repos/devteam/cufflinks/cufflinks/2.2.1.3",
            "errors": null,
            "id": 9,
            "input_connections": {
                "input": {
                    "id": 6,
                    "output_name": "accepted_hits"
                },
                "reference_annotation|reference_annotation_file": {
                    "id": 2,
                    "output_name": "output"
                }
            },
            "inputs": [],
            "label": null,
            "name": "Cufflinks",
            "outputs": [
                {
                    "name": "genes_expression",
                    "type": "tabular"
                },
                {
                    "name": "transcripts_expression",
                    "type": "tabular"
                },
                {
                    "name": "assembled_isoforms",
                    "type": "gtf"
                },
                {
                    "name": "total_map_mass",
                    "type": "txt"
                },
                {
                    "name": "skipped",
                    "type": "gtf"
                }
            ],
            "position": {
                "bottom": 21.984375,
                "height": 231,
                "left": 1552.515625,
                "right": 1652.515625,
                "top": -209.015625,
                "width": 100,
                "x": 1552.515625,
                "y": -209.015625
            },
            "post_job_actions": {},
            "tool_id": "toolshed.g2.bx.psu.edu/repos/devteam/cufflinks/cufflinks/2.2.1.3",
            "tool_shed_repository": {
                "changeset_revision": "d080005cffe1",
                "name": "cufflinks",
                "owner": "devteam",
                "tool_shed": "toolshed.g2.bx.psu.edu"
            },
            "tool_state": "{\"__job_resource\": {\"__job_resource__select\": \"no\", \"__current_case__\": 0}, \"advanced_settings\": {\"use_advanced_settings\": \"No\", \"__current_case__\": 0}, \"bias_correction\": {\"do_bias_correction\": \"No\", \"__current_case__\": 1}, \"global_model\": null, \"input\": {\"__class__\": \"ConnectedValue\"}, \"length_correction\": \"\", \"max_intron_len\": \"300000\", \"min_isoform_fraction\": \"0.1\", \"multiread_correct\": false, \"pre_mrna_fraction\": \"0.15\", \"reference_annotation\": {\"use_ref\": \"Use reference annotation\", \"__current_case__\": 1, \"reference_annotation_file\": {\"__class__\": \"ConnectedValue\"}, \"compatible_hits_norm\": \"\"}, \"__page__\": null, \"__rerun_remap_job_id__\": null}",
            "tool_version": "2.2.1.3",
            "type": "tool",
            "uuid": "04011967-fe6c-451f-af6a-b98a221a48bb",
            "when": null,
            "workflow_outputs": [
                {
                    "label": "Cufflinks on input dataset(s): assembled transcripts",
                    "output_name": "assembled_isoforms",
                    "uuid": "2597191f-0136-4ad3-833e-2e16eb0c3971"
                },
                {
                    "label": "Cufflinks on input dataset(s): Skipped Transcripts",
                    "output_name": "skipped",
                    "uuid": "d721acbd-b883-4e39-815f-11cac7037255"
                },
                {
                    "label": "Cufflinks on input dataset(s): total map mass",
                    "output_name": "total_map_mass",
                    "uuid": "585670ec-e07b-4382-9f0d-4ca2871d571c"
                },
                {
                    "label": "Cufflinks on input dataset(s): gene expression",
                    "output_name": "genes_expression",
                    "uuid": "f80fb5c4-2cba-4ea7-a5c0-6112a1a436b6"
                },
                {
                    "label": "Cufflinks on input dataset(s): transcript expression",
                    "output_name": "transcripts_expression",
                    "uuid": "7c8236a3-d298-4b7e-bcd0-cd9c983c9e81"
                }
            ]
        },
        "10": {
            "annotation": "",
            "content_id": "toolshed.g2.bx.psu.edu/repos/devteam/cufflinks/cufflinks/2.2.1.3",
            "errors": null,
            "id": 10,
            "input_connections": {
                "input": {
                    "id": 7,
                    "output_name": "accepted_hits"
                },
                "reference_annotation|reference_annotation_file": {
                    "id": 2,
                    "output_name": "output"
                }
            },
            "inputs": [],
            "label": null,
            "name": "Cufflinks",
            "outputs": [
                {
                    "name": "genes_expression",
                    "type": "tabular"
                },
                {
                    "name": "transcripts_expression",
                    "type": "tabular"
                },
                {
                    "name": "assembled_isoforms",
                    "type": "gtf"
                },
                {
                    "name": "total_map_mass",
                    "type": "txt"
                },
                {
                    "name": "skipped",
                    "type": "gtf"
                }
            ],
            "position": {
                "bottom": 705.390625,
                "height": 231,
                "left": 1577.90625,
                "right": 1677.90625,
                "top": 474.390625,
                "width": 100,
                "x": 1577.90625,
                "y": 474.390625
            },
            "post_job_actions": {},
            "tool_id": "toolshed.g2.bx.psu.edu/repos/devteam/cufflinks/cufflinks/2.2.1.3",
            "tool_shed_repository": {
                "changeset_revision": "d080005cffe1",
                "name": "cufflinks",
                "owner": "devteam",
                "tool_shed": "toolshed.g2.bx.psu.edu"
            },
            "tool_state": "{\"__job_resource\": {\"__job_resource__select\": \"no\", \"__current_case__\": 0}, \"advanced_settings\": {\"use_advanced_settings\": \"No\", \"__current_case__\": 0}, \"bias_correction\": {\"do_bias_correction\": \"No\", \"__current_case__\": 1}, \"global_model\": null, \"input\": {\"__class__\": \"ConnectedValue\"}, \"length_correction\": \"\", \"max_intron_len\": \"300000\", \"min_isoform_fraction\": \"0.1\", \"multiread_correct\": false, \"pre_mrna_fraction\": \"0.15\", \"reference_annotation\": {\"use_ref\": \"Use reference annotation\", \"__current_case__\": 1, \"reference_annotation_file\": {\"__class__\": \"ConnectedValue\"}, \"compatible_hits_norm\": \"\"}, \"__page__\": null, \"__rerun_remap_job_id__\": null}",
            "tool_version": "2.2.1.3",
            "type": "tool",
            "uuid": "f6e44961-78d8-4e02-aff7-73a64591e468",
            "when": null,
            "workflow_outputs": [
                {
                    "label": null,
                    "output_name": "total_map_mass",
                    "uuid": "c61713d1-f32a-4981-895b-035aac38b300"
                },
                {
                    "label": null,
                    "output_name": "transcripts_expression",
                    "uuid": "84c9dbc9-efc2-4a36-9bd8-fa4ae10c1464"
                },
                {
                    "label": null,
                    "output_name": "assembled_isoforms",
                    "uuid": "2d824f20-0e4c-4020-be3b-b08aab81bcc4"
                },
                {
                    "label": null,
                    "output_name": "skipped",
                    "uuid": "aa62396a-64cf-444c-a63e-a47d8eb6faca"
                },
                {
                    "label": null,
                    "output_name": "genes_expression",
                    "uuid": "c5682e04-bd8c-428f-9635-c27abc729509"
                }
            ]
        },
        "11": {
            "annotation": "",
            "content_id": "toolshed.g2.bx.psu.edu/repos/devteam/cuffmerge/cuffmerge/0.0.5",
            "errors": null,
            "id": 11,
            "input_connections": {
                "annotation|reference_annotation": {
                    "id": 2,
                    "output_name": "output"
                },
                "first_input": {
                    "id": 9,
                    "output_name": "assembled_isoforms"
                },
                "input_files_0|additional_input": {
                    "id": 10,
                    "output_name": "assembled_isoforms"
                }
            },
            "inputs": [],
            "label": null,
            "name": "Cuffmerge",
            "outputs": [
                {
                    "name": "merged_transcripts",
                    "type": "gtf"
                }
            ],
            "position": {
                "bottom": 315.453125,
                "height": 126,
                "left": 1817.84375,
                "right": 1917.84375,
                "top": 189.453125,
                "width": 100,
                "x": 1817.84375,
                "y": 189.453125
            },
            "post_job_actions": {},
            "tool_id": "toolshed.g2.bx.psu.edu/repos/devteam/cuffmerge/cuffmerge/0.0.5",
            "tool_shed_repository": {
                "changeset_revision": "fdc55fd74f78",
                "name": "cuffmerge",
                "owner": "devteam",
                "tool_shed": "toolshed.g2.bx.psu.edu"
            },
            "tool_state": "{\"__job_resource\": {\"__job_resource__select\": \"no\", \"__current_case__\": 0}, \"annotation\": {\"use_ref_annotation\": \"Yes\", \"__current_case__\": 0, \"reference_annotation\": {\"__class__\": \"ConnectedValue\"}}, \"first_input\": {\"__class__\": \"ConnectedValue\"}, \"input_files\": [{\"__index__\": 0, \"additional_input\": {\"__class__\": \"ConnectedValue\"}}], \"seq_data\": {\"use_seq_data\": \"No\", \"__current_case__\": 0}, \"__page__\": null, \"__rerun_remap_job_id__\": null}",
            "tool_version": "0.0.5",
            "type": "tool",
            "uuid": "141d9d46-aad4-4577-91a0-bf688f99bf33",
            "when": null,
            "workflow_outputs": [
                {
                    "label": "Cuffmerge on input dataset(s): merged transcripts",
                    "output_name": "merged_transcripts",
                    "uuid": "a9deec92-6066-413e-9aab-17af224134d6"
                }
            ]
        },
        "12": {
            "annotation": "",
            "content_id": "toolshed.g2.bx.psu.edu/repos/devteam/cuffdiff/cuffdiff/2.2.1.6",
            "errors": null,
            "id": 12,
            "input_connections": {
                "gtf_input": {
                    "id": 11,
                    "output_name": "merged_transcripts"
                },
                "in_type|conditions_0|samples": {
                    "id": 6,
                    "output_name": "accepted_hits"
                },
                "in_type|conditions_1|samples": {
                    "id": 7,
                    "output_name": "accepted_hits"
                }
            },
            "inputs": [],
            "label": null,
            "name": "Cuffdiff",
            "outputs": [
                {
                    "name": "splicing_diff",
                    "type": "tabular"
                },
                {
                    "name": "promoters_diff",
                    "type": "tabular"
                },
                {
                    "name": "cds_diff",
                    "type": "tabular"
                },
                {
                    "name": "cds_exp_fpkm_tracking",
                    "type": "tabular"
                },
                {
                    "name": "cds_fpkm_tracking",
                    "type": "tabular"
                },
                {
                    "name": "tss_groups_exp",
                    "type": "tabular"
                },
                {
                    "name": "tss_groups_fpkm_tracking",
                    "type": "tabular"
                },
                {
                    "name": "genes_exp",
                    "type": "tabular"
                },
                {
                    "name": "genes_fpkm_tracking",
                    "type": "tabular"
                },
                {
                    "name": "isoforms_exp",
                    "type": "tabular"
                },
                {
                    "name": "isoforms_fpkm_tracking",
                    "type": "tabular"
                }
            ],
            "position": {
                "bottom": 563.75,
                "height": 526,
                "left": 2056.671875,
                "right": 2156.671875,
                "top": 37.75,
                "width": 100,
                "x": 2056.671875,
                "y": 37.75
            },
            "post_job_actions": {
                "ChangeDatatypeActiongenes_exp": {
                    "action_arguments": {
                        "newtype": "gtf"
                    },
                    "action_type": "ChangeDatatypeAction",
                    "output_name": "genes_exp"
                }
            },
            "tool_id": "toolshed.g2.bx.psu.edu/repos/devteam/cuffdiff/cuffdiff/2.2.1.6",
            "tool_shed_repository": {
                "changeset_revision": "43221aef70e2",
                "name": "cuffdiff",
                "owner": "devteam",
                "tool_shed": "toolshed.g2.bx.psu.edu"
            },
            "tool_state": "{\"__job_resource\": {\"__job_resource__select\": \"no\", \"__current_case__\": 0}, \"additional\": {\"sAdditional\": \"No\", \"__current_case__\": 0}, \"advanced_settings\": {\"sAdvanced\": \"No\", \"__current_case__\": 0}, \"bias_correction\": {\"do_bias_correction\": \"No\", \"__current_case__\": 1}, \"dispersion_method\": \"blind\", \"fdr\": \"0.05\", \"generate_sqlite\": false, \"gtf_input\": {\"__class__\": \"ConnectedValue\"}, \"in_type\": {\"set_in_type\": \"BAM\", \"__current_case__\": 0, \"conditions\": [{\"__index__\": 0, \"name\": \"1\", \"samples\": {\"__class__\": \"ConnectedValue\"}}, {\"__index__\": 1, \"name\": \"2\", \"samples\": {\"__class__\": \"ConnectedValue\"}}]}, \"include_count_files\": \"No\", \"include_read_group_files\": \"No\", \"length_correction\": \"\", \"library_norm_method\": \"geometric\", \"min_alignment_count\": \"10\", \"multiread_correct\": false, \"omit_tabular_output\": false, \"__page__\": null, \"__rerun_remap_job_id__\": null}",
            "tool_version": "2.2.1.6",
            "type": "tool",
            "uuid": "8ecfb2ea-9472-497c-a6c4-1f08cef8432b",
            "when": null,
            "workflow_outputs": [
                {
                    "label": "Cuffdiff on input dataset(s): CDS FPKM differential expression testing",
                    "output_name": "cds_exp_fpkm_tracking",
                    "uuid": "43fcac75-10d0-4e04-9134-a3bed492e3a4"
                },
                {
                    "label": "Cuffdiff on input dataset(s): CDS overloading diffential expression testing",
                    "output_name": "cds_diff",
                    "uuid": "2d7552d5-d780-40b3-8b9f-3793fda946bf"
                },
                {
                    "label": "Cuffdiff on input dataset(s): transcript FPKM tracking",
                    "output_name": "isoforms_fpkm_tracking",
                    "uuid": "3883b737-9e95-411c-8834-5545b1351328"
                },
                {
                    "label": "Cuffdiff on input dataset(s): transcript differential expression testing",
                    "output_name": "isoforms_exp",
                    "uuid": "a5b4863d-41be-4d49-b7b5-ad5940f84f3f"
                },
                {
                    "label": "Cuffdiff on input dataset(s): gene FPKM tracking",
                    "output_name": "genes_fpkm_tracking",
                    "uuid": "45733b91-9010-40e5-9adf-346c49507a17"
                },
                {
                    "label": "Cuffdiff on input dataset(s): promoters differential expression testing",
                    "output_name": "promoters_diff",
                    "uuid": "8de0b562-a345-4202-90e3-8a2c8f037a0d"
                },
                {
                    "label": "Cuffdiff on input dataset(s): splicing differential expression testing",
                    "output_name": "splicing_diff",
                    "uuid": "823545ae-2ce4-42bb-a521-9550ad52e5b4"
                },
                {
                    "label": "Cuffdiff on input dataset(s): gene differential expression testing",
                    "output_name": "genes_exp",
                    "uuid": "76078883-9bc6-44ca-ba3c-6ca3f2d3239b"
                },
                {
                    "label": "Cuffdiff on input dataset(s): TSS groups FPKM tracking",
                    "output_name": "tss_groups_fpkm_tracking",
                    "uuid": "bebb108d-7565-415a-bfed-c67342c1c595"
                },
                {
                    "label": "Cuffdiff on input dataset(s): TSS groups differential expression testing",
                    "output_name": "tss_groups_exp",
                    "uuid": "ace16c84-9e5a-4a83-8db3-12ab9ba5f951"
                },
                {
                    "label": "Cuffdiff on input dataset(s): CDS FPKM tracking",
                    "output_name": "cds_fpkm_tracking",
                    "uuid": "758748b5-be96-4df1-b31c-9cc3bfae1065"
                }
            ]
        },
        "13": {
            "annotation": "",
            "content_id": "Filter1",
            "errors": null,
            "id": 13,
            "input_connections": {
                "input": {
                    "id": 12,
                    "output_name": "genes_exp"
                }
            },
            "inputs": [],
            "label": null,
            "name": "Filter",
            "outputs": [
                {
                    "name": "out_file1",
                    "type": "input"
                }
            ],
            "position": {
                "bottom": 254.84375,
                "height": 46,
                "left": 2363.046875,
                "right": 2463.046875,
                "top": 208.84375,
                "width": 100,
                "x": 2363.046875,
                "y": 208.84375
            },
            "post_job_actions": {},
            "tool_id": "Filter1",
            "tool_state": "{\"cond\": \"c14==\\\"yes\\\"\", \"header_lines\": \"0\", \"input\": {\"__class__\": \"ConnectedValue\"}, \"__page__\": null, \"__rerun_remap_job_id__\": null}",
            "tool_version": "1.1.1",
            "type": "tool",
            "uuid": "8c6e4a40-2854-4efa-b39b-eb3e83e8fa12",
            "when": null,
            "workflow_outputs": [
                {
                    "label": null,
                    "output_name": "out_file1",
                    "uuid": "82b4bed6-b440-4758-80bb-a881fb4dad15"
                }
            ]
        }
    },
    "tags": [],
    "uuid": "3ddf88c0-cff8-49d8-9acb-d09cf900c487",
    "version": 16
}