{
    "a_galaxy_workflow": "true",
    "annotation": "",
    "format-version": "0.1",
    "name": "Unmapped reads analysis",
    "steps": {
        "0": {
            "annotation": "",
            "content_id": null,
            "errors": null,
            "id": 0,
            "input_connections": {},
            "inputs": [],
            "label": null,
            "name": "Input dataset",
            "outputs": [],
            "position": {
                "left": 200,
                "top": 200
            },
            "tool_id": null,
            "tool_state": "{\"optional\": false, \"tag\": null}",
            "tool_version": null,
            "type": "data_input",
            "uuid": "80aaac9a-4ec5-48c9-89d0-d919d3a12787",
            "when": null,
            "workflow_outputs": []
        },
        "1": {
            "annotation": "",
            "content_id": null,
            "errors": null,
            "id": 1,
            "input_connections": {},
            "inputs": [],
            "label": null,
            "name": "Input dataset",
            "outputs": [],
            "position": {
                "left": 200,
                "top": 287
            },
            "tool_id": null,
            "tool_state": "{\"optional\": false, \"tag\": null}",
            "tool_version": null,
            "type": "data_input",
            "uuid": "de258921-ae35-44d3-92ad-1bad8081b2b8",
            "when": null,
            "workflow_outputs": []
        },
        "2": {
            "annotation": "",
            "content_id": "toolshed.g2.bx.psu.edu/repos/devteam/fasta_nucleotide_changer/cshl_fasta_nucleotides_changer/1.0.1",
            "errors": null,
            "id": 2,
            "input_connections": {
                "input": {
                    "id": 0,
                    "output_name": "output"
                }
            },
            "inputs": [],
            "label": null,
            "name": "RNA/DNA",
            "outputs": [
                {
                    "name": "output",
                    "type": "input"
                }
            ],
            "position": {
                "left": 460,
                "top": 200
            },
            "post_job_actions": {
                "HideDatasetActionoutput": {
                    "action_arguments": {},
                    "action_type": "HideDatasetAction",
                    "output_name": "output"
                }
            },
            "tool_id": "toolshed.g2.bx.psu.edu/repos/devteam/fasta_nucleotide_changer/cshl_fasta_nucleotides_changer/1.0.1",
            "tool_shed_repository": {
                "changeset_revision": "cc9a18dd41c9",
                "name": "fasta_nucleotide_changer",
                "owner": "devteam",
                "tool_shed": "toolshed.g2.bx.psu.edu"
            },
            "tool_state": "{\"input\": {\"values\": [{\"id\": 36914617, \"src\": \"hda\"}]}, \"mode\": \"d\", \"__page__\": null, \"__rerun_remap_job_id__\": null}",
            "tool_version": "1.0.1",
            "type": "tool",
            "uuid": "31ff1f80-6d6b-4777-a64b-4644c4e2e8ab",
            "when": null,
            "workflow_outputs": []
        },
        "3": {
            "annotation": "",
            "content_id": "toolshed.g2.bx.psu.edu/repos/devteam/fastx_collapser/cshl_fastx_collapser/1.0.1",
            "errors": null,
            "id": 3,
            "input_connections": {
                "input": {
                    "id": 1,
                    "output_name": "output"
                }
            },
            "inputs": [],
            "label": null,
            "name": "Collapse",
            "outputs": [
                {
                    "name": "output",
                    "type": "fasta"
                }
            ],
            "position": {
                "left": 460,
                "top": 316
            },
            "post_job_actions": {},
            "tool_id": "toolshed.g2.bx.psu.edu/repos/devteam/fastx_collapser/cshl_fastx_collapser/1.0.1",
            "tool_shed_repository": {
                "changeset_revision": "7ce1891db6f5",
                "name": "fastx_collapser",
                "owner": "devteam",
                "tool_shed": "toolshed.g2.bx.psu.edu"
            },
            "tool_state": "{\"input\": {\"values\": [{\"id\": 36914622, \"src\": \"hda\"}]}, \"__page__\": null, \"__rerun_remap_job_id__\": null}",
            "tool_version": "1.0.1",
            "type": "tool",
            "uuid": "d236304d-58f7-46fb-8fe6-8559042e4ced",
            "when": null,
            "workflow_outputs": [
                {
                    "label": null,
                    "output_name": "output",
                    "uuid": "edb7dac4-5fad-427d-8ed8-c621f8891259"
                }
            ]
        },
        "4": {
            "annotation": "",
            "content_id": "toolshed.g2.bx.psu.edu/repos/iuc/hisat2/hisat2/2.1.0",
            "errors": null,
            "id": 4,
            "input_connections": {
                "library|input_1": {
                    "id": 3,
                    "output_name": "output"
                },
                "reference_genome|history_item": {
                    "id": 2,
                    "output_name": "output"
                }
            },
            "inputs": [
                {
                    "description": "runtime parameter for tool HISAT2",
                    "name": "library"
                },
                {
                    "description": "runtime parameter for tool HISAT2",
                    "name": "reference_genome"
                }
            ],
            "label": null,
            "name": "HISAT2",
            "outputs": [
                {
                    "name": "output_alignments",
                    "type": "bam"
                },
                {
                    "name": "summary_file",
                    "type": "txt"
                }
            ],
            "position": {
                "left": 776,
                "top": 200
            },
            "post_job_actions": {
                "HideDatasetActionoutput_aligned_reads_l": {
                    "action_arguments": {},
                    "action_type": "HideDatasetAction",
                    "output_name": "output_aligned_reads_l"
                },
                "HideDatasetActionoutput_aligned_reads_r": {
                    "action_arguments": {},
                    "action_type": "HideDatasetAction",
                    "output_name": "output_aligned_reads_r"
                },
                "HideDatasetActionoutput_unaligned_reads_l": {
                    "action_arguments": {},
                    "action_type": "HideDatasetAction",
                    "output_name": "output_unaligned_reads_l"
                },
                "HideDatasetActionoutput_unaligned_reads_r": {
                    "action_arguments": {},
                    "action_type": "HideDatasetAction",
                    "output_name": "output_unaligned_reads_r"
                }
            },
            "tool_id": "toolshed.g2.bx.psu.edu/repos/iuc/hisat2/hisat2/2.1.0",
            "tool_shed_repository": {
                "changeset_revision": "6ab42baa56e9",
                "name": "hisat2",
                "owner": "iuc",
                "tool_shed": "toolshed.g2.bx.psu.edu"
            },
            "tool_state": "{\"__job_resource\": {\"__job_resource__select\": \"no\", \"__current_case__\": 0}, \"adv\": {\"input_options\": {\"input_options_selector\": \"defaults\", \"__current_case__\": 0}, \"alignment_options\": {\"alignment_options_selector\": \"defaults\", \"__current_case__\": 0}, \"scoring_options\": {\"scoring_options_selector\": \"defaults\", \"__current_case__\": 0}, \"spliced_options\": {\"spliced_options_selector\": \"defaults\", \"__current_case__\": 0}, \"reporting_options\": {\"reporting_options_selector\": \"defaults\", \"__current_case__\": 0}, \"output_options\": {\"output_options_selector\": \"defaults\", \"__current_case__\": 0}, \"other_options\": {\"other_options_selector\": \"defaults\", \"__current_case__\": 0}}, \"library\": {\"type\": \"single\", \"__current_case__\": 0, \"input_1\": {\"__class__\": \"RuntimeValue\"}, \"rna_strandness\": \"\"}, \"reference_genome\": {\"source\": \"history\", \"__current_case__\": 1, \"history_item\": {\"__class__\": \"RuntimeValue\"}}, \"sum\": {\"new_summary\": false, \"summary_file\": true}, \"__page__\": null, \"__rerun_remap_job_id__\": null}",
            "tool_version": "2.1.0",
            "type": "tool",
            "uuid": "bb693fef-fef0-4f43-8f68-f25a5dc5e8b9",
            "when": null,
            "workflow_outputs": [
                {
                    "label": null,
                    "output_name": "output_alignments",
                    "uuid": "e36da2ac-64a6-4dcf-bc6d-c02c4c739108"
                },
                {
                    "label": null,
                    "output_name": "summary_file",
                    "uuid": "3b9b161f-749d-4a40-8de0-f83890049d53"
                }
            ]
        },
        "5": {
            "annotation": "",
            "content_id": "toolshed.g2.bx.psu.edu/repos/iuc/hisat2/hisat2/2.1.0",
            "errors": null,
            "id": 5,
            "input_connections": {
                "library|input_1": {
                    "id": 3,
                    "output_name": "output"
                }
            },
            "inputs": [
                {
                    "description": "runtime parameter for tool HISAT2",
                    "name": "library"
                }
            ],
            "label": null,
            "name": "HISAT2",
            "outputs": [
                {
                    "name": "output_alignments",
                    "type": "bam"
                },
                {
                    "name": "summary_file",
                    "type": "txt"
                }
            ],
            "position": {
                "left": 776,
                "top": 556
            },
            "post_job_actions": {
                "HideDatasetActionoutput_aligned_reads_l": {
                    "action_arguments": {},
                    "action_type": "HideDatasetAction",
                    "output_name": "output_aligned_reads_l"
                },
                "HideDatasetActionoutput_aligned_reads_r": {
                    "action_arguments": {},
                    "action_type": "HideDatasetAction",
                    "output_name": "output_aligned_reads_r"
                },
                "HideDatasetActionoutput_unaligned_reads_l": {
                    "action_arguments": {},
                    "action_type": "HideDatasetAction",
                    "output_name": "output_unaligned_reads_l"
                },
                "HideDatasetActionoutput_unaligned_reads_r": {
                    "action_arguments": {},
                    "action_type": "HideDatasetAction",
                    "output_name": "output_unaligned_reads_r"
                }
            },
            "tool_id": "toolshed.g2.bx.psu.edu/repos/iuc/hisat2/hisat2/2.1.0",
            "tool_shed_repository": {
                "changeset_revision": "6ab42baa56e9",
                "name": "hisat2",
                "owner": "iuc",
                "tool_shed": "toolshed.g2.bx.psu.edu"
            },
            "tool_state": "{\"__job_resource\": {\"__job_resource__select\": \"no\", \"__current_case__\": 0}, \"adv\": {\"input_options\": {\"input_options_selector\": \"defaults\", \"__current_case__\": 0}, \"alignment_options\": {\"alignment_options_selector\": \"defaults\", \"__current_case__\": 0}, \"scoring_options\": {\"scoring_options_selector\": \"defaults\", \"__current_case__\": 0}, \"spliced_options\": {\"spliced_options_selector\": \"defaults\", \"__current_case__\": 0}, \"reporting_options\": {\"reporting_options_selector\": \"defaults\", \"__current_case__\": 0}, \"output_options\": {\"output_options_selector\": \"defaults\", \"__current_case__\": 0}, \"other_options\": {\"other_options_selector\": \"defaults\", \"__current_case__\": 0}}, \"library\": {\"type\": \"single\", \"__current_case__\": 0, \"input_1\": {\"__class__\": \"RuntimeValue\"}, \"rna_strandness\": \"\"}, \"reference_genome\": {\"source\": \"indexed\", \"__current_case__\": 0, \"index\": \"hg38canon\"}, \"sum\": {\"new_summary\": false, \"summary_file\": true}, \"__page__\": null, \"__rerun_remap_job_id__\": null}",
            "tool_version": "2.1.0",
            "type": "tool",
            "uuid": "4eabeaf6-4295-4814-8e46-0009fad91587",
            "when": null,
            "workflow_outputs": [
                {
                    "label": null,
                    "output_name": "output_alignments",
                    "uuid": "ded03cf1-dbd4-4ab9-8b82-cc6646cd0bc5"
                },
                {
                    "label": null,
                    "output_name": "summary_file",
                    "uuid": "766ef93c-bcd8-4d35-b40c-748670b6a99c"
                }
            ]
        }
    },
    "tags": [],
    "uuid": "e9ce853b-7020-4181-b12f-2c0a7d3bf227",
    "version": 1
}