{
    "a_galaxy_workflow": "true",
    "annotation": "",
    "format-version": "0.1",
    "name": "Galaxy101",
    "steps": {
        "0": {
            "annotation": "",
            "content_id": null,
            "errors": null,
            "id": 0,
            "input_connections": {},
            "inputs": [
                {
                    "description": "",
                    "name": "Exon"
                }
            ],
            "label": null,
            "name": "Input dataset",
            "outputs": [],
            "position": {
                "left": 134,
                "top": 225
            },
            "tool_id": null,
            "tool_state": "{\"optional\": false, \"tag\": null}",
            "tool_version": null,
            "type": "data_input",
            "uuid": "None",
            "when": null,
            "workflow_outputs": []
        },
        "1": {
            "annotation": "",
            "content_id": null,
            "errors": null,
            "id": 1,
            "input_connections": {},
            "inputs": [
                {
                    "description": "",
                    "name": "Features"
                }
            ],
            "label": null,
            "name": "Input dataset",
            "outputs": [],
            "position": {
                "left": 113,
                "top": 337
            },
            "tool_id": null,
            "tool_state": "{\"optional\": false, \"tag\": null}",
            "tool_version": null,
            "type": "data_input",
            "uuid": "None",
            "when": null,
            "workflow_outputs": []
        },
        "2": {
            "annotation": "",
            "content_id": "gops_join_1",
            "errors": null,
            "id": 2,
            "input_connections": {
                "input1": {
                    "id": 0,
                    "output_name": "output"
                },
                "input2": {
                    "id": 1,
                    "output_name": "output"
                }
            },
            "inputs": [],
            "label": null,
            "name": "Join",
            "outputs": [
                {
                    "name": "output",
                    "type": "interval"
                }
            ],
            "position": {
                "left": 391,
                "top": 302
            },
            "post_job_actions": {
                "HideDatasetActionoutput": {
                    "action_arguments": {},
                    "action_type": "HideDatasetAction",
                    "output_name": "output"
                }
            },
            "tool_id": "gops_join_1",
            "tool_shed_repository": {
                "changeset_revision": "ffbd1de29c28",
                "name": "join",
                "owner": "devteam",
                "tool_shed": "toolshed.g2.bx.psu.edu"
            },
            "tool_state": "{\"chromInfo\": \"/galaxy/home/g2main/galaxy_main/tool-data/shared/ucsc/chrom/hg19.len\", \"fill\": \"none\", \"input1\": null, \"input2\": null, \"min\": \"1\", \"__page__\": null, \"__rerun_remap_job_id__\": null}",
            "tool_version": "1.0.0",
            "type": "tool",
            "uuid": "None",
            "when": null,
            "workflow_outputs": []
        },
        "3": {
            "annotation": "",
            "content_id": "Grouping1",
            "errors": null,
            "id": 3,
            "input_connections": {
                "input1": {
                    "id": 2,
                    "output_name": "output"
                }
            },
            "inputs": [],
            "label": null,
            "name": "Group",
            "outputs": [
                {
                    "name": "out_file1",
                    "type": "tabular"
                }
            ],
            "position": {
                "left": 378,
                "top": 498
            },
            "post_job_actions": {
                "HideDatasetActionout_file1": {
                    "action_arguments": {},
                    "action_type": "HideDatasetAction",
                    "output_name": "out_file1"
                }
            },
            "tool_id": "Grouping1",
            "tool_state": "{\"chromInfo\": \"/galaxy/home/g2main/galaxy_main/tool-data/shared/ucsc/chrom/hg19.len\", \"groupcol\": \"4\", \"ignorecase\": false, \"input1\": null, \"operations\": [{\"__index__\": 0, \"optype\": \"length\", \"opcol\": \"4\", \"opround\": \"no\"}], \"__page__\": null, \"__rerun_remap_job_id__\": null}",
            "tool_version": "2.0.0",
            "type": "tool",
            "uuid": "None",
            "when": null,
            "workflow_outputs": []
        },
        "4": {
            "annotation": "",
            "content_id": "sort1",
            "errors": null,
            "id": 4,
            "input_connections": {
                "input": {
                    "id": 3,
                    "output_name": "out_file1"
                }
            },
            "inputs": [],
            "label": null,
            "name": "Sort",
            "outputs": [
                {
                    "name": "out_file1",
                    "type": "input"
                }
            ],
            "position": {
                "left": 370,
                "top": 669
            },
            "post_job_actions": {
                "HideDatasetActionout_file1": {
                    "action_arguments": {},
                    "action_type": "HideDatasetAction",
                    "output_name": "out_file1"
                }
            },
            "tool_id": "sort1",
            "tool_state": "{\"chromInfo\": \"/galaxy/home/g2main/galaxy_main/tool-data/shared/ucsc/chrom/hg19.len\", \"column\": \"2\", \"column_set\": [], \"input\": null, \"order\": \"DESC\", \"style\": \"num\", \"__page__\": null, \"__rerun_remap_job_id__\": null}",
            "tool_version": "1.0.1",
            "type": "tool",
            "uuid": "None",
            "when": null,
            "workflow_outputs": []
        },
        "5": {
            "annotation": "",
            "content_id": "Show beginning1",
            "errors": null,
            "id": 5,
            "input_connections": {
                "input": {
                    "id": 4,
                    "output_name": "out_file1"
                }
            },
            "inputs": [],
            "label": null,
            "name": "Select first",
            "outputs": [
                {
                    "name": "out_file1",
                    "type": "input"
                }
            ],
            "position": {
                "left": 626,
                "top": 676
            },
            "post_job_actions": {
                "HideDatasetActionout_file1": {
                    "action_arguments": {},
                    "action_type": "HideDatasetAction",
                    "output_name": "out_file1"
                }
            },
            "tool_id": "Show beginning1",
            "tool_state": "{\"chromInfo\": \"/galaxy/home/g2main/galaxy_main/tool-data/shared/ucsc/chrom/hg19.len\", \"input\": null, \"lineNum\": \"5\", \"__page__\": null, \"__rerun_remap_job_id__\": null}",
            "tool_version": "1.0.0",
            "type": "tool",
            "uuid": "None",
            "when": null,
            "workflow_outputs": []
        },
        "6": {
            "annotation": "",
            "content_id": "comp1",
            "errors": null,
            "id": 6,
            "input_connections": {
                "input1": {
                    "id": 0,
                    "output_name": "output"
                },
                "input2": {
                    "id": 5,
                    "output_name": "out_file1"
                }
            },
            "inputs": [],
            "label": null,
            "name": "Compare two Datasets",
            "outputs": [
                {
                    "name": "out_file1",
                    "type": "input"
                }
            ],
            "position": {
                "left": 801,
                "top": 230
            },
            "post_job_actions": {
                "RenameDatasetActionout_file1": {
                    "action_arguments": {
                        "newname": "Top 5"
                    },
                    "action_type": "RenameDatasetAction",
                    "output_name": "out_file1"
                }
            },
            "tool_id": "comp1",
            "tool_state": "{\"chromInfo\": \"/galaxy/home/g2main/galaxy_main/tool-data/shared/ucsc/chrom/hg19.len\", \"field1\": \"4\", \"field2\": \"1\", \"input1\": null, \"input2\": null, \"mode\": \"N\", \"__page__\": null, \"__rerun_remap_job_id__\": null}",
            "tool_version": "1.0.2",
            "type": "tool",
            "uuid": "None",
            "when": null,
            "workflow_outputs": [
                {
                    "label": null,
                    "output_name": "out_file1",
                    "uuid": null
                }
            ]
        }
    },
    "tags": [],
    "version": -1
}