{
    "a_galaxy_workflow": "true",
    "annotation": "",
    "format-version": "0.1",
    "name": "SRA list from \"NCBI run selector\" to a single FASTA file",
    "steps": {
        "0": {
            "annotation": "",
            "content_id": null,
            "errors": null,
            "id": 0,
            "input_connections": {},
            "inputs": [
                {
                    "description": "",
                    "name": "SRA"
                }
            ],
            "label": "SRA",
            "name": "Input dataset",
            "outputs": [],
            "position": {
                "left": 10,
                "top": 10
            },
            "tool_id": null,
            "tool_state": "{\"optional\": false, \"tag\": null}",
            "tool_version": null,
            "type": "data_input",
            "uuid": "502e8f41-d964-4447-8902-1a01635d4050",
            "when": null,
            "workflow_outputs": []
        },
        "1": {
            "annotation": "",
            "content_id": "toolshed.g2.bx.psu.edu/repos/iuc/sra_tools/fasterq_dump/2.11.0+galaxy1",
            "errors": null,
            "id": 1,
            "input_connections": {
                "input|file_list": {
                    "id": 0,
                    "output_name": "output"
                }
            },
            "inputs": [],
            "label": null,
            "name": "Faster Download and Extract Reads in FASTQ",
            "outputs": [
                {
                    "name": "list_paired",
                    "type": "input"
                },
                {
                    "name": "output_collection",
                    "type": "input"
                },
                {
                    "name": "output_collection_other",
                    "type": "input"
                },
                {
                    "name": "log",
                    "type": "txt"
                }
            ],
            "position": {
                "left": 230,
                "top": 10
            },
            "post_job_actions": {},
            "tool_id": "toolshed.g2.bx.psu.edu/repos/iuc/sra_tools/fasterq_dump/2.11.0+galaxy1",
            "tool_shed_repository": {
                "changeset_revision": "83c7d564b128",
                "name": "sra_tools",
                "owner": "iuc",
                "tool_shed": "toolshed.g2.bx.psu.edu"
            },
            "tool_state": "{\"__input_ext\": \"input\", \"adv\": {\"minlen\": null, \"split\": \"--split-3\", \"skip_technical\": true}, \"chromInfo\": \"/cvmfs/data.galaxyproject.org/managed/len/ucsc/?.len\", \"input\": {\"input_select\": \"file_list\", \"__current_case__\": 2, \"file_list\": null}, \"__page__\": null, \"__rerun_remap_job_id__\": null}",
            "tool_version": "2.11.0+galaxy1",
            "type": "tool",
            "uuid": "9736f808-dec0-4b32-b7a3-73c917faae4f",
            "when": null,
            "workflow_outputs": []
        },
        "2": {
            "annotation": "",
            "content_id": "toolshed.g2.bx.psu.edu/repos/devteam/fastqtofasta/fastq_to_fasta_python/1.1.5",
            "errors": null,
            "id": 2,
            "input_connections": {
                "input_file": {
                    "id": 1,
                    "output_name": "output_collection"
                }
            },
            "inputs": [],
            "label": null,
            "name": "FASTQ to FASTA",
            "outputs": [
                {
                    "name": "output_file",
                    "type": "fasta"
                }
            ],
            "position": {
                "left": 450,
                "top": 10
            },
            "post_job_actions": {},
            "tool_id": "toolshed.g2.bx.psu.edu/repos/devteam/fastqtofasta/fastq_to_fasta_python/1.1.5",
            "tool_shed_repository": {
                "changeset_revision": "297962e79f39",
                "name": "fastqtofasta",
                "owner": "devteam",
                "tool_shed": "toolshed.g2.bx.psu.edu"
            },
            "tool_state": "{\"__input_ext\": \"fastqsanger.gz\", \"chromInfo\": \"/cvmfs/data.galaxyproject.org/managed/len/ucsc/?.len\", \"input_file\": null, \"input_file|__identifier__\": \"SRR17509842\", \"__page__\": null, \"__rerun_remap_job_id__\": null}",
            "tool_version": "1.1.5",
            "type": "tool",
            "uuid": "6fafe0ac-2d2a-4e81-a0be-a13738d45dcf",
            "when": null,
            "workflow_outputs": []
        },
        "3": {
            "annotation": "",
            "content_id": "toolshed.g2.bx.psu.edu/repos/galaxyp/fasta_merge_files_and_filter_unique_sequences/fasta_merge_files_and_filter_unique_sequences/1.2.0",
            "errors": null,
            "id": 3,
            "input_connections": {
                "batchmode|input_fastas": {
                    "id": 2,
                    "output_name": "output_file"
                }
            },
            "inputs": [],
            "label": null,
            "name": "FASTA Merge Files and Filter Unique Sequences",
            "outputs": [
                {
                    "name": "output",
                    "type": "fasta"
                }
            ],
            "position": {
                "left": 670,
                "top": 10
            },
            "post_job_actions": {},
            "tool_id": "toolshed.g2.bx.psu.edu/repos/galaxyp/fasta_merge_files_and_filter_unique_sequences/fasta_merge_files_and_filter_unique_sequences/1.2.0",
            "tool_shed_repository": {
                "changeset_revision": "f546e7278f04",
                "name": "fasta_merge_files_and_filter_unique_sequences",
                "owner": "galaxyp",
                "tool_shed": "toolshed.g2.bx.psu.edu"
            },
            "tool_state": "{\"__input_ext\": \"fasta\", \"accession_parser\": \"^>([^ ]+).*$\", \"batchmode\": {\"processmode\": \"merge\", \"__current_case__\": 1, \"input_fastas\": null}, \"chromInfo\": \"/cvmfs/data.galaxyproject.org/managed/len/ucsc/?.len\", \"uniqueness_criterion\": \"sequence\", \"__page__\": null, \"__rerun_remap_job_id__\": null}",
            "tool_version": "1.2.0",
            "type": "tool",
            "uuid": "3cc2ed40-d373-4292-9c76-74aad9d181d3",
            "when": null,
            "workflow_outputs": []
        }
    },
    "tags": [],
    "uuid": "46d1ed39-4857-4fe8-9e36-14bc271fa86e",
    "version": 0
}