{
    "a_galaxy_workflow": "true",
    "annotation": "",
    "format-version": "0.1",
    "name": "Workflow constructed from history 'VCF project'",
    "steps": {
        "0": {
            "annotation": "",
            "content_id": null,
            "errors": null,
            "id": 0,
            "input_connections": {},
            "inputs": [
                {
                    "description": "",
                    "name": "Input Dataset"
                }
            ],
            "label": null,
            "name": "Input dataset",
            "outputs": [],
            "position": {
                "left": 10,
                "top": 10
            },
            "tool_id": null,
            "tool_state": "{\"optional\": false, \"tag\": null}",
            "tool_version": null,
            "type": "data_input",
            "uuid": "ddbcb4ab-6de7-4fdd-ba31-21f88cae47d1",
            "when": null,
            "workflow_outputs": []
        },
        "1": {
            "annotation": "",
            "content_id": null,
            "errors": null,
            "id": 1,
            "input_connections": {},
            "inputs": [
                {
                    "description": "",
                    "name": "Input Dataset"
                }
            ],
            "label": null,
            "name": "Input dataset",
            "outputs": [],
            "position": {
                "left": 10,
                "top": 130
            },
            "tool_id": null,
            "tool_state": "{\"optional\": false, \"tag\": null}",
            "tool_version": null,
            "type": "data_input",
            "uuid": "e8239f4d-19e4-4047-856e-e7e39450dfb7",
            "when": null,
            "workflow_outputs": []
        },
        "2": {
            "annotation": "",
            "content_id": null,
            "errors": null,
            "id": 2,
            "input_connections": {},
            "inputs": [
                {
                    "description": "",
                    "name": "Input Dataset"
                }
            ],
            "label": null,
            "name": "Input dataset",
            "outputs": [],
            "position": {
                "left": 10,
                "top": 250
            },
            "tool_id": null,
            "tool_state": "{\"optional\": false, \"tag\": null}",
            "tool_version": null,
            "type": "data_input",
            "uuid": "8d63da89-cc1f-45e7-9506-0abb77cc1d76",
            "when": null,
            "workflow_outputs": []
        },
        "3": {
            "annotation": "",
            "content_id": null,
            "errors": null,
            "id": 3,
            "input_connections": {},
            "inputs": [
                {
                    "description": "",
                    "name": "Input Dataset"
                }
            ],
            "label": null,
            "name": "Input dataset",
            "outputs": [],
            "position": {
                "left": 10,
                "top": 370
            },
            "tool_id": null,
            "tool_state": "{\"optional\": false, \"tag\": null}",
            "tool_version": null,
            "type": "data_input",
            "uuid": "61a32b02-bbe3-4d5e-87d6-4eabc23316fe",
            "when": null,
            "workflow_outputs": []
        },
        "4": {
            "annotation": "",
            "content_id": null,
            "errors": null,
            "id": 4,
            "input_connections": {},
            "inputs": [
                {
                    "description": "",
                    "name": "Input Dataset"
                }
            ],
            "label": null,
            "name": "Input dataset",
            "outputs": [],
            "position": {
                "left": 10,
                "top": 490
            },
            "tool_id": null,
            "tool_state": "{\"optional\": false, \"tag\": null}",
            "tool_version": null,
            "type": "data_input",
            "uuid": "dccbb462-0707-4293-9a60-790192130f21",
            "when": null,
            "workflow_outputs": []
        },
        "5": {
            "annotation": "",
            "content_id": null,
            "errors": null,
            "id": 5,
            "input_connections": {},
            "inputs": [
                {
                    "description": "",
                    "name": "Input Dataset"
                }
            ],
            "label": null,
            "name": "Input dataset",
            "outputs": [],
            "position": {
                "left": 10,
                "top": 610
            },
            "tool_id": null,
            "tool_state": "{\"optional\": false, \"tag\": null}",
            "tool_version": null,
            "type": "data_input",
            "uuid": "6a6cb8ed-d22f-4366-a130-cfe1657da5d7",
            "when": null,
            "workflow_outputs": []
        },
        "6": {
            "annotation": "",
            "content_id": "toolshed.g2.bx.psu.edu/repos/devteam/fastqc/fastqc/0.64",
            "errors": null,
            "id": 6,
            "input_connections": {
                "input_file": {
                    "id": 0,
                    "output_name": "output"
                }
            },
            "inputs": [],
            "label": null,
            "name": "FastQC",
            "outputs": [
                {
                    "name": "html_file",
                    "type": "html"
                },
                {
                    "name": "text_file",
                    "type": "txt"
                }
            ],
            "position": {
                "left": 230,
                "top": 10
            },
            "post_job_actions": {},
            "tool_id": "toolshed.g2.bx.psu.edu/repos/devteam/fastqc/fastqc/0.64",
            "tool_shed_repository": {
                "changeset_revision": "28d39af2dd06",
                "name": "fastqc",
                "owner": "devteam",
                "tool_shed": "toolshed.g2.bx.psu.edu"
            },
            "tool_state": "{\"chromInfo\": \"/galaxy-repl/localdata/chrom/?.len\", \"contaminants\": null, \"input_file\": null, \"limits\": null, \"__page__\": null, \"__rerun_remap_job_id__\": null}",
            "tool_version": "0.64",
            "type": "tool",
            "uuid": "6aca5f22-a30b-425f-b62c-61b8120aa89c",
            "when": null,
            "workflow_outputs": []
        },
        "7": {
            "annotation": "",
            "content_id": "toolshed.g2.bx.psu.edu/repos/devteam/fastq_groomer/fastq_groomer/1.0.4",
            "errors": null,
            "id": 7,
            "input_connections": {
                "input_file": {
                    "id": 0,
                    "output_name": "output"
                }
            },
            "inputs": [],
            "label": null,
            "name": "FASTQ Groomer",
            "outputs": [
                {
                    "name": "output_file",
                    "type": "fastqsanger"
                }
            ],
            "position": {
                "left": 230,
                "top": 730
            },
            "post_job_actions": {},
            "tool_id": "toolshed.g2.bx.psu.edu/repos/devteam/fastq_groomer/fastq_groomer/1.0.4",
            "tool_shed_repository": {
                "changeset_revision": "1298445c852b",
                "name": "fastq_groomer",
                "owner": "devteam",
                "tool_shed": "toolshed.g2.bx.psu.edu"
            },
            "tool_state": "{\"chromInfo\": \"/galaxy-repl/localdata/chrom/?.len\", \"input_file\": null, \"input_type\": \"sanger\", \"options_type\": {\"options_type_selector\": \"basic\", \"__current_case__\": 0}, \"__page__\": null, \"__rerun_remap_job_id__\": null}",
            "tool_version": "1.0.4",
            "type": "tool",
            "uuid": "77786685-a7b1-4e04-ad18-fc8e333472e5",
            "when": null,
            "workflow_outputs": []
        },
        "8": {
            "annotation": "",
            "content_id": "toolshed.g2.bx.psu.edu/repos/devteam/fastqc/fastqc/0.64",
            "errors": null,
            "id": 8,
            "input_connections": {
                "input_file": {
                    "id": 1,
                    "output_name": "output"
                }
            },
            "inputs": [],
            "label": null,
            "name": "FastQC",
            "outputs": [
                {
                    "name": "html_file",
                    "type": "html"
                },
                {
                    "name": "text_file",
                    "type": "txt"
                }
            ],
            "position": {
                "left": 230,
                "top": 130
            },
            "post_job_actions": {},
            "tool_id": "toolshed.g2.bx.psu.edu/repos/devteam/fastqc/fastqc/0.64",
            "tool_shed_repository": {
                "changeset_revision": "28d39af2dd06",
                "name": "fastqc",
                "owner": "devteam",
                "tool_shed": "toolshed.g2.bx.psu.edu"
            },
            "tool_state": "{\"chromInfo\": \"/galaxy-repl/localdata/chrom/?.len\", \"contaminants\": null, \"input_file\": null, \"limits\": null, \"__page__\": null, \"__rerun_remap_job_id__\": null}",
            "tool_version": "0.64",
            "type": "tool",
            "uuid": "7580d0c1-1fd6-4465-b38f-89ed6b54d6d5",
            "when": null,
            "workflow_outputs": []
        },
        "9": {
            "annotation": "",
            "content_id": "toolshed.g2.bx.psu.edu/repos/devteam/fastq_groomer/fastq_groomer/1.0.4",
            "errors": null,
            "id": 9,
            "input_connections": {
                "input_file": {
                    "id": 1,
                    "output_name": "output"
                }
            },
            "inputs": [],
            "label": null,
            "name": "FASTQ Groomer",
            "outputs": [
                {
                    "name": "output_file",
                    "type": "fastqsanger"
                }
            ],
            "position": {
                "left": 230,
                "top": 850
            },
            "post_job_actions": {},
            "tool_id": "toolshed.g2.bx.psu.edu/repos/devteam/fastq_groomer/fastq_groomer/1.0.4",
            "tool_shed_repository": {
                "changeset_revision": "1298445c852b",
                "name": "fastq_groomer",
                "owner": "devteam",
                "tool_shed": "toolshed.g2.bx.psu.edu"
            },
            "tool_state": "{\"chromInfo\": \"/galaxy-repl/localdata/chrom/?.len\", \"input_file\": null, \"input_type\": \"sanger\", \"options_type\": {\"options_type_selector\": \"basic\", \"__current_case__\": 0}, \"__page__\": null, \"__rerun_remap_job_id__\": null}",
            "tool_version": "1.0.4",
            "type": "tool",
            "uuid": "a11510a9-9719-4bba-a138-cfde7a173418",
            "when": null,
            "workflow_outputs": []
        },
        "10": {
            "annotation": "",
            "content_id": "toolshed.g2.bx.psu.edu/repos/devteam/fastqc/fastqc/0.64",
            "errors": null,
            "id": 10,
            "input_connections": {
                "input_file": {
                    "id": 2,
                    "output_name": "output"
                }
            },
            "inputs": [],
            "label": null,
            "name": "FastQC",
            "outputs": [
                {
                    "name": "html_file",
                    "type": "html"
                },
                {
                    "name": "text_file",
                    "type": "txt"
                }
            ],
            "position": {
                "left": 230,
                "top": 250
            },
            "post_job_actions": {},
            "tool_id": "toolshed.g2.bx.psu.edu/repos/devteam/fastqc/fastqc/0.64",
            "tool_shed_repository": {
                "changeset_revision": "28d39af2dd06",
                "name": "fastqc",
                "owner": "devteam",
                "tool_shed": "toolshed.g2.bx.psu.edu"
            },
            "tool_state": "{\"chromInfo\": \"/galaxy-repl/localdata/chrom/?.len\", \"contaminants\": null, \"input_file\": null, \"limits\": null, \"__page__\": null, \"__rerun_remap_job_id__\": null}",
            "tool_version": "0.64",
            "type": "tool",
            "uuid": "173f9c69-d9d9-4b76-839c-fea58fe94886",
            "when": null,
            "workflow_outputs": []
        },
        "11": {
            "annotation": "",
            "content_id": "toolshed.g2.bx.psu.edu/repos/devteam/fastq_groomer/fastq_groomer/1.0.4",
            "errors": null,
            "id": 11,
            "input_connections": {
                "input_file": {
                    "id": 2,
                    "output_name": "output"
                }
            },
            "inputs": [],
            "label": null,
            "name": "FASTQ Groomer",
            "outputs": [
                {
                    "name": "output_file",
                    "type": "fastqsanger"
                }
            ],
            "position": {
                "left": 230,
                "top": 970
            },
            "post_job_actions": {},
            "tool_id": "toolshed.g2.bx.psu.edu/repos/devteam/fastq_groomer/fastq_groomer/1.0.4",
            "tool_shed_repository": {
                "changeset_revision": "1298445c852b",
                "name": "fastq_groomer",
                "owner": "devteam",
                "tool_shed": "toolshed.g2.bx.psu.edu"
            },
            "tool_state": "{\"chromInfo\": \"/galaxy-repl/localdata/chrom/?.len\", \"input_file\": null, \"input_type\": \"sanger\", \"options_type\": {\"options_type_selector\": \"basic\", \"__current_case__\": 0}, \"__page__\": null, \"__rerun_remap_job_id__\": null}",
            "tool_version": "1.0.4",
            "type": "tool",
            "uuid": "975c0a72-7d52-4f44-980f-ababbb54fa98",
            "when": null,
            "workflow_outputs": []
        },
        "12": {
            "annotation": "",
            "content_id": "toolshed.g2.bx.psu.edu/repos/devteam/fastqc/fastqc/0.64",
            "errors": null,
            "id": 12,
            "input_connections": {
                "input_file": {
                    "id": 3,
                    "output_name": "output"
                }
            },
            "inputs": [],
            "label": null,
            "name": "FastQC",
            "outputs": [
                {
                    "name": "html_file",
                    "type": "html"
                },
                {
                    "name": "text_file",
                    "type": "txt"
                }
            ],
            "position": {
                "left": 230,
                "top": 370
            },
            "post_job_actions": {},
            "tool_id": "toolshed.g2.bx.psu.edu/repos/devteam/fastqc/fastqc/0.64",
            "tool_shed_repository": {
                "changeset_revision": "28d39af2dd06",
                "name": "fastqc",
                "owner": "devteam",
                "tool_shed": "toolshed.g2.bx.psu.edu"
            },
            "tool_state": "{\"chromInfo\": \"/galaxy-repl/localdata/chrom/?.len\", \"contaminants\": null, \"input_file\": null, \"limits\": null, \"__page__\": null, \"__rerun_remap_job_id__\": null}",
            "tool_version": "0.64",
            "type": "tool",
            "uuid": "de50fd47-de2b-47a9-946e-84a5e559a12c",
            "when": null,
            "workflow_outputs": []
        },
        "13": {
            "annotation": "",
            "content_id": "toolshed.g2.bx.psu.edu/repos/devteam/fastq_groomer/fastq_groomer/1.0.4",
            "errors": null,
            "id": 13,
            "input_connections": {
                "input_file": {
                    "id": 3,
                    "output_name": "output"
                }
            },
            "inputs": [],
            "label": null,
            "name": "FASTQ Groomer",
            "outputs": [
                {
                    "name": "output_file",
                    "type": "fastqsanger"
                }
            ],
            "position": {
                "left": 230,
                "top": 1090
            },
            "post_job_actions": {},
            "tool_id": "toolshed.g2.bx.psu.edu/repos/devteam/fastq_groomer/fastq_groomer/1.0.4",
            "tool_shed_repository": {
                "changeset_revision": "1298445c852b",
                "name": "fastq_groomer",
                "owner": "devteam",
                "tool_shed": "toolshed.g2.bx.psu.edu"
            },
            "tool_state": "{\"chromInfo\": \"/galaxy-repl/localdata/chrom/?.len\", \"input_file\": null, \"input_type\": \"sanger\", \"options_type\": {\"options_type_selector\": \"basic\", \"__current_case__\": 0}, \"__page__\": null, \"__rerun_remap_job_id__\": null}",
            "tool_version": "1.0.4",
            "type": "tool",
            "uuid": "b076be1a-1056-47c3-8c87-675200ba6ff9",
            "when": null,
            "workflow_outputs": []
        },
        "14": {
            "annotation": "",
            "content_id": "toolshed.g2.bx.psu.edu/repos/devteam/fastqc/fastqc/0.64",
            "errors": null,
            "id": 14,
            "input_connections": {
                "input_file": {
                    "id": 4,
                    "output_name": "output"
                }
            },
            "inputs": [],
            "label": null,
            "name": "FastQC",
            "outputs": [
                {
                    "name": "html_file",
                    "type": "html"
                },
                {
                    "name": "text_file",
                    "type": "txt"
                }
            ],
            "position": {
                "left": 230,
                "top": 490
            },
            "post_job_actions": {},
            "tool_id": "toolshed.g2.bx.psu.edu/repos/devteam/fastqc/fastqc/0.64",
            "tool_shed_repository": {
                "changeset_revision": "28d39af2dd06",
                "name": "fastqc",
                "owner": "devteam",
                "tool_shed": "toolshed.g2.bx.psu.edu"
            },
            "tool_state": "{\"chromInfo\": \"/galaxy-repl/localdata/chrom/?.len\", \"contaminants\": null, \"input_file\": null, \"limits\": null, \"__page__\": null, \"__rerun_remap_job_id__\": null}",
            "tool_version": "0.64",
            "type": "tool",
            "uuid": "07b1d700-2bdc-47a9-84fe-492766e38aca",
            "when": null,
            "workflow_outputs": []
        },
        "15": {
            "annotation": "",
            "content_id": "toolshed.g2.bx.psu.edu/repos/devteam/fastq_groomer/fastq_groomer/1.0.4",
            "errors": null,
            "id": 15,
            "input_connections": {
                "input_file": {
                    "id": 4,
                    "output_name": "output"
                }
            },
            "inputs": [],
            "label": null,
            "name": "FASTQ Groomer",
            "outputs": [
                {
                    "name": "output_file",
                    "type": "fastqsanger"
                }
            ],
            "position": {
                "left": 230,
                "top": 1210
            },
            "post_job_actions": {},
            "tool_id": "toolshed.g2.bx.psu.edu/repos/devteam/fastq_groomer/fastq_groomer/1.0.4",
            "tool_shed_repository": {
                "changeset_revision": "1298445c852b",
                "name": "fastq_groomer",
                "owner": "devteam",
                "tool_shed": "toolshed.g2.bx.psu.edu"
            },
            "tool_state": "{\"chromInfo\": \"/galaxy-repl/localdata/chrom/?.len\", \"input_file\": null, \"input_type\": \"sanger\", \"options_type\": {\"options_type_selector\": \"basic\", \"__current_case__\": 0}, \"__page__\": null, \"__rerun_remap_job_id__\": null}",
            "tool_version": "1.0.4",
            "type": "tool",
            "uuid": "94d5ecc8-3f0b-42c6-854f-34e617dcb53c",
            "when": null,
            "workflow_outputs": []
        },
        "16": {
            "annotation": "",
            "content_id": "toolshed.g2.bx.psu.edu/repos/devteam/fastqc/fastqc/0.64",
            "errors": null,
            "id": 16,
            "input_connections": {
                "input_file": {
                    "id": 5,
                    "output_name": "output"
                }
            },
            "inputs": [],
            "label": null,
            "name": "FastQC",
            "outputs": [
                {
                    "name": "html_file",
                    "type": "html"
                },
                {
                    "name": "text_file",
                    "type": "txt"
                }
            ],
            "position": {
                "left": 230,
                "top": 610
            },
            "post_job_actions": {},
            "tool_id": "toolshed.g2.bx.psu.edu/repos/devteam/fastqc/fastqc/0.64",
            "tool_shed_repository": {
                "changeset_revision": "28d39af2dd06",
                "name": "fastqc",
                "owner": "devteam",
                "tool_shed": "toolshed.g2.bx.psu.edu"
            },
            "tool_state": "{\"chromInfo\": \"/galaxy-repl/localdata/chrom/?.len\", \"contaminants\": null, \"input_file\": null, \"limits\": null, \"__page__\": null, \"__rerun_remap_job_id__\": null}",
            "tool_version": "0.64",
            "type": "tool",
            "uuid": "f93b453e-6c15-4c33-b98c-33a11330c313",
            "when": null,
            "workflow_outputs": []
        },
        "17": {
            "annotation": "",
            "content_id": "toolshed.g2.bx.psu.edu/repos/devteam/fastq_groomer/fastq_groomer/1.0.4",
            "errors": null,
            "id": 17,
            "input_connections": {
                "input_file": {
                    "id": 5,
                    "output_name": "output"
                }
            },
            "inputs": [],
            "label": null,
            "name": "FASTQ Groomer",
            "outputs": [
                {
                    "name": "output_file",
                    "type": "fastqsanger"
                }
            ],
            "position": {
                "left": 230,
                "top": 1330
            },
            "post_job_actions": {},
            "tool_id": "toolshed.g2.bx.psu.edu/repos/devteam/fastq_groomer/fastq_groomer/1.0.4",
            "tool_shed_repository": {
                "changeset_revision": "1298445c852b",
                "name": "fastq_groomer",
                "owner": "devteam",
                "tool_shed": "toolshed.g2.bx.psu.edu"
            },
            "tool_state": "{\"chromInfo\": \"/galaxy-repl/localdata/chrom/?.len\", \"input_file\": null, \"input_type\": \"sanger\", \"options_type\": {\"options_type_selector\": \"basic\", \"__current_case__\": 0}, \"__page__\": null, \"__rerun_remap_job_id__\": null}",
            "tool_version": "1.0.4",
            "type": "tool",
            "uuid": "ae0090cc-49f1-4f25-83fa-e2e781f54667",
            "when": null,
            "workflow_outputs": []
        },
        "18": {
            "annotation": "",
            "content_id": "toolshed.g2.bx.psu.edu/repos/devteam/bwa/bwa_mem/0.7.12.1",
            "errors": null,
            "id": 18,
            "input_connections": {
                "fastq_input|fastq_input1": {
                    "id": 9,
                    "output_name": "output_file"
                },
                "fastq_input|fastq_input2": {
                    "id": 7,
                    "output_name": "output_file"
                }
            },
            "inputs": [],
            "label": null,
            "name": "Map with BWA-MEM",
            "outputs": [
                {
                    "name": "bam_output",
                    "type": "bam"
                }
            ],
            "position": {
                "left": 450,
                "top": 250
            },
            "post_job_actions": {},
            "tool_id": "toolshed.g2.bx.psu.edu/repos/devteam/bwa/bwa_mem/0.7.12.1",
            "tool_shed_repository": {
                "changeset_revision": "546ada4a9f43",
                "name": "bwa",
                "owner": "devteam",
                "tool_shed": "toolshed.g2.bx.psu.edu"
            },
            "tool_state": "{\"analysis_type\": {\"analysis_type_selector\": \"illumina\", \"__current_case__\": 0}, \"chromInfo\": \"/galaxy-repl/localdata/chrom/?.len\", \"fastq_input\": {\"fastq_input_selector\": \"paired\", \"__current_case__\": 0, \"fastq_input1\": null, \"fastq_input2\": null, \"iset_stats\": \"\"}, \"reference_source\": {\"reference_source_selector\": \"cached\", \"__current_case__\": 0, \"ref_file\": \"hg19\"}, \"rg\": {\"rg_selector\": \"do_not_set\", \"__current_case__\": 3}, \"__page__\": null, \"__rerun_remap_job_id__\": null}",
            "tool_version": "0.7.12.1",
            "type": "tool",
            "uuid": "4b4ea7db-a8bc-4218-91f2-5425d46e28bc",
            "when": null,
            "workflow_outputs": []
        },
        "19": {
            "annotation": "",
            "content_id": "toolshed.g2.bx.psu.edu/repos/devteam/bwa/bwa_mem/0.7.12.1",
            "errors": null,
            "id": 19,
            "input_connections": {
                "fastq_input|fastq_input1": {
                    "id": 13,
                    "output_name": "output_file"
                },
                "fastq_input|fastq_input2": {
                    "id": 11,
                    "output_name": "output_file"
                }
            },
            "inputs": [],
            "label": null,
            "name": "Map with BWA-MEM",
            "outputs": [
                {
                    "name": "bam_output",
                    "type": "bam"
                }
            ],
            "position": {
                "left": 450,
                "top": 130
            },
            "post_job_actions": {},
            "tool_id": "toolshed.g2.bx.psu.edu/repos/devteam/bwa/bwa_mem/0.7.12.1",
            "tool_shed_repository": {
                "changeset_revision": "546ada4a9f43",
                "name": "bwa",
                "owner": "devteam",
                "tool_shed": "toolshed.g2.bx.psu.edu"
            },
            "tool_state": "{\"analysis_type\": {\"analysis_type_selector\": \"illumina\", \"__current_case__\": 0}, \"chromInfo\": \"/galaxy-repl/localdata/chrom/?.len\", \"fastq_input\": {\"fastq_input_selector\": \"paired\", \"__current_case__\": 0, \"fastq_input1\": null, \"fastq_input2\": null, \"iset_stats\": \"\"}, \"reference_source\": {\"reference_source_selector\": \"cached\", \"__current_case__\": 0, \"ref_file\": \"hg19\"}, \"rg\": {\"rg_selector\": \"do_not_set\", \"__current_case__\": 3}, \"__page__\": null, \"__rerun_remap_job_id__\": null}",
            "tool_version": "0.7.12.1",
            "type": "tool",
            "uuid": "9df178f8-e060-4bb3-b72b-1e3be5ddd479",
            "when": null,
            "workflow_outputs": []
        },
        "20": {
            "annotation": "",
            "content_id": "toolshed.g2.bx.psu.edu/repos/devteam/bwa/bwa_mem/0.7.12.1",
            "errors": null,
            "id": 20,
            "input_connections": {
                "fastq_input|fastq_input1": {
                    "id": 17,
                    "output_name": "output_file"
                },
                "fastq_input|fastq_input2": {
                    "id": 15,
                    "output_name": "output_file"
                }
            },
            "inputs": [],
            "label": null,
            "name": "Map with BWA-MEM",
            "outputs": [
                {
                    "name": "bam_output",
                    "type": "bam"
                }
            ],
            "position": {
                "left": 450,
                "top": 10
            },
            "post_job_actions": {},
            "tool_id": "toolshed.g2.bx.psu.edu/repos/devteam/bwa/bwa_mem/0.7.12.1",
            "tool_shed_repository": {
                "changeset_revision": "546ada4a9f43",
                "name": "bwa",
                "owner": "devteam",
                "tool_shed": "toolshed.g2.bx.psu.edu"
            },
            "tool_state": "{\"analysis_type\": {\"analysis_type_selector\": \"illumina\", \"__current_case__\": 0}, \"chromInfo\": \"/galaxy-repl/localdata/chrom/?.len\", \"fastq_input\": {\"fastq_input_selector\": \"paired\", \"__current_case__\": 0, \"fastq_input1\": null, \"fastq_input2\": null, \"iset_stats\": \"\"}, \"reference_source\": {\"reference_source_selector\": \"cached\", \"__current_case__\": 0, \"ref_file\": \"hg19\"}, \"rg\": {\"rg_selector\": \"do_not_set\", \"__current_case__\": 3}, \"__page__\": null, \"__rerun_remap_job_id__\": null}",
            "tool_version": "0.7.12.1",
            "type": "tool",
            "uuid": "b37a862e-efac-4f44-8a4d-0c4e6a72e12a",
            "when": null,
            "workflow_outputs": []
        },
        "21": {
            "annotation": "",
            "content_id": "toolshed.g2.bx.psu.edu/repos/devteam/picard/picard_AddOrReplaceReadGroups/1.136.0",
            "errors": null,
            "id": 21,
            "input_connections": {
                "inputFile": {
                    "id": 18,
                    "output_name": "bam_output"
                }
            },
            "inputs": [],
            "label": null,
            "name": "AddOrReplaceReadGroups",
            "outputs": [
                {
                    "name": "outFile",
                    "type": "bam"
                }
            ],
            "position": {
                "left": 670,
                "top": 10
            },
            "post_job_actions": {},
            "tool_id": "toolshed.g2.bx.psu.edu/repos/devteam/picard/picard_AddOrReplaceReadGroups/1.136.0",
            "tool_shed_repository": {
                "changeset_revision": "efc56ee1ade4",
                "name": "picard",
                "owner": "devteam",
                "tool_shed": "toolshed.g2.bx.psu.edu"
            },
            "tool_state": "{\"CN\": \"\", \"DS\": \"\", \"DT\": \"\", \"PI\": null, \"PL\": \"ILLUMINA\", \"PU\": \"flowcell-barcode.lane \", \"chromInfo\": \"/galaxy-repl/localdata/chrom/hg19.len\", \"inputFile\": null, \"read_group_id_conditional\": {\"do_auto_name\": false, \"__current_case__\": 1, \"ID\": \"Dad\"}, \"read_group_lb_conditional\": {\"do_auto_name\": false, \"__current_case__\": 1, \"LB\": \"variant calling\"}, \"read_group_sm_conditional\": {\"do_auto_name\": false, \"__current_case__\": 1, \"SM\": \"testing\"}, \"validation_stringency\": \"LENIENT\", \"__page__\": null, \"__rerun_remap_job_id__\": null}",
            "tool_version": "1.136.0",
            "type": "tool",
            "uuid": "6ab1fac5-4a02-4099-99e0-efc52ea2d8bd",
            "when": null,
            "workflow_outputs": []
        },
        "22": {
            "annotation": "",
            "content_id": "toolshed.g2.bx.psu.edu/repos/devteam/picard/picard_AddOrReplaceReadGroups/1.136.0",
            "errors": null,
            "id": 22,
            "input_connections": {
                "inputFile": {
                    "id": 19,
                    "output_name": "bam_output"
                }
            },
            "inputs": [],
            "label": null,
            "name": "AddOrReplaceReadGroups",
            "outputs": [
                {
                    "name": "outFile",
                    "type": "bam"
                }
            ],
            "position": {
                "left": 670,
                "top": 130
            },
            "post_job_actions": {},
            "tool_id": "toolshed.g2.bx.psu.edu/repos/devteam/picard/picard_AddOrReplaceReadGroups/1.136.0",
            "tool_shed_repository": {
                "changeset_revision": "efc56ee1ade4",
                "name": "picard",
                "owner": "devteam",
                "tool_shed": "toolshed.g2.bx.psu.edu"
            },
            "tool_state": "{\"CN\": \"\", \"DS\": \"\", \"DT\": \"\", \"PI\": null, \"PL\": \"ILLUMINA\", \"PU\": \"flowcell-barcode.lane\", \"chromInfo\": \"/galaxy-repl/localdata/chrom/hg19.len\", \"inputFile\": null, \"read_group_id_conditional\": {\"do_auto_name\": false, \"__current_case__\": 1, \"ID\": \"Mom\"}, \"read_group_lb_conditional\": {\"do_auto_name\": false, \"__current_case__\": 1, \"LB\": \"variant calling\"}, \"read_group_sm_conditional\": {\"do_auto_name\": false, \"__current_case__\": 1, \"SM\": \"testing\"}, \"validation_stringency\": \"LENIENT\", \"__page__\": null, \"__rerun_remap_job_id__\": null}",
            "tool_version": "1.136.0",
            "type": "tool",
            "uuid": "f82bb9ee-6024-4bfe-96b1-e9df33d63640",
            "when": null,
            "workflow_outputs": []
        },
        "23": {
            "annotation": "",
            "content_id": "toolshed.g2.bx.psu.edu/repos/devteam/picard/picard_AddOrReplaceReadGroups/1.136.0",
            "errors": null,
            "id": 23,
            "input_connections": {
                "inputFile": {
                    "id": 20,
                    "output_name": "bam_output"
                }
            },
            "inputs": [],
            "label": null,
            "name": "AddOrReplaceReadGroups",
            "outputs": [
                {
                    "name": "outFile",
                    "type": "bam"
                }
            ],
            "position": {
                "left": 670,
                "top": 250
            },
            "post_job_actions": {},
            "tool_id": "toolshed.g2.bx.psu.edu/repos/devteam/picard/picard_AddOrReplaceReadGroups/1.136.0",
            "tool_shed_repository": {
                "changeset_revision": "efc56ee1ade4",
                "name": "picard",
                "owner": "devteam",
                "tool_shed": "toolshed.g2.bx.psu.edu"
            },
            "tool_state": "{\"CN\": \"\", \"DS\": \"\", \"DT\": \"\", \"PI\": null, \"PL\": \"ILLUMINA\", \"PU\": \"flowcell-barcode.lane\", \"chromInfo\": \"/galaxy-repl/localdata/chrom/hg19.len\", \"inputFile\": null, \"read_group_id_conditional\": {\"do_auto_name\": false, \"__current_case__\": 1, \"ID\": \"daughter\"}, \"read_group_lb_conditional\": {\"do_auto_name\": false, \"__current_case__\": 1, \"LB\": \"variant calling\"}, \"read_group_sm_conditional\": {\"do_auto_name\": false, \"__current_case__\": 1, \"SM\": \"testing\"}, \"validation_stringency\": \"LENIENT\", \"__page__\": null, \"__rerun_remap_job_id__\": null}",
            "tool_version": "1.136.0",
            "type": "tool",
            "uuid": "29e67699-3454-4b2c-9704-fe0b2e97d67b",
            "when": null,
            "workflow_outputs": []
        },
        "24": {
            "annotation": "",
            "content_id": "toolshed.g2.bx.psu.edu/repos/devteam/freebayes/freebayes/0.4.1",
            "errors": null,
            "id": 24,
            "input_connections": {
                "reference_source|input_bams_0|input_bam": {
                    "id": 21,
                    "output_name": "outFile"
                }
            },
            "inputs": [],
            "label": null,
            "name": "FreeBayes",
            "outputs": [
                {
                    "name": "output_vcf",
                    "type": "vcf"
                }
            ],
            "position": {
                "left": 890,
                "top": 10
            },
            "post_job_actions": {},
            "tool_id": "toolshed.g2.bx.psu.edu/repos/devteam/freebayes/freebayes/0.4.1",
            "tool_shed_repository": {
                "changeset_revision": "99684adf84de",
                "name": "freebayes",
                "owner": "devteam",
                "tool_shed": "toolshed.g2.bx.psu.edu"
            },
            "tool_state": "{\"chromInfo\": \"/galaxy-repl/localdata/chrom/hg19.len\", \"options_type\": {\"options_type_selector\": \"simple\", \"__current_case__\": 1}, \"reference_source\": {\"reference_source_selector\": \"cached\", \"__current_case__\": 0, \"input_bams\": [{\"__index__\": 0, \"input_bam\": null}], \"ref_file\": \"hg19\"}, \"target_limit_type\": {\"target_limit_type_selector\": \"do_not_limit\", \"__current_case__\": 0}, \"__page__\": null, \"__rerun_remap_job_id__\": null}",
            "tool_version": "0.4.1",
            "type": "tool",
            "uuid": "43001410-cc42-4b4a-bbc0-03bcb95370ce",
            "when": null,
            "workflow_outputs": []
        },
        "25": {
            "annotation": "",
            "content_id": "toolshed.g2.bx.psu.edu/repos/devteam/freebayes/freebayes/0.4.1",
            "errors": null,
            "id": 25,
            "input_connections": {
                "reference_source|input_bams_0|input_bam": {
                    "id": 22,
                    "output_name": "outFile"
                }
            },
            "inputs": [],
            "label": null,
            "name": "FreeBayes",
            "outputs": [
                {
                    "name": "output_vcf",
                    "type": "vcf"
                }
            ],
            "position": {
                "left": 890,
                "top": 130
            },
            "post_job_actions": {},
            "tool_id": "toolshed.g2.bx.psu.edu/repos/devteam/freebayes/freebayes/0.4.1",
            "tool_shed_repository": {
                "changeset_revision": "99684adf84de",
                "name": "freebayes",
                "owner": "devteam",
                "tool_shed": "toolshed.g2.bx.psu.edu"
            },
            "tool_state": "{\"chromInfo\": \"/galaxy-repl/localdata/chrom/hg19.len\", \"options_type\": {\"options_type_selector\": \"simple\", \"__current_case__\": 1}, \"reference_source\": {\"reference_source_selector\": \"cached\", \"__current_case__\": 0, \"input_bams\": [{\"__index__\": 0, \"input_bam\": null}], \"ref_file\": \"hg19\"}, \"target_limit_type\": {\"target_limit_type_selector\": \"do_not_limit\", \"__current_case__\": 0}, \"__page__\": null, \"__rerun_remap_job_id__\": null}",
            "tool_version": "0.4.1",
            "type": "tool",
            "uuid": "cc6175e3-3ad3-4f26-b35c-05697748e8a7",
            "when": null,
            "workflow_outputs": []
        },
        "26": {
            "annotation": "",
            "content_id": "toolshed.g2.bx.psu.edu/repos/devteam/freebayes/freebayes/0.4.1",
            "errors": null,
            "id": 26,
            "input_connections": {
                "reference_source|input_bams_0|input_bam": {
                    "id": 23,
                    "output_name": "outFile"
                }
            },
            "inputs": [],
            "label": null,
            "name": "FreeBayes",
            "outputs": [
                {
                    "name": "output_vcf",
                    "type": "vcf"
                }
            ],
            "position": {
                "left": 890,
                "top": 250
            },
            "post_job_actions": {},
            "tool_id": "toolshed.g2.bx.psu.edu/repos/devteam/freebayes/freebayes/0.4.1",
            "tool_shed_repository": {
                "changeset_revision": "99684adf84de",
                "name": "freebayes",
                "owner": "devteam",
                "tool_shed": "toolshed.g2.bx.psu.edu"
            },
            "tool_state": "{\"chromInfo\": \"/galaxy-repl/localdata/chrom/hg19.len\", \"options_type\": {\"options_type_selector\": \"simple\", \"__current_case__\": 1}, \"reference_source\": {\"reference_source_selector\": \"cached\", \"__current_case__\": 0, \"input_bams\": [{\"__index__\": 0, \"input_bam\": null}], \"ref_file\": \"hg19\"}, \"target_limit_type\": {\"target_limit_type_selector\": \"do_not_limit\", \"__current_case__\": 0}, \"__page__\": null, \"__rerun_remap_job_id__\": null}",
            "tool_version": "0.4.1",
            "type": "tool",
            "uuid": "4dc827a1-fdf8-40c1-9205-b1d236d04cec",
            "when": null,
            "workflow_outputs": []
        },
        "27": {
            "annotation": "",
            "content_id": "toolshed.g2.bx.psu.edu/repos/devteam/table_annovar/table_annovar/0.2",
            "errors": null,
            "id": 27,
            "input_connections": {
                "input": {
                    "id": 24,
                    "output_name": "output_vcf"
                }
            },
            "inputs": [],
            "label": null,
            "name": "ANNOVAR Annotate VCF",
            "outputs": [
                {
                    "name": "output",
                    "type": "tabular"
                }
            ],
            "position": {
                "left": 1110,
                "top": 10
            },
            "post_job_actions": {},
            "tool_id": "toolshed.g2.bx.psu.edu/repos/devteam/table_annovar/table_annovar/0.2",
            "tool_shed_repository": {
                "changeset_revision": "d4e292ddda05",
                "name": "table_annovar",
                "owner": "devteam",
                "tool_shed": "toolshed.g2.bx.psu.edu"
            },
            "tool_state": "{\"chromInfo\": \"/galaxy-repl/localdata/chrom/hg19.len\", \"filters\": [\"1000g2012apr_all\", \"avsift\", \"snp137NonFlagged\", \"esp6500si_all\", \"snp137\", \"cosmic67\"], \"gene_anns\": [\"refGene\", \"gencodeV19\"], \"input\": null, \"out_format\": \"vcf\", \"regions\": [\"genomicSuperDups\", \"phastConsElements46way\"], \"__page__\": null, \"__rerun_remap_job_id__\": null}",
            "tool_version": "0.2",
            "type": "tool",
            "uuid": "69fe49d2-3257-4fd5-aa75-f9986c3b3ed0",
            "when": null,
            "workflow_outputs": []
        },
        "28": {
            "annotation": "",
            "content_id": "toolshed.g2.bx.psu.edu/repos/devteam/table_annovar/table_annovar/0.2",
            "errors": null,
            "id": 28,
            "input_connections": {
                "input": {
                    "id": 25,
                    "output_name": "output_vcf"
                }
            },
            "inputs": [],
            "label": null,
            "name": "ANNOVAR Annotate VCF",
            "outputs": [
                {
                    "name": "output",
                    "type": "tabular"
                }
            ],
            "position": {
                "left": 1110,
                "top": 130
            },
            "post_job_actions": {},
            "tool_id": "toolshed.g2.bx.psu.edu/repos/devteam/table_annovar/table_annovar/0.2",
            "tool_shed_repository": {
                "changeset_revision": "d4e292ddda05",
                "name": "table_annovar",
                "owner": "devteam",
                "tool_shed": "toolshed.g2.bx.psu.edu"
            },
            "tool_state": "{\"chromInfo\": \"/galaxy-repl/localdata/chrom/hg19.len\", \"filters\": [\"1000g2012apr_all\", \"avsift\", \"snp137NonFlagged\", \"esp6500si_all\", \"snp137\", \"cosmic67\"], \"gene_anns\": [\"refGene\", \"gencodeV19\"], \"input\": null, \"out_format\": \"vcf\", \"regions\": [\"genomicSuperDups\", \"phastConsElements46way\"], \"__page__\": null, \"__rerun_remap_job_id__\": null}",
            "tool_version": "0.2",
            "type": "tool",
            "uuid": "5ac4e829-4995-4057-8a47-53281c409416",
            "when": null,
            "workflow_outputs": []
        },
        "29": {
            "annotation": "",
            "content_id": "toolshed.g2.bx.psu.edu/repos/devteam/table_annovar/table_annovar/0.2",
            "errors": null,
            "id": 29,
            "input_connections": {
                "input": {
                    "id": 26,
                    "output_name": "output_vcf"
                }
            },
            "inputs": [],
            "label": null,
            "name": "ANNOVAR Annotate VCF",
            "outputs": [
                {
                    "name": "output",
                    "type": "tabular"
                }
            ],
            "position": {
                "left": 1110,
                "top": 250
            },
            "post_job_actions": {},
            "tool_id": "toolshed.g2.bx.psu.edu/repos/devteam/table_annovar/table_annovar/0.2",
            "tool_shed_repository": {
                "changeset_revision": "d4e292ddda05",
                "name": "table_annovar",
                "owner": "devteam",
                "tool_shed": "toolshed.g2.bx.psu.edu"
            },
            "tool_state": "{\"chromInfo\": \"/galaxy-repl/localdata/chrom/hg19.len\", \"filters\": [\"1000g2012apr_all\", \"avsift\", \"snp137NonFlagged\", \"esp6500si_all\", \"snp137\", \"cosmic67\"], \"gene_anns\": [\"refGene\", \"gencodeV19\"], \"input\": null, \"out_format\": \"vcf\", \"regions\": [\"genomicSuperDups\", \"phastConsElements46way\"], \"__page__\": null, \"__rerun_remap_job_id__\": null}",
            "tool_version": "0.2",
            "type": "tool",
            "uuid": "42ffd8f3-b166-4e4a-814f-ff4127381a76",
            "when": null,
            "workflow_outputs": []
        },
        "30": {
            "annotation": "",
            "content_id": "toolshed.g2.bx.psu.edu/repos/devteam/vcfcombine/vcfcombine/0.0.3",
            "errors": null,
            "id": 30,
            "input_connections": {
                "input_vcfs_0|input_vcf": {
                    "id": 26,
                    "output_name": "output_vcf"
                },
                "input_vcfs_1|input_vcf": {
                    "id": 25,
                    "output_name": "output_vcf"
                },
                "input_vcfs_2|input_vcf": {
                    "id": 24,
                    "output_name": "output_vcf"
                }
            },
            "inputs": [],
            "label": null,
            "name": "VCFcombine:",
            "outputs": [
                {
                    "name": "out_file1",
                    "type": "vcf"
                }
            ],
            "position": {
                "left": 1110,
                "top": 370
            },
            "post_job_actions": {},
            "tool_id": "toolshed.g2.bx.psu.edu/repos/devteam/vcfcombine/vcfcombine/0.0.3",
            "tool_shed_repository": {
                "changeset_revision": "da419f5ed589",
                "name": "vcfcombine",
                "owner": "devteam",
                "tool_shed": "toolshed.g2.bx.psu.edu"
            },
            "tool_state": "{\"chromInfo\": \"/galaxy-repl/localdata/chrom/hg19.len\", \"input_vcfs\": [{\"__index__\": 0, \"input_vcf\": null}, {\"__index__\": 1, \"input_vcf\": null}, {\"__index__\": 2, \"input_vcf\": null}], \"__page__\": null, \"__rerun_remap_job_id__\": null}",
            "tool_version": "0.0.3",
            "type": "tool",
            "uuid": "4ee88052-6df1-4c46-900f-a018ed968a47",
            "when": null,
            "workflow_outputs": []
        }
    },
    "tags": [],
    "uuid": "ed0f91df-854f-4de1-8e0f-37b9c079ecb1",
    "version": 0
}