{
    "a_galaxy_workflow": "true",
    "annotation": "",
    "format-version": "0.1",
    "name": "Basic Chip-Seq Workflow",
    "steps": {
        "0": {
            "annotation": "",
            "content_id": null,
            "errors": null,
            "id": 0,
            "input_connections": {},
            "inputs": [
                {
                    "description": "",
                    "name": "Treatment Collection"
                }
            ],
            "label": "Treatment Collection",
            "name": "Input dataset collection",
            "outputs": [],
            "position": {
                "left": 5.422301698768962,
                "top": 0
            },
            "tool_id": null,
            "tool_state": "{\"optional\": false, \"tag\": null, \"collection_type\": \"list:paired\"}",
            "tool_version": null,
            "type": "data_collection_input",
            "uuid": "fdc54560-54b9-481d-81db-bbd3f9e98f23",
            "when": null,
            "workflow_outputs": []
        },
        "1": {
            "annotation": "",
            "content_id": null,
            "errors": null,
            "id": 1,
            "input_connections": {},
            "inputs": [
                {
                    "description": "",
                    "name": "Remove N bp from 3' end of read 1"
                }
            ],
            "label": "Remove N bp from 3' end of read 1",
            "name": "Input parameter",
            "outputs": [],
            "position": {
                "left": 1.278416387549015,
                "top": 141.4349934838118
            },
            "tool_id": null,
            "tool_state": "{\"default\": 0, \"parameter_type\": \"integer\", \"optional\": true}",
            "tool_version": null,
            "type": "parameter_input",
            "uuid": "7a4bded4-c8b2-4f07-b7d8-ca5023cd0e2a",
            "when": null,
            "workflow_outputs": []
        },
        "2": {
            "annotation": "",
            "content_id": null,
            "errors": null,
            "id": 2,
            "input_connections": {},
            "inputs": [
                {
                    "description": "",
                    "name": "Remove N bp from 3' end of read 2"
                }
            ],
            "label": "Remove N bp from 3' end of read 2",
            "name": "Input parameter",
            "outputs": [],
            "position": {
                "left": 4.794239459960636,
                "top": 280.91656935647006
            },
            "tool_id": null,
            "tool_state": "{\"default\": 0, \"parameter_type\": \"integer\", \"optional\": true}",
            "tool_version": null,
            "type": "parameter_input",
            "uuid": "531bae31-b609-47b6-9b7a-2f7740beb2cd",
            "when": null,
            "workflow_outputs": []
        },
        "3": {
            "annotation": "",
            "content_id": null,
            "errors": null,
            "id": 3,
            "input_connections": {},
            "inputs": [
                {
                    "description": "",
                    "name": "Phred quality score threshold"
                }
            ],
            "label": "Phred quality score threshold",
            "name": "Input parameter",
            "outputs": [],
            "position": {
                "left": 9.800443763750394,
                "top": 419.62959466359604
            },
            "tool_id": null,
            "tool_state": "{\"default\": 20, \"parameter_type\": \"integer\", \"optional\": true}",
            "tool_version": null,
            "type": "parameter_input",
            "uuid": "2932c3b1-8d28-453d-8c06-04a683735f82",
            "when": null,
            "workflow_outputs": []
        },
        "4": {
            "annotation": "",
            "content_id": null,
            "errors": null,
            "id": 4,
            "input_connections": {},
            "inputs": [
                {
                    "description": "",
                    "name": "Discard reads that became shorter than length N"
                }
            ],
            "label": "Discard reads that became shorter than length N",
            "name": "Input parameter",
            "outputs": [],
            "position": {
                "left": 0,
                "top": 546.3509964802981
            },
            "tool_id": null,
            "tool_state": "{\"default\": 0, \"parameter_type\": \"integer\", \"optional\": true}",
            "tool_version": null,
            "type": "parameter_input",
            "uuid": "c383e686-2fdf-4bcc-9462-23f703e63339",
            "when": null,
            "workflow_outputs": []
        },
        "5": {
            "annotation": "",
            "content_id": null,
            "errors": null,
            "id": 5,
            "input_connections": {},
            "inputs": [
                {
                    "description": "",
                    "name": "Reference genome"
                }
            ],
            "label": "Reference genome",
            "name": "Input dataset",
            "outputs": [],
            "position": {
                "left": 400.5996429324969,
                "top": 466.12005746861195
            },
            "tool_id": null,
            "tool_state": "{\"optional\": false, \"tag\": null}",
            "tool_version": null,
            "type": "data_input",
            "uuid": "04ccf24a-04bd-4e33-a0de-bd70194d3051",
            "when": null,
            "workflow_outputs": []
        },
        "6": {
            "annotation": "",
            "content_id": null,
            "errors": null,
            "id": 6,
            "input_connections": {},
            "inputs": [
                {
                    "description": "",
                    "name": "Specify strand information"
                }
            ],
            "label": "Specify strand information",
            "name": "Input parameter",
            "outputs": [],
            "position": {
                "left": 402.19513024535,
                "top": 570.0966456594584
            },
            "tool_id": null,
            "tool_state": "{\"restrictOnConnections\": true, \"parameter_type\": \"text\", \"optional\": false}",
            "tool_version": null,
            "type": "parameter_input",
            "uuid": "2d004855-3370-4896-913c-e810e0f1b2f7",
            "when": null,
            "workflow_outputs": []
        },
        "7": {
            "annotation": "",
            "content_id": null,
            "errors": null,
            "id": 7,
            "input_connections": {},
            "inputs": [
                {
                    "description": "",
                    "name": "Control Collection"
                }
            ],
            "label": "Control Collection",
            "name": "Input dataset collection",
            "outputs": [],
            "position": {
                "left": 405.3857762433912,
                "top": 688.9295046952375
            },
            "tool_id": null,
            "tool_state": "{\"optional\": false, \"tag\": null, \"collection_type\": \"list:paired\"}",
            "tool_version": null,
            "type": "data_collection_input",
            "uuid": "26621c1d-a405-42ab-b5d9-8bc8a6a0c0b1",
            "when": null,
            "workflow_outputs": []
        },
        "8": {
            "annotation": "",
            "content_id": null,
            "errors": null,
            "id": 8,
            "input_connections": {},
            "inputs": [
                {
                    "description": "",
                    "name": "MACS2 input format"
                }
            ],
            "label": "MACS2 input format",
            "name": "Input parameter",
            "outputs": [],
            "position": {
                "left": 791.6666736480972,
                "top": 876.5517471919625
            },
            "tool_id": null,
            "tool_state": "{\"restrictOnConnections\": true, \"parameter_type\": \"text\", \"optional\": false}",
            "tool_version": null,
            "type": "parameter_input",
            "uuid": "2b964d0a-b398-4f96-aabb-a882b5d197ba",
            "when": null,
            "workflow_outputs": []
        },
        "9": {
            "annotation": "",
            "content_id": null,
            "errors": null,
            "id": 9,
            "input_connections": {},
            "inputs": [
                {
                    "description": "",
                    "name": "Effective genome size"
                }
            ],
            "label": "Effective genome size",
            "name": "Input parameter",
            "outputs": [],
            "position": {
                "left": 798.0479656441796,
                "top": 978.9332314688983
            },
            "tool_id": null,
            "tool_state": "{\"parameter_type\": \"integer\", \"optional\": false}",
            "tool_version": null,
            "type": "parameter_input",
            "uuid": "2532a62b-5044-47d8-a161-52fbb4c1cda1",
            "when": null,
            "workflow_outputs": []
        },
        "10": {
            "annotation": "",
            "content_id": null,
            "errors": null,
            "id": 10,
            "input_connections": {},
            "inputs": [
                {
                    "description": "",
                    "name": "Minimum q-value cutoff for peak detection"
                }
            ],
            "label": "Minimum q-value cutoff for peak detection",
            "name": "Input parameter",
            "outputs": [],
            "position": {
                "left": 801.2387211847758,
                "top": 1084.5053069725977
            },
            "tool_id": null,
            "tool_state": "{\"default\": 0.05, \"parameter_type\": \"float\", \"optional\": true}",
            "tool_version": null,
            "type": "parameter_input",
            "uuid": "1efef141-f85d-4e06-a669-1dc28d79e0cc",
            "when": null,
            "workflow_outputs": []
        },
        "11": {
            "annotation": "",
            "content_id": "toolshed.g2.bx.psu.edu/repos/bgruening/trim_galore/trim_galore/0.6.7+galaxy0",
            "errors": null,
            "id": 11,
            "input_connections": {
                "params|min_length": {
                    "id": 4,
                    "output_name": "output"
                },
                "params|quality": {
                    "id": 3,
                    "output_name": "output"
                },
                "singlePaired|input_mate_pairs": {
                    "id": 0,
                    "output_name": "output"
                },
                "singlePaired|three_prime_clip_R1": {
                    "id": 1,
                    "output_name": "output"
                },
                "singlePaired|three_prime_clip_R2": {
                    "id": 2,
                    "output_name": "output"
                }
            },
            "inputs": [],
            "label": null,
            "name": "Trim Galore!",
            "outputs": [
                {
                    "name": "trimmed_reads_paired_collection",
                    "type": "input"
                }
            ],
            "position": {
                "left": 403.7904125567771,
                "top": 78.08970103518715
            },
            "post_job_actions": {},
            "tool_id": "toolshed.g2.bx.psu.edu/repos/bgruening/trim_galore/trim_galore/0.6.7+galaxy0",
            "tool_shed_repository": {
                "changeset_revision": "cd7e644cae1d",
                "name": "trim_galore",
                "owner": "bgruening",
                "tool_shed": "toolshed.g2.bx.psu.edu"
            },
            "tool_state": "{\"__job_resource\": {\"__job_resource__select\": \"no\", \"__current_case__\": 0}, \"params\": {\"settingsType\": \"custom\", \"__current_case__\": 1, \"quality\": {\"__class__\": \"ConnectedValue\"}, \"stringency\": \"1\", \"error_rate\": \"0.1\", \"min_length\": {\"__class__\": \"ConnectedValue\"}, \"clip_R1\": null, \"clip_R2\": null, \"report\": false, \"retain_unpaired\": {\"retain_unpaired_select\": \"no_output\", \"__current_case__\": 0}}, \"rrbs\": {\"settingsType\": \"default\", \"__current_case__\": 0}, \"singlePaired\": {\"sPaired\": \"paired_collection\", \"__current_case__\": 2, \"input_mate_pairs\": {\"__class__\": \"ConnectedValue\"}, \"trimming\": {\"trimming_select\": \"\", \"__current_case__\": 0}, \"trim1\": false, \"three_prime_clip_R1\": {\"__class__\": \"ConnectedValue\"}, \"three_prime_clip_R2\": {\"__class__\": \"ConnectedValue\"}}, \"trimming\": {\"settingsType\": \"default\", \"__current_case__\": 0}, \"__page__\": null, \"__rerun_remap_job_id__\": null}",
            "tool_version": "0.6.7+galaxy0",
            "type": "tool",
            "uuid": "05ed9273-db30-41e5-98bb-fad457e97b1c",
            "when": null,
            "workflow_outputs": []
        },
        "12": {
            "annotation": "",
            "content_id": "toolshed.g2.bx.psu.edu/repos/iuc/hisat2/hisat2/2.2.1+galaxy1",
            "errors": null,
            "id": 12,
            "input_connections": {
                "library|input_1": {
                    "id": 7,
                    "output_name": "output"
                },
                "library|rna_strandness": {
                    "id": 6,
                    "output_name": "output"
                },
                "reference_genome|history_item": {
                    "id": 5,
                    "output_name": "output"
                }
            },
            "inputs": [],
            "label": null,
            "name": "HISAT2",
            "outputs": [
                {
                    "name": "output_alignments",
                    "type": "bam"
                },
                {
                    "name": "summary_file",
                    "type": "txt"
                }
            ],
            "position": {
                "left": 783.6900038817166,
                "top": 631.9059775189627
            },
            "post_job_actions": {},
            "tool_id": "toolshed.g2.bx.psu.edu/repos/iuc/hisat2/hisat2/2.2.1+galaxy1",
            "tool_shed_repository": {
                "changeset_revision": "f4af63aaf57a",
                "name": "hisat2",
                "owner": "iuc",
                "tool_shed": "toolshed.g2.bx.psu.edu"
            },
            "tool_state": "{\"__job_resource\": {\"__job_resource__select\": \"no\", \"__current_case__\": 0}, \"adv\": {\"input_options\": {\"input_options_selector\": \"defaults\", \"__current_case__\": 0}, \"alignment_options\": {\"alignment_options_selector\": \"defaults\", \"__current_case__\": 0}, \"scoring_options\": {\"scoring_options_selector\": \"defaults\", \"__current_case__\": 0}, \"spliced_options\": {\"spliced_options_selector\": \"defaults\", \"__current_case__\": 0}, \"reporting_options\": {\"reporting_options_selector\": \"defaults\", \"__current_case__\": 0}, \"output_options\": {\"output_options_selector\": \"defaults\", \"__current_case__\": 0}, \"sam_options\": {\"sam_options_selector\": \"defaults\", \"__current_case__\": 0}, \"other_options\": {\"other_options_selector\": \"defaults\", \"__current_case__\": 0}}, \"library\": {\"type\": \"paired_collection\", \"__current_case__\": 2, \"input_1\": {\"__class__\": \"ConnectedValue\"}, \"rna_strandness\": {\"__class__\": \"ConnectedValue\"}, \"paired_options\": {\"paired_options_selector\": \"defaults\", \"__current_case__\": 0}}, \"reference_genome\": {\"source\": \"history\", \"__current_case__\": 1, \"history_item\": {\"__class__\": \"ConnectedValue\"}}, \"sum\": {\"new_summary\": false, \"summary_file\": true}, \"__page__\": null, \"__rerun_remap_job_id__\": null}",
            "tool_version": "2.2.1+galaxy1",
            "type": "tool",
            "uuid": "a286a13e-3c1d-44c7-8f8a-956bebc09dd2",
            "when": null,
            "workflow_outputs": []
        },
        "13": {
            "annotation": "",
            "content_id": "toolshed.g2.bx.psu.edu/repos/devteam/fastqc/fastqc/0.73+galaxy0",
            "errors": null,
            "id": 13,
            "input_connections": {
                "input_file": {
                    "id": 11,
                    "output_name": "trimmed_reads_paired_collection"
                }
            },
            "inputs": [
                {
                    "description": "runtime parameter for tool FastQC",
                    "name": "adapters"
                },
                {
                    "description": "runtime parameter for tool FastQC",
                    "name": "contaminants"
                },
                {
                    "description": "runtime parameter for tool FastQC",
                    "name": "limits"
                }
            ],
            "label": null,
            "name": "FastQC",
            "outputs": [
                {
                    "name": "html_file",
                    "type": "html"
                },
                {
                    "name": "text_file",
                    "type": "txt"
                }
            ],
            "position": {
                "left": 777.308821428189,
                "top": 80.13580130271171
            },
            "post_job_actions": {
                "HideDatasetActiontext_file": {
                    "action_arguments": {},
                    "action_type": "HideDatasetAction",
                    "output_name": "text_file"
                }
            },
            "tool_id": "toolshed.g2.bx.psu.edu/repos/devteam/fastqc/fastqc/0.73+galaxy0",
            "tool_shed_repository": {
                "changeset_revision": "3d0c7bdf12f5",
                "name": "fastqc",
                "owner": "devteam",
                "tool_shed": "toolshed.g2.bx.psu.edu"
            },
            "tool_state": "{\"__job_resource\": {\"__current_case__\": 0, \"__job_resource__select\": \"no\"}, \"adapters\": {\"__class__\": \"RuntimeValue\"}, \"contaminants\": {\"__class__\": \"RuntimeValue\"}, \"input_file\": {\"__class__\": \"ConnectedValue\"}, \"kmers\": \"7\", \"limits\": {\"__class__\": \"RuntimeValue\"}, \"min_length\": null, \"nogroup\": false, \"__page__\": null, \"__rerun_remap_job_id__\": null}",
            "tool_version": "0.73+galaxy0",
            "type": "tool",
            "uuid": "f3e27683-0aae-4a22-b3b4-2a0b7431cbba",
            "when": null,
            "workflow_outputs": []
        },
        "14": {
            "annotation": "",
            "content_id": "toolshed.g2.bx.psu.edu/repos/iuc/hisat2/hisat2/2.2.1+galaxy1",
            "errors": null,
            "id": 14,
            "input_connections": {
                "library|input_1": {
                    "id": 11,
                    "output_name": "trimmed_reads_paired_collection"
                },
                "library|rna_strandness": {
                    "id": 6,
                    "output_name": "output"
                },
                "reference_genome|history_item": {
                    "id": 5,
                    "output_name": "output"
                }
            },
            "inputs": [],
            "label": null,
            "name": "HISAT2",
            "outputs": [
                {
                    "name": "output_alignments",
                    "type": "bam"
                },
                {
                    "name": "summary_file",
                    "type": "txt"
                }
            ],
            "position": {
                "left": 780.4994674262305,
                "top": 366.5208993161398
            },
            "post_job_actions": {},
            "tool_id": "toolshed.g2.bx.psu.edu/repos/iuc/hisat2/hisat2/2.2.1+galaxy1",
            "tool_shed_repository": {
                "changeset_revision": "f4af63aaf57a",
                "name": "hisat2",
                "owner": "iuc",
                "tool_shed": "toolshed.g2.bx.psu.edu"
            },
            "tool_state": "{\"__job_resource\": {\"__job_resource__select\": \"no\", \"__current_case__\": 0}, \"adv\": {\"input_options\": {\"input_options_selector\": \"defaults\", \"__current_case__\": 0}, \"alignment_options\": {\"alignment_options_selector\": \"defaults\", \"__current_case__\": 0}, \"scoring_options\": {\"scoring_options_selector\": \"defaults\", \"__current_case__\": 0}, \"spliced_options\": {\"spliced_options_selector\": \"defaults\", \"__current_case__\": 0}, \"reporting_options\": {\"reporting_options_selector\": \"defaults\", \"__current_case__\": 0}, \"output_options\": {\"output_options_selector\": \"defaults\", \"__current_case__\": 0}, \"sam_options\": {\"sam_options_selector\": \"defaults\", \"__current_case__\": 0}, \"other_options\": {\"other_options_selector\": \"defaults\", \"__current_case__\": 0}}, \"library\": {\"type\": \"paired_collection\", \"__current_case__\": 2, \"input_1\": {\"__class__\": \"ConnectedValue\"}, \"rna_strandness\": {\"__class__\": \"ConnectedValue\"}, \"paired_options\": {\"paired_options_selector\": \"defaults\", \"__current_case__\": 0}}, \"reference_genome\": {\"source\": \"history\", \"__current_case__\": 1, \"history_item\": {\"__class__\": \"ConnectedValue\"}}, \"sum\": {\"new_summary\": false, \"summary_file\": true}, \"__page__\": null, \"__rerun_remap_job_id__\": null}",
            "tool_version": "2.2.1+galaxy1",
            "type": "tool",
            "uuid": "7882ae62-67a8-4bf3-95e6-b2907b7ad8f9",
            "when": null,
            "workflow_outputs": []
        },
        "15": {
            "annotation": "",
            "content_id": "toolshed.g2.bx.psu.edu/repos/iuc/macs2/macs2_callpeak/2.2.7.1+galaxy0",
            "errors": null,
            "id": 15,
            "input_connections": {
                "control|c_multiple|input_control_file": {
                    "id": 12,
                    "output_name": "output_alignments"
                },
                "cutoff_options|qvalue": {
                    "id": 10,
                    "output_name": "output"
                },
                "effective_genome_size_options|gsize": {
                    "id": 9,
                    "output_name": "output"
                },
                "format": {
                    "id": 8,
                    "output_name": "output"
                },
                "treatment|input_treatment_file": {
                    "id": 14,
                    "output_name": "output_alignments"
                }
            },
            "inputs": [],
            "label": null,
            "name": "MACS2 callpeak",
            "outputs": [
                {
                    "name": "output_narrowpeaks",
                    "type": "bed"
                }
            ],
            "position": {
                "left": 1161.9864539986404,
                "top": 603.1926830153552
            },
            "post_job_actions": {},
            "tool_id": "toolshed.g2.bx.psu.edu/repos/iuc/macs2/macs2_callpeak/2.2.7.1+galaxy0",
            "tool_shed_repository": {
                "changeset_revision": "640d3af5d833",
                "name": "macs2",
                "owner": "iuc",
                "tool_shed": "toolshed.g2.bx.psu.edu"
            },
            "tool_state": "{\"advanced_options\": {\"to_large\": false, \"nolambda\": false, \"spmr\": false, \"ratio\": null, \"slocal\": null, \"llocal\": null, \"broad_options\": {\"broad_options_selector\": \"nobroad\", \"__current_case__\": 1, \"call_summits\": false}, \"keep_dup_options\": {\"keep_dup_options_selector\": \"1\", \"__current_case__\": 1}, \"d_min\": \"20\", \"buffer_size\": \"100000\"}, \"control\": {\"c_select\": \"Yes\", \"__current_case__\": 0, \"c_multiple\": {\"c_multi_select\": \"Yes\", \"__current_case__\": 1, \"input_control_file\": {\"__class__\": \"ConnectedValue\"}}}, \"cutoff_options\": {\"cutoff_options_selector\": \"qvalue\", \"__current_case__\": 1, \"qvalue\": {\"__class__\": \"ConnectedValue\"}}, \"effective_genome_size_options\": {\"effective_genome_size_options_selector\": \"user_defined\", \"__current_case__\": 4, \"gsize\": {\"__class__\": \"ConnectedValue\"}}, \"format\": {\"__class__\": \"ConnectedValue\"}, \"nomodel_type\": {\"nomodel_type_selector\": \"create_model\", \"__current_case__\": 0, \"mfold_lower\": \"5\", \"mfold_upper\": \"50\", \"band_width\": \"300\"}, \"outputs\": null, \"treatment\": {\"t_multi_select\": \"Yes\", \"__current_case__\": 1, \"input_treatment_file\": {\"__class__\": \"ConnectedValue\"}}, \"__page__\": null, \"__rerun_remap_job_id__\": null}",
            "tool_version": "2.2.7.1+galaxy0",
            "type": "tool",
            "uuid": "057f5d2d-b5b5-44e3-b934-d1a07155d05b",
            "when": null,
            "workflow_outputs": []
        }
    },
    "tags": [
        "ChIP",
        "ChIP-Seq",
        "ChIPSeq"
    ],
    "uuid": "8212b94d-bb04-4a75-8f49-b654567da6d3",
    "version": 28
}