{
    "a_galaxy_workflow": "true",
    "annotation": "",
    "format-version": "0.1",
    "name": "Workflow constructed from history '16S Microbial Analysis'",
    "steps": {
        "0": {
            "annotation": "",
            "content_id": null,
            "errors": null,
            "id": 0,
            "input_connections": {},
            "inputs": [
                {
                    "description": "",
                    "name": "HMP_MOCK.v35.fasta"
                }
            ],
            "label": "HMP_MOCK.v35.fasta",
            "name": "Input dataset",
            "outputs": [],
            "position": {
                "left": 10,
                "top": 10
            },
            "tool_id": null,
            "tool_state": "{\"optional\": false, \"tag\": null}",
            "tool_version": null,
            "type": "data_input",
            "uuid": "414836ed-c064-4056-947f-a1906e6395e1",
            "when": null,
            "workflow_outputs": []
        },
        "1": {
            "annotation": "",
            "content_id": null,
            "errors": null,
            "id": 1,
            "input_connections": {},
            "inputs": [
                {
                    "description": "",
                    "name": "silva.v4.fasta"
                }
            ],
            "label": "silva.v4.fasta",
            "name": "Input dataset",
            "outputs": [],
            "position": {
                "left": 10,
                "top": 130
            },
            "tool_id": null,
            "tool_state": "{\"optional\": false, \"tag\": null}",
            "tool_version": null,
            "type": "data_input",
            "uuid": "99806fc3-3fc1-474f-b6e5-757623e1c2c9",
            "when": null,
            "workflow_outputs": []
        },
        "2": {
            "annotation": "",
            "content_id": null,
            "errors": null,
            "id": 2,
            "input_connections": {},
            "inputs": [
                {
                    "description": "",
                    "name": "trainset9_032012.pds.fasta"
                }
            ],
            "label": "trainset9_032012.pds.fasta",
            "name": "Input dataset",
            "outputs": [],
            "position": {
                "left": 10,
                "top": 250
            },
            "tool_id": null,
            "tool_state": "{\"optional\": false, \"tag\": null}",
            "tool_version": null,
            "type": "data_input",
            "uuid": "aae2764b-d85b-4ccc-ab9c-481a60dca875",
            "when": null,
            "workflow_outputs": []
        },
        "3": {
            "annotation": "",
            "content_id": null,
            "errors": null,
            "id": 3,
            "input_connections": {},
            "inputs": [
                {
                    "description": "",
                    "name": "trainset9_032012.pds.tax"
                }
            ],
            "label": "trainset9_032012.pds.tax",
            "name": "Input dataset",
            "outputs": [],
            "position": {
                "left": 10,
                "top": 370
            },
            "tool_id": null,
            "tool_state": "{\"optional\": false, \"tag\": null}",
            "tool_version": null,
            "type": "data_input",
            "uuid": "efb6c763-ebe5-4719-a6b6-866f6bd0f8d2",
            "when": null,
            "workflow_outputs": [
                {
                    "label": null,
                    "output_name": "output",
                    "uuid": "efdc301b-94f5-4141-95f3-6dcce1a6ed56"
                }
            ]
        },
        "4": {
            "annotation": "",
            "content_id": null,
            "errors": null,
            "id": 4,
            "input_connections": {},
            "inputs": [
                {
                    "description": "",
                    "name": "mouse.dpw.metadata"
                }
            ],
            "label": "mouse.dpw.metadata",
            "name": "Input dataset",
            "outputs": [],
            "position": {
                "left": 10,
                "top": 490
            },
            "tool_id": null,
            "tool_state": "{\"optional\": false, \"tag\": null}",
            "tool_version": null,
            "type": "data_input",
            "uuid": "39fcfec7-84d6-471e-964d-2a74485583d9",
            "when": null,
            "workflow_outputs": []
        },
        "5": {
            "annotation": "",
            "content_id": null,
            "errors": null,
            "id": 5,
            "input_connections": {},
            "inputs": [
                {
                    "description": "",
                    "name": "Input Dataset Collection"
                }
            ],
            "label": "Input Dataset Collection",
            "name": "Input dataset collection",
            "outputs": [],
            "position": {
                "left": 10,
                "top": 610
            },
            "tool_id": null,
            "tool_state": "{\"optional\": false, \"tag\": null, \"collection_type\": \"list:paired\"}",
            "tool_version": null,
            "type": "data_collection_input",
            "uuid": "b788c8e5-4866-4c1f-b508-a64ec04816c8",
            "when": null,
            "workflow_outputs": [
                {
                    "label": null,
                    "output_name": "output",
                    "uuid": "446bffc8-ac7d-49fe-b510-32637e2a3df7"
                }
            ]
        },
        "6": {
            "annotation": "",
            "content_id": "toolshed.g2.bx.psu.edu/repos/iuc/mothur_make_contigs/mothur_make_contigs/1.39.5.1",
            "errors": null,
            "id": 6,
            "input_connections": {
                "input_type|list_paired_collection": {
                    "id": 5,
                    "output_name": "output"
                }
            },
            "inputs": [],
            "label": null,
            "name": "Make.contigs",
            "outputs": [
                {
                    "name": "fasta",
                    "type": "fasta"
                },
                {
                    "name": "qual",
                    "type": "qual"
                },
                {
                    "name": "scrapfasta",
                    "type": "fasta"
                },
                {
                    "name": "scrapqual",
                    "type": "qual"
                },
                {
                    "name": "report",
                    "type": "txt"
                },
                {
                    "name": "group",
                    "type": "mothur.groups"
                }
            ],
            "position": {
                "left": 230,
                "top": 10
            },
            "post_job_actions": {},
            "tool_id": "toolshed.g2.bx.psu.edu/repos/iuc/mothur_make_contigs/mothur_make_contigs/1.39.5.1",
            "tool_shed_repository": {
                "changeset_revision": "4e9136c2c4c3",
                "name": "mothur_make_contigs",
                "owner": "iuc",
                "tool_shed": "toolshed.g2.bx.psu.edu"
            },
            "tool_state": "{\"__input_ext\": \"input\", \"align\": \"needleman\", \"chromInfo\": \"/cvmfs/data.galaxyproject.org/managed/len/ucsc/?.len\", \"gapextend\": \"-1\", \"gapopen\": \"-2\", \"input_type\": {\"type\": \"list_collection\", \"__current_case__\": 2, \"list_paired_collection\": null}, \"match\": \"1\", \"mismatch\": \"-1\", \"oligo\": {\"add\": \"no\", \"__current_case__\": 0}, \"rename\": true, \"savelog\": false, \"__page__\": null, \"__rerun_remap_job_id__\": null}",
            "tool_version": "1.39.5.1",
            "type": "tool",
            "uuid": "1edf0429-ef56-4098-850e-0b2d22147bd0",
            "when": null,
            "workflow_outputs": []
        },
        "7": {
            "annotation": "",
            "content_id": "toolshed.g2.bx.psu.edu/repos/iuc/mothur_summary_seqs/mothur_summary_seqs/1.39.5.0",
            "errors": null,
            "id": 7,
            "input_connections": {
                "fasta": {
                    "id": 6,
                    "output_name": "fasta"
                }
            },
            "inputs": [],
            "label": null,
            "name": "Summary.seqs",
            "outputs": [
                {
                    "name": "logfile",
                    "type": "txt"
                },
                {
                    "name": "out_summary",
                    "type": "mothur.summary"
                }
            ],
            "position": {
                "left": 450,
                "top": 10
            },
            "post_job_actions": {},
            "tool_id": "toolshed.g2.bx.psu.edu/repos/iuc/mothur_summary_seqs/mothur_summary_seqs/1.39.5.0",
            "tool_shed_repository": {
                "changeset_revision": "609770e516fa",
                "name": "mothur_summary_seqs",
                "owner": "iuc",
                "tool_shed": "toolshed.g2.bx.psu.edu"
            },
            "tool_state": "{\"__input_ext\": \"input\", \"chromInfo\": \"/cvmfs/data.galaxyproject.org/managed/len/ucsc/?.len\", \"count\": null, \"fasta\": null, \"name\": null, \"savelog\": true, \"__page__\": null, \"__rerun_remap_job_id__\": null}",
            "tool_version": "1.39.5.0",
            "type": "tool",
            "uuid": "e5618aed-a0ea-4d88-94a0-5bd565ef85bd",
            "when": null,
            "workflow_outputs": []
        },
        "8": {
            "annotation": "",
            "content_id": "toolshed.g2.bx.psu.edu/repos/iuc/mothur_screen_seqs/mothur_screen_seqs/1.39.5.1",
            "errors": null,
            "id": 8,
            "input_connections": {
                "fasta": {
                    "id": 6,
                    "output_name": "fasta"
                },
                "groups": {
                    "id": 6,
                    "output_name": "group"
                }
            },
            "inputs": [],
            "label": null,
            "name": "Screen.seqs",
            "outputs": [
                {
                    "name": "fasta_out",
                    "type": "input"
                },
                {
                    "name": "bad_accnos",
                    "type": "mothur.accnos"
                },
                {
                    "name": "alignreport_out",
                    "type": "mothur.align.report"
                },
                {
                    "name": "contigsreport_out",
                    "type": "tabular"
                }
            ],
            "position": {
                "left": 450,
                "top": 130
            },
            "post_job_actions": {},
            "tool_id": "toolshed.g2.bx.psu.edu/repos/iuc/mothur_screen_seqs/mothur_screen_seqs/1.39.5.1",
            "tool_shed_repository": {
                "changeset_revision": "63b74bfc8052",
                "name": "mothur_screen_seqs",
                "owner": "iuc",
                "tool_shed": "toolshed.g2.bx.psu.edu"
            },
            "tool_state": "{\"__input_ext\": \"input\", \"alignrep\": {\"usealign\": \"no\", \"__current_case__\": 1}, \"chromInfo\": \"/cvmfs/data.galaxyproject.org/managed/len/ucsc/?.len\", \"contigsrep\": {\"usecontigs\": \"no\", \"__current_case__\": 1}, \"count\": null, \"criteria\": \"-1\", \"end\": \"-1\", \"fasta\": null, \"groups\": null, \"maxambig\": \"0\", \"maxhomop\": \"-1\", \"maxlength\": \"275\", \"minlength\": \"10\", \"names\": null, \"optimize\": [\"maxlength\", \"maxambig\"], \"qfile\": null, \"savelog\": false, \"start\": \"-1\", \"summary\": null, \"taxonomy\": null, \"__page__\": null, \"__rerun_remap_job_id__\": null}",
            "tool_version": "1.39.5.1",
            "type": "tool",
            "uuid": "c383b032-42ea-4f5a-8d1e-4b7a0c09d133",
            "when": null,
            "workflow_outputs": []
        },
        "9": {
            "annotation": "",
            "content_id": "toolshed.g2.bx.psu.edu/repos/iuc/mothur_unique_seqs/mothur_unique_seqs/1.39.5.0",
            "errors": null,
            "id": 9,
            "input_connections": {
                "fasta": {
                    "id": 8,
                    "output_name": "fasta_out"
                }
            },
            "inputs": [],
            "label": null,
            "name": "Unique.seqs",
            "outputs": [
                {
                    "name": "out_fasta",
                    "type": "input"
                },
                {
                    "name": "out_names",
                    "type": "mothur.names"
                }
            ],
            "position": {
                "left": 670,
                "top": 10
            },
            "post_job_actions": {},
            "tool_id": "toolshed.g2.bx.psu.edu/repos/iuc/mothur_unique_seqs/mothur_unique_seqs/1.39.5.0",
            "tool_shed_repository": {
                "changeset_revision": "d466580cd706",
                "name": "mothur_unique_seqs",
                "owner": "iuc",
                "tool_shed": "toolshed.g2.bx.psu.edu"
            },
            "tool_state": "{\"__input_ext\": \"input\", \"chromInfo\": \"/cvmfs/data.galaxyproject.org/managed/len/ucsc/?.len\", \"fasta\": null, \"format\": \"name\", \"names\": null, \"savelog\": false, \"__page__\": null, \"__rerun_remap_job_id__\": null}",
            "tool_version": "1.39.5.0",
            "type": "tool",
            "uuid": "69c2e38a-751d-4b48-b78d-4aeec84b7fb9",
            "when": null,
            "workflow_outputs": []
        },
        "10": {
            "annotation": "",
            "content_id": "toolshed.g2.bx.psu.edu/repos/iuc/mothur_count_seqs/mothur_count_seqs/1.39.5.0",
            "errors": null,
            "id": 10,
            "input_connections": {
                "grouping|group": {
                    "id": 8,
                    "output_name": "groups_out"
                },
                "name": {
                    "id": 9,
                    "output_name": "out_names"
                }
            },
            "inputs": [],
            "label": null,
            "name": "Count.seqs",
            "outputs": [
                {
                    "name": "seq_count",
                    "type": "mothur.count_table"
                }
            ],
            "position": {
                "left": 890,
                "top": 10
            },
            "post_job_actions": {},
            "tool_id": "toolshed.g2.bx.psu.edu/repos/iuc/mothur_count_seqs/mothur_count_seqs/1.39.5.0",
            "tool_shed_repository": {
                "changeset_revision": "7a6f9c899221",
                "name": "mothur_count_seqs",
                "owner": "iuc",
                "tool_shed": "toolshed.g2.bx.psu.edu"
            },
            "tool_state": "{\"__input_ext\": \"input\", \"chromInfo\": \"/cvmfs/data.galaxyproject.org/managed/len/ucsc/?.len\", \"grouping\": {\"use\": \"yes\", \"__current_case__\": 0, \"group\": null, \"groups\": null}, \"name\": null, \"savelog\": false, \"__page__\": null, \"__rerun_remap_job_id__\": null}",
            "tool_version": "1.39.5.0",
            "type": "tool",
            "uuid": "557ed8db-c7dd-42c3-bd78-480c9be01c2f",
            "when": null,
            "workflow_outputs": []
        },
        "11": {
            "annotation": "",
            "content_id": "toolshed.g2.bx.psu.edu/repos/iuc/mothur_align_seqs/mothur_align_seqs/1.39.5.0",
            "errors": null,
            "id": 11,
            "input_connections": {
                "alignment|reference": {
                    "id": 1,
                    "output_name": "output"
                },
                "fasta": {
                    "id": 9,
                    "output_name": "out_fasta"
                }
            },
            "inputs": [],
            "label": null,
            "name": "Align.seqs",
            "outputs": [
                {
                    "name": "out_align",
                    "type": "mothur.align"
                },
                {
                    "name": "report",
                    "type": "mothur.align.report"
                }
            ],
            "position": {
                "left": 890,
                "top": 130
            },
            "post_job_actions": {},
            "tool_id": "toolshed.g2.bx.psu.edu/repos/iuc/mothur_align_seqs/mothur_align_seqs/1.39.5.0",
            "tool_shed_repository": {
                "changeset_revision": "abf7c15ecfef",
                "name": "mothur_align_seqs",
                "owner": "iuc",
                "tool_shed": "toolshed.g2.bx.psu.edu"
            },
            "tool_state": "{\"__input_ext\": \"input\", \"align\": \"needleman\", \"alignment\": {\"source\": \"history\", \"__current_case__\": 1, \"reference\": null}, \"chromInfo\": \"/cvmfs/data.galaxyproject.org/managed/len/ucsc/?.len\", \"fasta\": null, \"reverse\": {\"flip\": \"no\", \"__current_case__\": 1}, \"savelog\": false, \"scoring\": {\"adjust\": \"no\", \"__current_case__\": 1}, \"search\": {\"method\": \"kmer\", \"__current_case__\": 0, \"ksize\": \"8\"}, \"__page__\": null, \"__rerun_remap_job_id__\": null}",
            "tool_version": "1.39.5.0",
            "type": "tool",
            "uuid": "40c478a8-4643-4154-87a0-1f79240849bb",
            "when": null,
            "workflow_outputs": []
        },
        "12": {
            "annotation": "",
            "content_id": "toolshed.g2.bx.psu.edu/repos/iuc/mothur_summary_seqs/mothur_summary_seqs/1.39.5.0",
            "errors": null,
            "id": 12,
            "input_connections": {
                "count": {
                    "id": 10,
                    "output_name": "seq_count"
                },
                "fasta": {
                    "id": 11,
                    "output_name": "out_align"
                }
            },
            "inputs": [],
            "label": null,
            "name": "Summary.seqs",
            "outputs": [
                {
                    "name": "logfile",
                    "type": "txt"
                },
                {
                    "name": "out_summary",
                    "type": "mothur.summary"
                }
            ],
            "position": {
                "left": 1110,
                "top": 10
            },
            "post_job_actions": {},
            "tool_id": "toolshed.g2.bx.psu.edu/repos/iuc/mothur_summary_seqs/mothur_summary_seqs/1.39.5.0",
            "tool_shed_repository": {
                "changeset_revision": "609770e516fa",
                "name": "mothur_summary_seqs",
                "owner": "iuc",
                "tool_shed": "toolshed.g2.bx.psu.edu"
            },
            "tool_state": "{\"__input_ext\": \"input\", \"chromInfo\": \"/cvmfs/data.galaxyproject.org/managed/len/ucsc/?.len\", \"count\": null, \"fasta\": null, \"name\": null, \"savelog\": true, \"__page__\": null, \"__rerun_remap_job_id__\": null}",
            "tool_version": "1.39.5.0",
            "type": "tool",
            "uuid": "4679842f-c4a3-4754-9d2c-b1f9ad5de7a9",
            "when": null,
            "workflow_outputs": []
        },
        "13": {
            "annotation": "",
            "content_id": "toolshed.g2.bx.psu.edu/repos/iuc/mothur_screen_seqs/mothur_screen_seqs/1.39.5.1",
            "errors": null,
            "id": 13,
            "input_connections": {
                "count": {
                    "id": 10,
                    "output_name": "seq_count"
                },
                "fasta": {
                    "id": 11,
                    "output_name": "out_align"
                }
            },
            "inputs": [],
            "label": null,
            "name": "Screen.seqs",
            "outputs": [
                {
                    "name": "fasta_out",
                    "type": "input"
                },
                {
                    "name": "bad_accnos",
                    "type": "mothur.accnos"
                },
                {
                    "name": "alignreport_out",
                    "type": "mothur.align.report"
                },
                {
                    "name": "contigsreport_out",
                    "type": "tabular"
                }
            ],
            "position": {
                "left": 1110,
                "top": 130
            },
            "post_job_actions": {},
            "tool_id": "toolshed.g2.bx.psu.edu/repos/iuc/mothur_screen_seqs/mothur_screen_seqs/1.39.5.1",
            "tool_shed_repository": {
                "changeset_revision": "63b74bfc8052",
                "name": "mothur_screen_seqs",
                "owner": "iuc",
                "tool_shed": "toolshed.g2.bx.psu.edu"
            },
            "tool_state": "{\"__input_ext\": \"input\", \"alignrep\": {\"usealign\": \"no\", \"__current_case__\": 1}, \"chromInfo\": \"/cvmfs/data.galaxyproject.org/managed/len/ucsc/?.len\", \"contigsrep\": {\"usecontigs\": \"no\", \"__current_case__\": 1}, \"count\": null, \"criteria\": \"-1\", \"end\": \"11550\", \"fasta\": null, \"groups\": null, \"maxambig\": \"-1\", \"maxhomop\": \"8\", \"maxlength\": \"-1\", \"minlength\": \"10\", \"names\": null, \"optimize\": [\"start\", \"end\", \"maxhomop\"], \"qfile\": null, \"savelog\": false, \"start\": \"1968\", \"summary\": null, \"taxonomy\": null, \"__page__\": null, \"__rerun_remap_job_id__\": null}",
            "tool_version": "1.39.5.1",
            "type": "tool",
            "uuid": "5585dd1a-5ff3-4457-92cf-037cf73746ed",
            "when": null,
            "workflow_outputs": []
        },
        "14": {
            "annotation": "",
            "content_id": "toolshed.g2.bx.psu.edu/repos/iuc/mothur_filter_seqs/mothur_filter_seqs/1.39.5.0",
            "errors": null,
            "id": 14,
            "input_connections": {
                "fasta": {
                    "id": 13,
                    "output_name": "fasta_out"
                }
            },
            "inputs": [],
            "label": null,
            "name": "Filter.seqs",
            "outputs": [
                {
                    "name": "logfile",
                    "type": "txt"
                },
                {
                    "name": "out_filter",
                    "type": "mothur.filter"
                },
                {
                    "name": "filteredfasta",
                    "type": "fasta"
                }
            ],
            "position": {
                "left": 1330,
                "top": 10
            },
            "post_job_actions": {},
            "tool_id": "toolshed.g2.bx.psu.edu/repos/iuc/mothur_filter_seqs/mothur_filter_seqs/1.39.5.0",
            "tool_shed_repository": {
                "changeset_revision": "3524ca06478e",
                "name": "mothur_filter_seqs",
                "owner": "iuc",
                "tool_shed": "toolshed.g2.bx.psu.edu"
            },
            "tool_state": "{\"__input_ext\": \"input\", \"chromInfo\": \"/cvmfs/data.galaxyproject.org/managed/len/ucsc/?.len\", \"fasta\": null, \"hard\": null, \"inputs\": [], \"savelog\": true, \"soft\": \"0\", \"trump\": \".\", \"vertical\": true, \"__page__\": null, \"__rerun_remap_job_id__\": null}",
            "tool_version": "1.39.5.0",
            "type": "tool",
            "uuid": "9a4e66a1-25ff-47e7-990a-9e7ae29e8925",
            "when": null,
            "workflow_outputs": []
        },
        "15": {
            "annotation": "",
            "content_id": "toolshed.g2.bx.psu.edu/repos/iuc/mothur_unique_seqs/mothur_unique_seqs/1.39.5.0",
            "errors": null,
            "id": 15,
            "input_connections": {
                "fasta": {
                    "id": 14,
                    "output_name": "filteredfasta"
                },
                "names": {
                    "id": 13,
                    "output_name": "count_out"
                }
            },
            "inputs": [],
            "label": null,
            "name": "Unique.seqs",
            "outputs": [
                {
                    "name": "out_fasta",
                    "type": "input"
                },
                {
                    "name": "out_count",
                    "type": "mothur.count_table"
                }
            ],
            "position": {
                "left": 1550,
                "top": 10
            },
            "post_job_actions": {},
            "tool_id": "toolshed.g2.bx.psu.edu/repos/iuc/mothur_unique_seqs/mothur_unique_seqs/1.39.5.0",
            "tool_shed_repository": {
                "changeset_revision": "d466580cd706",
                "name": "mothur_unique_seqs",
                "owner": "iuc",
                "tool_shed": "toolshed.g2.bx.psu.edu"
            },
            "tool_state": "{\"__input_ext\": \"input\", \"chromInfo\": \"/cvmfs/data.galaxyproject.org/managed/len/ucsc/?.len\", \"fasta\": null, \"format\": \"count\", \"names\": null, \"savelog\": false, \"__page__\": null, \"__rerun_remap_job_id__\": null}",
            "tool_version": "1.39.5.0",
            "type": "tool",
            "uuid": "cc3b374d-6d86-4faa-a575-4a4ebab3aae4",
            "when": null,
            "workflow_outputs": []
        },
        "16": {
            "annotation": "",
            "content_id": "toolshed.g2.bx.psu.edu/repos/iuc/mothur_pre_cluster/mothur_pre_cluster/1.39.5.0",
            "errors": null,
            "id": 16,
            "input_connections": {
                "fasta": {
                    "id": 15,
                    "output_name": "out_fasta"
                },
                "name": {
                    "id": 15,
                    "output_name": "out_count"
                }
            },
            "inputs": [],
            "label": null,
            "name": "Pre.cluster",
            "outputs": [
                {
                    "name": "map_out",
                    "type": "input"
                },
                {
                    "name": "fasta_out",
                    "type": "input"
                },
                {
                    "name": "names_out",
                    "type": "mothur.names"
                },
                {
                    "name": "count_out",
                    "type": "mothur.count_table"
                }
            ],
            "position": {
                "left": 1770,
                "top": 10
            },
            "post_job_actions": {},
            "tool_id": "toolshed.g2.bx.psu.edu/repos/iuc/mothur_pre_cluster/mothur_pre_cluster/1.39.5.0",
            "tool_shed_repository": {
                "changeset_revision": "05183ee20cf8",
                "name": "mothur_pre_cluster",
                "owner": "iuc",
                "tool_shed": "toolshed.g2.bx.psu.edu"
            },
            "tool_state": "{\"__input_ext\": \"input\", \"chromInfo\": \"/cvmfs/data.galaxyproject.org/managed/len/ucsc/?.len\", \"diffs\": \"2\", \"fasta\": null, \"gapextend\": \"-1\", \"gapopen\": \"-2\", \"group\": null, \"match\": \"1\", \"mismatch\": \"-1\", \"name\": null, \"savelog\": false, \"topdown\": true, \"__page__\": null, \"__rerun_remap_job_id__\": null}",
            "tool_version": "1.39.5.0",
            "type": "tool",
            "uuid": "86ca2d66-1c60-4756-9ada-a001e97c4ef6",
            "when": null,
            "workflow_outputs": []
        },
        "17": {
            "annotation": "",
            "content_id": "toolshed.g2.bx.psu.edu/repos/iuc/mothur_chimera_vsearch/mothur_chimera_vsearch/1.39.5.2",
            "errors": null,
            "id": 17,
            "input_connections": {
                "fasta": {
                    "id": 16,
                    "output_name": "fasta_out"
                },
                "template|count": {
                    "id": 16,
                    "output_name": "count_out"
                }
            },
            "inputs": [],
            "label": null,
            "name": "Chimera.vsearch",
            "outputs": [
                {
                    "name": "vsearch.chimeras",
                    "type": "txt"
                },
                {
                    "name": "out_accnos",
                    "type": "mothur.accnos"
                }
            ],
            "position": {
                "left": 1990,
                "top": 10
            },
            "post_job_actions": {},
            "tool_id": "toolshed.g2.bx.psu.edu/repos/iuc/mothur_chimera_vsearch/mothur_chimera_vsearch/1.39.5.2",
            "tool_shed_repository": {
                "changeset_revision": "de3cfb122105",
                "name": "mothur_chimera_vsearch",
                "owner": "iuc",
                "tool_shed": "toolshed.g2.bx.psu.edu"
            },
            "tool_state": "{\"__input_ext\": \"input\", \"chromInfo\": \"/cvmfs/data.galaxyproject.org/managed/len/ucsc/?.len\", \"dereplicate\": true, \"dn\": \"1.4\", \"fasta\": null, \"mindiffs\": \"3\", \"mindiv\": \"0.5\", \"minh\": \"0.3\", \"savelog\": false, \"template\": {\"source\": \"self\", \"__current_case__\": 2, \"abskew\": \"1.9\", \"group\": null, \"count\": null}, \"xn\": \"8.0\", \"__page__\": null, \"__rerun_remap_job_id__\": null}",
            "tool_version": "1.39.5.2",
            "type": "tool",
            "uuid": "d0a2f50f-592d-4748-9b94-e0299a80eb49",
            "when": null,
            "workflow_outputs": []
        },
        "18": {
            "annotation": "",
            "content_id": "toolshed.g2.bx.psu.edu/repos/iuc/mothur_remove_seqs/mothur_remove_seqs/1.39.5.0",
            "errors": null,
            "id": 18,
            "input_connections": {
                "accnos": {
                    "id": 17,
                    "output_name": "out_accnos"
                },
                "count_in": {
                    "id": 17,
                    "output_name": "out_count"
                },
                "fasta_in": {
                    "id": 16,
                    "output_name": "fasta_out"
                }
            },
            "inputs": [],
            "label": null,
            "name": "Remove.seqs",
            "outputs": [],
            "position": {
                "left": 2210,
                "top": 10
            },
            "post_job_actions": {},
            "tool_id": "toolshed.g2.bx.psu.edu/repos/iuc/mothur_remove_seqs/mothur_remove_seqs/1.39.5.0",
            "tool_shed_repository": {
                "changeset_revision": "5097ac2cbfc3",
                "name": "mothur_remove_seqs",
                "owner": "iuc",
                "tool_shed": "toolshed.g2.bx.psu.edu"
            },
            "tool_state": "{\"__input_ext\": \"input\", \"accnos\": null, \"alignreport_in\": null, \"chromInfo\": \"/cvmfs/data.galaxyproject.org/managed/len/ucsc/?.len\", \"count_in\": null, \"dups\": true, \"fasta_in\": null, \"fastq_in\": null, \"group_in\": null, \"list_in\": null, \"name_in\": null, \"qfile_in\": null, \"savelog\": false, \"taxonomy_in\": null, \"__page__\": null, \"__rerun_remap_job_id__\": null}",
            "tool_version": "1.39.5.0",
            "type": "tool",
            "uuid": "e7150cdd-3938-4a4a-8420-d934bb5c1beb",
            "when": null,
            "workflow_outputs": []
        },
        "19": {
            "annotation": "",
            "content_id": "toolshed.g2.bx.psu.edu/repos/iuc/mothur_classify_seqs/mothur_classify_seqs/1.39.5.0",
            "errors": null,
            "id": 19,
            "input_connections": {
                "alignment|template": {
                    "id": 2,
                    "output_name": "output"
                },
                "count": {
                    "id": 18,
                    "output_name": "count_out"
                },
                "fasta": {
                    "id": 18,
                    "output_name": "fasta_out"
                },
                "tax|taxonomy": {
                    "id": 3,
                    "output_name": "output"
                }
            },
            "inputs": [],
            "label": null,
            "name": "Classify.seqs",
            "outputs": [
                {
                    "name": "taxonomy_out",
                    "type": "mothur.seq.taxonomy"
                },
                {
                    "name": "tax_summary",
                    "type": "mothur.tax.summary"
                },
                {
                    "name": "tree_sum",
                    "type": "tabular"
                }
            ],
            "position": {
                "left": 2430,
                "top": 10
            },
            "post_job_actions": {},
            "tool_id": "toolshed.g2.bx.psu.edu/repos/iuc/mothur_classify_seqs/mothur_classify_seqs/1.39.5.0",
            "tool_shed_repository": {
                "changeset_revision": "09bf9e496c64",
                "name": "mothur_classify_seqs",
                "owner": "iuc",
                "tool_shed": "toolshed.g2.bx.psu.edu"
            },
            "tool_state": "{\"__input_ext\": \"input\", \"alignment\": {\"source\": \"hist\", \"__current_case__\": 1, \"template\": null}, \"chromInfo\": \"/cvmfs/data.galaxyproject.org/managed/len/ucsc/?.len\", \"classify\": {\"method\": \"wang\", \"__current_case__\": 0, \"ksize\": \"8\", \"iters\": \"100\", \"cutoff\": \"80\", \"probs\": true}, \"count\": null, \"fasta\": null, \"name\": null, \"output\": \"simple\", \"printlevel\": \"-1\", \"relabund\": false, \"savelog\": false, \"tax\": {\"source2\": \"hist\", \"__current_case__\": 1, \"taxonomy\": null}, \"__page__\": null, \"__rerun_remap_job_id__\": null}",
            "tool_version": "1.39.5.0",
            "type": "tool",
            "uuid": "0c3902b7-d5ab-4a73-814d-2282d5e5b1ee",
            "when": null,
            "workflow_outputs": []
        },
        "20": {
            "annotation": "",
            "content_id": "toolshed.g2.bx.psu.edu/repos/iuc/mothur_remove_lineage/mothur_remove_lineage/1.39.5.0",
            "errors": null,
            "id": 20,
            "input_connections": {
                "count": {
                    "id": 18,
                    "output_name": "count_out"
                },
                "fasta_in": {
                    "id": 18,
                    "output_name": "fasta_out"
                },
                "file|taxonomy": {
                    "id": 19,
                    "output_name": "taxonomy_out"
                }
            },
            "inputs": [],
            "label": null,
            "name": "Remove.lineage",
            "outputs": [
                {
                    "name": "taxonomy_out",
                    "type": "mothur.seq.taxonomy"
                }
            ],
            "position": {
                "left": 2650,
                "top": 10
            },
            "post_job_actions": {},
            "tool_id": "toolshed.g2.bx.psu.edu/repos/iuc/mothur_remove_lineage/mothur_remove_lineage/1.39.5.0",
            "tool_shed_repository": {
                "changeset_revision": "947faa8b3205",
                "name": "mothur_remove_lineage",
                "owner": "iuc",
                "tool_shed": "toolshed.g2.bx.psu.edu"
            },
            "tool_state": "{\"__input_ext\": \"input\", \"alignreport_in\": null, \"chromInfo\": \"/cvmfs/data.galaxyproject.org/managed/len/ucsc/?.len\", \"count\": null, \"dups\": true, \"fasta_in\": null, \"file\": {\"filetype\": \"usetaxonomy\", \"__current_case__\": 0, \"taxonomy\": null, \"taxons\": null}, \"group_in\": null, \"list_in\": null, \"name_in\": null, \"savelog\": false, \"taxon\": \"Chloroplast-Mitochondria-unknown-Archaea-Eukaryota\", \"__page__\": null, \"__rerun_remap_job_id__\": null}",
            "tool_version": "1.39.5.0",
            "type": "tool",
            "uuid": "5e77d7f6-3d93-4c34-84c5-1175d23bced4",
            "when": null,
            "workflow_outputs": []
        },
        "21": {
            "annotation": "",
            "content_id": "toolshed.g2.bx.psu.edu/repos/iuc/mothur_get_groups/mothur_get_groups/1.39.5.0",
            "errors": null,
            "id": 21,
            "input_connections": {
                "fasta_in": {
                    "id": 20,
                    "output_name": "fasta_out"
                },
                "group_in": {
                    "id": 20,
                    "output_name": "count_out"
                }
            },
            "inputs": [],
            "label": null,
            "name": "Get.groups",
            "outputs": [
                {
                    "name": "logfile",
                    "type": "txt"
                },
                {
                    "name": "group_out",
                    "type": "mothur.groups"
                },
                {
                    "name": "count_out",
                    "type": "mothur.count_table"
                }
            ],
            "position": {
                "left": 2870,
                "top": 10
            },
            "post_job_actions": {},
            "tool_id": "toolshed.g2.bx.psu.edu/repos/iuc/mothur_get_groups/mothur_get_groups/1.39.5.0",
            "tool_shed_repository": {
                "changeset_revision": "03af14e245fb",
                "name": "mothur_get_groups",
                "owner": "iuc",
                "tool_shed": "toolshed.g2.bx.psu.edu"
            },
            "tool_state": "{\"__input_ext\": \"input\", \"chromInfo\": \"/cvmfs/data.galaxyproject.org/managed/len/ucsc/?.len\", \"column_in\": null, \"design_in\": null, \"fasta_in\": null, \"group_in\": null, \"groupnames\": {\"source\": \"groups\", \"__current_case__\": 0, \"groups\": [\"Mock\"]}, \"list_in\": null, \"name_in\": null, \"phylip_in\": null, \"savelog\": true, \"shared_in\": null, \"taxonomy_in\": null, \"__page__\": null, \"__rerun_remap_job_id__\": null}",
            "tool_version": "1.39.5.0",
            "type": "tool",
            "uuid": "6784d5dc-d24e-45ab-b603-6f1c01c5a048",
            "when": null,
            "workflow_outputs": []
        },
        "22": {
            "annotation": "",
            "content_id": "toolshed.g2.bx.psu.edu/repos/iuc/mothur_remove_groups/mothur_remove_groups/1.39.5.0",
            "errors": null,
            "id": 22,
            "input_connections": {
                "groupnames|fasta_in": {
                    "id": 20,
                    "output_name": "fasta_out"
                },
                "groupnames|group_in": {
                    "id": 20,
                    "output_name": "count_out"
                },
                "groupnames|taxonomy_in": {
                    "id": 20,
                    "output_name": "taxonomy_out"
                }
            },
            "inputs": [],
            "label": null,
            "name": "Remove.groups",
            "outputs": [
                {
                    "name": "group_out",
                    "type": "mothur.groups"
                },
                {
                    "name": "count_out",
                    "type": "mothur.count_table"
                }
            ],
            "position": {
                "left": 2870,
                "top": 130
            },
            "post_job_actions": {},
            "tool_id": "toolshed.g2.bx.psu.edu/repos/iuc/mothur_remove_groups/mothur_remove_groups/1.39.5.0",
            "tool_shed_repository": {
                "changeset_revision": "498dc0671d9e",
                "name": "mothur_remove_groups",
                "owner": "iuc",
                "tool_shed": "toolshed.g2.bx.psu.edu"
            },
            "tool_state": "{\"__input_ext\": \"input\", \"chromInfo\": \"/cvmfs/data.galaxyproject.org/managed/len/ucsc/?.len\", \"groupnames\": {\"source\": \"other\", \"__current_case__\": 0, \"group_in\": null, \"groups\": [\"Mock\"], \"fasta_in\": null, \"name_in\": null, \"list_in\": null, \"taxonomy_in\": null, \"phylip_in\": null, \"column_in\": null}, \"savelog\": false, \"__page__\": null, \"__rerun_remap_job_id__\": null}",
            "tool_version": "1.39.5.0",
            "type": "tool",
            "uuid": "3c604870-04eb-4ea8-8ccd-02c22d8a248f",
            "when": null,
            "workflow_outputs": []
        },
        "23": {
            "annotation": "",
            "content_id": "toolshed.g2.bx.psu.edu/repos/iuc/mothur_seq_error/mothur_seq_error/1.39.5.0",
            "errors": null,
            "id": 23,
            "input_connections": {
                "alignment|template": {
                    "id": 0,
                    "output_name": "output"
                },
                "count": {
                    "id": 21,
                    "output_name": "count_out"
                },
                "fasta_in": {
                    "id": 21,
                    "output_name": "fasta_out"
                }
            },
            "inputs": [],
            "label": null,
            "name": "Seq.error",
            "outputs": [
                {
                    "name": "logfile",
                    "type": "txt"
                },
                {
                    "name": "summary_out",
                    "type": "tabular"
                },
                {
                    "name": "seq_out",
                    "type": "fasta"
                },
                {
                    "name": "seq_forward_out",
                    "type": "tabular"
                },
                {
                    "name": "seq_reverse_out",
                    "type": "tabular"
                },
                {
                    "name": "chimera_out",
                    "type": "tabular"
                },
                {
                    "name": "count_out",
                    "type": "tabular"
                },
                {
                    "name": "matrix_out",
                    "type": "tabular"
                },
                {
                    "name": "ref_query_out",
                    "type": "mothur.align"
                }
            ],
            "position": {
                "left": 3090,
                "top": 10
            },
            "post_job_actions": {},
            "tool_id": "toolshed.g2.bx.psu.edu/repos/iuc/mothur_seq_error/mothur_seq_error/1.39.5.0",
            "tool_shed_repository": {
                "changeset_revision": "5a7674ac2c59",
                "name": "mothur_seq_error",
                "owner": "iuc",
                "tool_shed": "toolshed.g2.bx.psu.edu"
            },
            "tool_state": "{\"__input_ext\": \"input\", \"alignment\": {\"source\": \"history\", \"__current_case__\": 1, \"template\": null}, \"chromInfo\": \"/cvmfs/data.galaxyproject.org/managed/len/ucsc/?.len\", \"count\": null, \"fasta_in\": null, \"ignorechimeras\": true, \"name_in\": null, \"qual\": {\"use\": \"no\", \"__current_case__\": 1}, \"savelog\": true, \"threshold\": null, \"__page__\": null, \"__rerun_remap_job_id__\": null}",
            "tool_version": "1.39.5.0",
            "type": "tool",
            "uuid": "ab8f55a9-b6db-44bb-b722-360413ce4bb0",
            "when": null,
            "workflow_outputs": []
        },
        "24": {
            "annotation": "",
            "content_id": "toolshed.g2.bx.psu.edu/repos/iuc/mothur_dist_seqs/mothur_dist_seqs/1.39.5.0",
            "errors": null,
            "id": 24,
            "input_connections": {
                "fasta": {
                    "id": 21,
                    "output_name": "fasta_out"
                }
            },
            "inputs": [],
            "label": null,
            "name": "Dist.seqs",
            "outputs": [
                {
                    "name": "out_dist",
                    "type": "mothur.pair.dist"
                }
            ],
            "position": {
                "left": 3090,
                "top": 130
            },
            "post_job_actions": {},
            "tool_id": "toolshed.g2.bx.psu.edu/repos/iuc/mothur_dist_seqs/mothur_dist_seqs/1.39.5.0",
            "tool_shed_repository": {
                "changeset_revision": "0554c9338ca0",
                "name": "mothur_dist_seqs",
                "owner": "iuc",
                "tool_shed": "toolshed.g2.bx.psu.edu"
            },
            "tool_state": "{\"__input_ext\": \"input\", \"calc\": \"\", \"chromInfo\": \"/cvmfs/data.galaxyproject.org/managed/len/ucsc/?.len\", \"countends\": true, \"cutoff\": \"0.2\", \"fasta\": null, \"output\": \"\", \"savelog\": false, \"__page__\": null, \"__rerun_remap_job_id__\": null}",
            "tool_version": "1.39.5.0",
            "type": "tool",
            "uuid": "1570734c-c6f0-4f43-a362-68b6d4bffe97",
            "when": null,
            "workflow_outputs": []
        },
        "25": {
            "annotation": "",
            "content_id": "toolshed.g2.bx.psu.edu/repos/iuc/mothur_cluster_split/mothur_cluster_split/1.39.5.0",
            "errors": null,
            "id": 25,
            "input_connections": {
                "splitby|fasta": {
                    "id": 22,
                    "output_name": "fasta_out"
                },
                "splitby|nameOrCount": {
                    "id": 22,
                    "output_name": "count_out"
                },
                "splitby|taxonomy": {
                    "id": 22,
                    "output_name": "taxonomy_out"
                }
            },
            "inputs": [],
            "label": null,
            "name": "Cluster.split",
            "outputs": [
                {
                    "name": "rabund",
                    "type": "mothur.rabund"
                },
                {
                    "name": "sabund",
                    "type": "mothur.sabund"
                },
                {
                    "name": "otulist",
                    "type": "mothur.list"
                },
                {
                    "name": "sensspec",
                    "type": "txt"
                }
            ],
            "position": {
                "left": 3090,
                "top": 250
            },
            "post_job_actions": {},
            "tool_id": "toolshed.g2.bx.psu.edu/repos/iuc/mothur_cluster_split/mothur_cluster_split/1.39.5.0",
            "tool_shed_repository": {
                "changeset_revision": "1b7fd1678230",
                "name": "mothur_cluster_split",
                "owner": "iuc",
                "tool_shed": "toolshed.g2.bx.psu.edu"
            },
            "tool_state": "{\"__input_ext\": \"input\", \"chromInfo\": \"/cvmfs/data.galaxyproject.org/managed/len/ucsc/?.len\", \"cluster\": true, \"cutoff\": \"0.03\", \"large\": false, \"precision\": \"100\", \"runsensspec\": true, \"savelog\": false, \"splitby\": {\"splitmethod\": \"fasta\", \"__current_case__\": 2, \"fasta\": null, \"taxonomy\": null, \"nameOrCount\": null, \"taxlevel\": \"4\", \"classic\": false, \"condmethod\": {\"method\": \"opti\", \"__current_case__\": 5, \"metric\": \"mcc\", \"initialize\": \"singleton\", \"delta\": \"0.0001\", \"iters\": \"100\"}}, \"__page__\": null, \"__rerun_remap_job_id__\": null}",
            "tool_version": "1.39.5.0",
            "type": "tool",
            "uuid": "77553358-d5b2-43d2-ae9e-9edc4a5f7caa",
            "when": null,
            "workflow_outputs": []
        },
        "26": {
            "annotation": "",
            "content_id": "toolshed.g2.bx.psu.edu/repos/iuc/mothur_cluster/mothur_cluster/1.39.5.0",
            "errors": null,
            "id": 26,
            "input_connections": {
                "count": {
                    "id": 21,
                    "output_name": "count_out"
                },
                "matrix|dist": {
                    "id": 24,
                    "output_name": "out_dist"
                }
            },
            "inputs": [],
            "label": null,
            "name": "Cluster",
            "outputs": [
                {
                    "name": "rabund",
                    "type": "mothur.rabund"
                },
                {
                    "name": "sabund",
                    "type": "mothur.sabund"
                },
                {
                    "name": "otulist",
                    "type": "mothur.list"
                }
            ],
            "position": {
                "left": 3310,
                "top": 10
            },
            "post_job_actions": {},
            "tool_id": "toolshed.g2.bx.psu.edu/repos/iuc/mothur_cluster/mothur_cluster/1.39.5.0",
            "tool_shed_repository": {
                "changeset_revision": "528f950d1044",
                "name": "mothur_cluster",
                "owner": "iuc",
                "tool_shed": "toolshed.g2.bx.psu.edu"
            },
            "tool_state": "{\"__input_ext\": \"input\", \"chromInfo\": \"/cvmfs/data.galaxyproject.org/managed/len/ucsc/?.len\", \"count\": null, \"cutoff\": \"0.0\", \"matrix\": {\"format\": \"column\", \"__current_case__\": 0, \"dist\": null, \"name\": null}, \"precision\": \"100\", \"savelog\": false, \"select_method\": {\"method\": \"opti\", \"__current_case__\": 5, \"metric\": \"mcc\", \"initialize\": \"singleton\", \"delta\": \"0.0001\", \"iters\": \"100\"}, \"sim\": false, \"__page__\": null, \"__rerun_remap_job_id__\": null}",
            "tool_version": "1.39.5.0",
            "type": "tool",
            "uuid": "2327821b-5979-45ae-beb5-4fe705eb2240",
            "when": null,
            "workflow_outputs": []
        },
        "27": {
            "annotation": "",
            "content_id": "toolshed.g2.bx.psu.edu/repos/iuc/mothur_make_shared/mothur_make_shared/1.39.5.0",
            "errors": null,
            "id": 27,
            "input_connections": {
                "intype|group": {
                    "id": 22,
                    "output_name": "count_out"
                },
                "intype|otu": {
                    "id": 25,
                    "output_name": "otulist"
                }
            },
            "inputs": [],
            "label": null,
            "name": "Make.shared",
            "outputs": [
                {
                    "name": "shared",
                    "type": "mothur.shared"
                },
                {
                    "name": "groupout",
                    "type": "mothur.groups"
                }
            ],
            "position": {
                "left": 3310,
                "top": 130
            },
            "post_job_actions": {},
            "tool_id": "toolshed.g2.bx.psu.edu/repos/iuc/mothur_make_shared/mothur_make_shared/1.39.5.0",
            "tool_shed_repository": {
                "changeset_revision": "0851ae17c58e",
                "name": "mothur_make_shared",
                "owner": "iuc",
                "tool_shed": "toolshed.g2.bx.psu.edu"
            },
            "tool_state": "{\"__input_ext\": \"input\", \"chromInfo\": \"/cvmfs/data.galaxyproject.org/managed/len/ucsc/?.len\", \"intype\": {\"infile\": \"otulist\", \"__current_case__\": 0, \"otu\": null, \"group\": null, \"label\": [\"0.03\"], \"groups\": null}, \"savelog\": false, \"__page__\": null, \"__rerun_remap_job_id__\": null}",
            "tool_version": "1.39.5.0",
            "type": "tool",
            "uuid": "f0510cb3-a1a0-49af-b949-bd11cb7a24f4",
            "when": null,
            "workflow_outputs": []
        },
        "28": {
            "annotation": "",
            "content_id": "toolshed.g2.bx.psu.edu/repos/iuc/mothur_classify_otu/mothur_classify_otu/1.39.5.0",
            "errors": null,
            "id": 28,
            "input_connections": {
                "count": {
                    "id": 22,
                    "output_name": "count_out"
                },
                "otu": {
                    "id": 25,
                    "output_name": "otulist"
                },
                "tax|taxonomy": {
                    "id": 22,
                    "output_name": "taxonomy_out"
                }
            },
            "inputs": [],
            "label": null,
            "name": "Classify.otu",
            "outputs": [
                {
                    "name": "taxsummaries",
                    "type": "input"
                },
                {
                    "name": "taxonomies",
                    "type": "input"
                }
            ],
            "position": {
                "left": 3310,
                "top": 250
            },
            "post_job_actions": {},
            "tool_id": "toolshed.g2.bx.psu.edu/repos/iuc/mothur_classify_otu/mothur_classify_otu/1.39.5.0",
            "tool_shed_repository": {
                "changeset_revision": "02446d12c359",
                "name": "mothur_classify_otu",
                "owner": "iuc",
                "tool_shed": "toolshed.g2.bx.psu.edu"
            },
            "tool_state": "{\"__input_ext\": \"input\", \"basis\": \"otu\", \"chromInfo\": \"/cvmfs/data.galaxyproject.org/managed/len/ucsc/?.len\", \"count\": null, \"cutoff\": \"60\", \"group\": null, \"label\": [\"0.03\"], \"name\": null, \"otu\": null, \"output\": \"simple\", \"persample\": false, \"printlevel\": \"-1\", \"probs\": true, \"relabund\": false, \"savelog\": false, \"tax\": {\"source\": \"hist\", \"__current_case__\": 1, \"taxonomy\": null}, \"__page__\": null, \"__rerun_remap_job_id__\": null}",
            "tool_version": "1.39.5.0",
            "type": "tool",
            "uuid": "3d38429c-ddf9-4163-a1fb-9f02e2d4ef8e",
            "when": null,
            "workflow_outputs": []
        },
        "29": {
            "annotation": "",
            "content_id": "toolshed.g2.bx.psu.edu/repos/iuc/mothur_make_shared/mothur_make_shared/1.39.5.0",
            "errors": null,
            "id": 29,
            "input_connections": {
                "intype|group": {
                    "id": 21,
                    "output_name": "count_out"
                },
                "intype|otu": {
                    "id": 26,
                    "output_name": "otulist"
                }
            },
            "inputs": [],
            "label": null,
            "name": "Make.shared",
            "outputs": [
                {
                    "name": "shared",
                    "type": "mothur.shared"
                },
                {
                    "name": "groupout",
                    "type": "mothur.groups"
                }
            ],
            "position": {
                "left": 3530,
                "top": 10
            },
            "post_job_actions": {},
            "tool_id": "toolshed.g2.bx.psu.edu/repos/iuc/mothur_make_shared/mothur_make_shared/1.39.5.0",
            "tool_shed_repository": {
                "changeset_revision": "0851ae17c58e",
                "name": "mothur_make_shared",
                "owner": "iuc",
                "tool_shed": "toolshed.g2.bx.psu.edu"
            },
            "tool_state": "{\"__input_ext\": \"input\", \"chromInfo\": \"/cvmfs/data.galaxyproject.org/managed/len/ucsc/?.len\", \"intype\": {\"infile\": \"otulist\", \"__current_case__\": 0, \"otu\": null, \"group\": null, \"label\": [\"0.03\"], \"groups\": null}, \"savelog\": false, \"__page__\": null, \"__rerun_remap_job_id__\": null}",
            "tool_version": "1.39.5.0",
            "type": "tool",
            "uuid": "b79003bd-9ce9-46c5-955b-e90f81785ed5",
            "when": null,
            "workflow_outputs": []
        },
        "30": {
            "annotation": "",
            "content_id": "toolshed.g2.bx.psu.edu/repos/iuc/mothur_count_groups/mothur_count_groups/1.39.5.0",
            "errors": null,
            "id": 30,
            "input_connections": {
                "group": {
                    "id": 27,
                    "output_name": "shared"
                }
            },
            "inputs": [],
            "label": null,
            "name": "Count.groups",
            "outputs": [
                {
                    "name": "grp_count",
                    "type": "tabular"
                },
                {
                    "name": "summary",
                    "type": "tabular"
                }
            ],
            "position": {
                "left": 3530,
                "top": 130
            },
            "post_job_actions": {},
            "tool_id": "toolshed.g2.bx.psu.edu/repos/iuc/mothur_count_groups/mothur_count_groups/1.39.5.0",
            "tool_shed_repository": {
                "changeset_revision": "03c86648a52e",
                "name": "mothur_count_groups",
                "owner": "iuc",
                "tool_shed": "toolshed.g2.bx.psu.edu"
            },
            "tool_state": "{\"__input_ext\": \"input\", \"chromInfo\": \"/cvmfs/data.galaxyproject.org/managed/len/ucsc/?.len\", \"group\": null, \"groupnames\": {\"source\": \"none\", \"__current_case__\": 0}, \"savelog\": false, \"__page__\": null, \"__rerun_remap_job_id__\": null}",
            "tool_version": "1.39.5.0",
            "type": "tool",
            "uuid": "368d9c08-7a59-4e29-8441-dd6f3f08f189",
            "when": null,
            "workflow_outputs": []
        },
        "31": {
            "annotation": "",
            "content_id": "toolshed.g2.bx.psu.edu/repos/iuc/mothur_sub_sample/mothur_sub_sample/1.39.5.0",
            "errors": null,
            "id": 31,
            "input_connections": {
                "input|otu": {
                    "id": 27,
                    "output_name": "shared"
                }
            },
            "inputs": [],
            "label": null,
            "name": "Sub.sample",
            "outputs": [
                {
                    "name": "shared_out",
                    "type": "input"
                }
            ],
            "position": {
                "left": 3530,
                "top": 250
            },
            "post_job_actions": {},
            "tool_id": "toolshed.g2.bx.psu.edu/repos/iuc/mothur_sub_sample/mothur_sub_sample/1.39.5.0",
            "tool_shed_repository": {
                "changeset_revision": "67cb43432196",
                "name": "mothur_sub_sample",
                "owner": "iuc",
                "tool_shed": "toolshed.g2.bx.psu.edu"
            },
            "tool_state": "{\"__input_ext\": \"input\", \"chromInfo\": \"/cvmfs/data.galaxyproject.org/managed/len/ucsc/?.len\", \"count\": null, \"input\": {\"format\": \"shared\", \"__current_case__\": 2, \"otu\": null, \"groups\": null, \"label\": null}, \"savelog\": false, \"size\": \"2389\", \"taxonomy\": null, \"__page__\": null, \"__rerun_remap_job_id__\": null}",
            "tool_version": "1.39.5.0",
            "type": "tool",
            "uuid": "c54bd3c1-78ec-4c11-ad02-8aa211b31213",
            "when": null,
            "workflow_outputs": []
        },
        "32": {
            "annotation": "",
            "content_id": "toolshed.g2.bx.psu.edu/repos/iuc/mothur_rarefaction_single/mothur_rarefaction_single/1.39.5.0",
            "errors": null,
            "id": 32,
            "input_connections": {
                "otu": {
                    "id": 27,
                    "output_name": "shared"
                }
            },
            "inputs": [],
            "label": null,
            "name": "Rarefaction.single",
            "outputs": [
                {
                    "name": "rarefactioncurves",
                    "type": "input"
                }
            ],
            "position": {
                "left": 3530,
                "top": 370
            },
            "post_job_actions": {},
            "tool_id": "toolshed.g2.bx.psu.edu/repos/iuc/mothur_rarefaction_single/mothur_rarefaction_single/1.39.5.0",
            "tool_shed_repository": {
                "changeset_revision": "af521db77c56",
                "name": "mothur_rarefaction_single",
                "owner": "iuc",
                "tool_shed": "toolshed.g2.bx.psu.edu"
            },
            "tool_state": "{\"__input_ext\": \"input\", \"abund\": \"10\", \"calc\": [\"sobs\"], \"chromInfo\": \"/cvmfs/data.galaxyproject.org/managed/len/ucsc/?.len\", \"freq\": \"100.0\", \"iters\": \"1000\", \"label\": null, \"otu\": null, \"savelog\": false, \"__page__\": null, \"__rerun_remap_job_id__\": null}",
            "tool_version": "1.39.5.0",
            "type": "tool",
            "uuid": "e6a257be-a138-4fc5-b1b8-914cee1aa815",
            "when": null,
            "workflow_outputs": []
        },
        "33": {
            "annotation": "",
            "content_id": "toolshed.g2.bx.psu.edu/repos/iuc/mothur_summary_single/mothur_summary_single/1.39.5.2",
            "errors": null,
            "id": 33,
            "input_connections": {
                "otu": {
                    "id": 27,
                    "output_name": "shared"
                }
            },
            "inputs": [],
            "label": null,
            "name": "Summary.single",
            "outputs": [
                {
                    "name": "summaryfiles",
                    "type": "input"
                },
                {
                    "name": "subsample_summary",
                    "type": "tabular"
                },
                {
                    "name": "summary",
                    "type": "tabular"
                }
            ],
            "position": {
                "left": 3530,
                "top": 490
            },
            "post_job_actions": {},
            "tool_id": "toolshed.g2.bx.psu.edu/repos/iuc/mothur_summary_single/mothur_summary_single/1.39.5.2",
            "tool_shed_repository": {
                "changeset_revision": "2344ed181ae6",
                "name": "mothur_summary_single",
                "owner": "iuc",
                "tool_shed": "toolshed.g2.bx.psu.edu"
            },
            "tool_state": "{\"__input_ext\": \"input\", \"abund\": \"10\", \"calc\": [\"sobs\", \"coverage\", \"invsimpson\", \"nseqs\"], \"chromInfo\": \"/cvmfs/data.galaxyproject.org/managed/len/ucsc/?.len\", \"groupmode\": true, \"label\": null, \"otu\": null, \"savelog\": false, \"size\": \"2389\", \"subsample\": {\"use\": \"no\", \"__current_case__\": 1}, \"__page__\": null, \"__rerun_remap_job_id__\": null}",
            "tool_version": "1.39.5.2",
            "type": "tool",
            "uuid": "623dbee3-1b9d-47a1-a6cf-c458d73a383e",
            "when": null,
            "workflow_outputs": []
        },
        "34": {
            "annotation": "",
            "content_id": "toolshed.g2.bx.psu.edu/repos/iuc/mothur_dist_shared/mothur_dist_shared/1.39.5.0",
            "errors": null,
            "id": 34,
            "input_connections": {
                "otu": {
                    "id": 27,
                    "output_name": "shared"
                }
            },
            "inputs": [],
            "label": null,
            "name": "Dist.shared",
            "outputs": [
                {
                    "name": "distfiles",
                    "type": "input"
                }
            ],
            "position": {
                "left": 3530,
                "top": 610
            },
            "post_job_actions": {},
            "tool_id": "toolshed.g2.bx.psu.edu/repos/iuc/mothur_dist_shared/mothur_dist_shared/1.39.5.0",
            "tool_shed_repository": {
                "changeset_revision": "f25598da7174",
                "name": "mothur_dist_shared",
                "owner": "iuc",
                "tool_shed": "toolshed.g2.bx.psu.edu"
            },
            "tool_state": "{\"__input_ext\": \"input\", \"calc\": [\"jclass\", \"thetayc\"], \"chromInfo\": \"/cvmfs/data.galaxyproject.org/managed/len/ucsc/?.len\", \"groups\": null, \"label\": null, \"otu\": null, \"output\": \"lt\", \"savelog\": false, \"subsampling\": {\"use\": \"yes\", \"__current_case__\": 0, \"subsample\": \"2389\", \"iters\": \"1000\"}, \"__page__\": null, \"__rerun_remap_job_id__\": null}",
            "tool_version": "1.39.5.0",
            "type": "tool",
            "uuid": "0b9e1dff-c6c7-4f97-b923-6c908dc00bb1",
            "when": null,
            "workflow_outputs": []
        },
        "35": {
            "annotation": "",
            "content_id": "toolshed.g2.bx.psu.edu/repos/iuc/mothur_taxonomy_to_krona/mothur_taxonomy_to_krona/1.0",
            "errors": null,
            "id": 35,
            "input_connections": {
                "inputfile": {
                    "id": 28,
                    "output_name": "taxonomies"
                }
            },
            "inputs": [],
            "label": null,
            "name": "Taxonomy-to-Krona",
            "outputs": [
                {
                    "name": "outputfile",
                    "type": "tabular"
                }
            ],
            "position": {
                "left": 3530,
                "top": 730
            },
            "post_job_actions": {},
            "tool_id": "toolshed.g2.bx.psu.edu/repos/iuc/mothur_taxonomy_to_krona/mothur_taxonomy_to_krona/1.0",
            "tool_shed_repository": {
                "changeset_revision": "a97107cc4c93",
                "name": "mothur_taxonomy_to_krona",
                "owner": "iuc",
                "tool_shed": "toolshed.g2.bx.psu.edu"
            },
            "tool_state": "{\"__input_ext\": \"mothur.cons.taxonomy\", \"chromInfo\": \"/cvmfs/data.galaxyproject.org/managed/len/ucsc/?.len\", \"inputfile\": null, \"inputfile|__identifier__\": \"0.03\", \"stripconfidences\": false, \"__page__\": null, \"__rerun_remap_job_id__\": null}",
            "tool_version": "1.0",
            "type": "tool",
            "uuid": "5054b50d-afb9-49ee-a7a0-15b5b5accc2e",
            "when": null,
            "workflow_outputs": []
        },
        "36": {
            "annotation": "",
            "content_id": "toolshed.g2.bx.psu.edu/repos/iuc/mothur_rarefaction_single/mothur_rarefaction_single/1.39.5.0",
            "errors": null,
            "id": 36,
            "input_connections": {
                "otu": {
                    "id": 29,
                    "output_name": "shared"
                }
            },
            "inputs": [],
            "label": null,
            "name": "Rarefaction.single",
            "outputs": [
                {
                    "name": "rarefactioncurves",
                    "type": "input"
                }
            ],
            "position": {
                "left": 3750,
                "top": 10
            },
            "post_job_actions": {},
            "tool_id": "toolshed.g2.bx.psu.edu/repos/iuc/mothur_rarefaction_single/mothur_rarefaction_single/1.39.5.0",
            "tool_shed_repository": {
                "changeset_revision": "af521db77c56",
                "name": "mothur_rarefaction_single",
                "owner": "iuc",
                "tool_shed": "toolshed.g2.bx.psu.edu"
            },
            "tool_state": "{\"__input_ext\": \"input\", \"abund\": \"10\", \"calc\": [\"sobs\"], \"chromInfo\": \"/cvmfs/data.galaxyproject.org/managed/len/ucsc/?.len\", \"freq\": \"100.0\", \"iters\": \"1000\", \"label\": null, \"otu\": null, \"savelog\": false, \"__page__\": null, \"__rerun_remap_job_id__\": null}",
            "tool_version": "1.39.5.0",
            "type": "tool",
            "uuid": "ef78600a-1e4b-4264-980b-8adcadaae4ba",
            "when": null,
            "workflow_outputs": []
        },
        "37": {
            "annotation": "",
            "content_id": "toolshed.g2.bx.psu.edu/repos/iuc/mothur_venn/mothur_venn/1.39.5.0",
            "errors": null,
            "id": 37,
            "input_connections": {
                "input|otu": {
                    "id": 31,
                    "output_name": "shared_out"
                }
            },
            "inputs": [],
            "label": null,
            "name": "Venn",
            "outputs": [
                {
                    "name": "sharedotus_out",
                    "type": "input"
                },
                {
                    "name": "svgs_out",
                    "type": "input"
                }
            ],
            "position": {
                "left": 3750,
                "top": 370
            },
            "post_job_actions": {},
            "tool_id": "toolshed.g2.bx.psu.edu/repos/iuc/mothur_venn/mothur_venn/1.39.5.0",
            "tool_shed_repository": {
                "changeset_revision": "4db54b1c1d83",
                "name": "mothur_venn",
                "owner": "iuc",
                "tool_shed": "toolshed.g2.bx.psu.edu"
            },
            "tool_state": "{\"__input_ext\": \"input\", \"chromInfo\": \"/cvmfs/data.galaxyproject.org/managed/len/ucsc/?.len\", \"fontsize\": \"24\", \"input\": {\"source\": \"shared\", \"__current_case__\": 0, \"otu\": null, \"calc\": null, \"label\": null, \"groups\": [\"F3D1\", \"F3D3\", \"F3D0\", \"F3D2\"]}, \"nseqs\": false, \"otu|__identifier__\": \"0.03\", \"permute\": \"4\", \"savelog\": false, \"sharedotus\": true, \"__page__\": null, \"__rerun_remap_job_id__\": null}",
            "tool_version": "1.39.5.0",
            "type": "tool",
            "uuid": "e196a75a-6cc9-4ef9-ae7a-b8cb9a74a18f",
            "when": null,
            "workflow_outputs": []
        },
        "38": {
            "annotation": "",
            "content_id": "toolshed.g2.bx.psu.edu/repos/iuc/mothur_make_biom/mothur_make_biom/1.39.5.0",
            "errors": null,
            "id": 38,
            "input_connections": {
                "constaxonomy": {
                    "id": 28,
                    "output_name": "taxonomies"
                },
                "metadata": {
                    "id": 4,
                    "output_name": "output"
                },
                "otu": {
                    "id": 31,
                    "output_name": "shared_out"
                }
            },
            "inputs": [],
            "label": null,
            "name": "Make.biom",
            "outputs": [
                {
                    "name": "biomfiles",
                    "type": "input"
                }
            ],
            "position": {
                "left": 3750,
                "top": 730
            },
            "post_job_actions": {},
            "tool_id": "toolshed.g2.bx.psu.edu/repos/iuc/mothur_make_biom/mothur_make_biom/1.39.5.0",
            "tool_shed_repository": {
                "changeset_revision": "55e975c9a012",
                "name": "mothur_make_biom",
                "owner": "iuc",
                "tool_shed": "toolshed.g2.bx.psu.edu"
            },
            "tool_state": "{\"__input_ext\": \"input\", \"chromInfo\": \"/cvmfs/data.galaxyproject.org/managed/len/ucsc/?.len\", \"constaxonomy\": null, \"constaxonomy|__identifier__\": \"0.03\", \"groups\": null, \"label\": null, \"matrixtype\": \"sparse\", \"metadata\": null, \"otu\": null, \"otu|__identifier__\": \"0.03\", \"picrustc\": {\"use\": \"no\", \"__current_case__\": 1}, \"savelog\": false, \"__page__\": null, \"__rerun_remap_job_id__\": null}",
            "tool_version": "1.39.5.0",
            "type": "tool",
            "uuid": "46061ba1-ae6a-4fa8-9c72-8437d71b88d4",
            "when": null,
            "workflow_outputs": []
        },
        "39": {
            "annotation": "",
            "content_id": "toolshed.g2.bx.psu.edu/repos/devteam/xy_plot/XY_Plot_1/1.0.2",
            "errors": null,
            "id": 39,
            "input_connections": {
                "series_0|input": {
                    "id": 32,
                    "output_name": "rarefactioncurves"
                }
            },
            "inputs": [],
            "label": null,
            "name": "Plotting tool",
            "outputs": [
                {
                    "name": "out_file_png",
                    "type": "png"
                }
            ],
            "position": {
                "left": 3750,
                "top": 130
            },
            "post_job_actions": {},
            "tool_id": "toolshed.g2.bx.psu.edu/repos/devteam/xy_plot/XY_Plot_1/1.0.2",
            "tool_shed_repository": {
                "changeset_revision": "ecb437f1d298",
                "name": "xy_plot",
                "owner": "devteam",
                "tool_shed": "toolshed.g2.bx.psu.edu"
            },
            "tool_state": "{\"__input_ext\": \"tabular\", \"chromInfo\": \"/cvmfs/data.galaxyproject.org/managed/len/ucsc/?.len\", \"main\": \"Rarefaction\", \"outftype\": \"png\", \"series\": [{\"__index__\": 0, \"input\": null, \"header\": true, \"xcol\": \"1\", \"ycol\": [\"2\", \"5\"], \"series_type\": {\"type\": \"line\", \"__current_case__\": 0, \"lty\": \"1\", \"col\": \"1\", \"lwd\": \"1.0\"}}], \"series_0|input|__identifier__\": \"sobs\", \"xlab\": \"Number of Sequences\", \"ylab\": \"Number of OTUs\", \"__page__\": null, \"__rerun_remap_job_id__\": null}",
            "tool_version": "1.0.2",
            "type": "tool",
            "uuid": "3f2957c3-672c-4d4f-9df1-1ae74aee1f49",
            "when": null,
            "workflow_outputs": []
        },
        "40": {
            "annotation": "",
            "content_id": "toolshed.g2.bx.psu.edu/repos/iuc/mothur_heatmap_sim/mothur_heatmap_sim/1.39.5.0",
            "errors": null,
            "id": 40,
            "input_connections": {
                "input|dist": {
                    "id": 34,
                    "output_name": "distfiles"
                }
            },
            "inputs": [],
            "label": null,
            "name": "Heatmap.sim",
            "outputs": [
                {
                    "name": "heatmap",
                    "type": "svg"
                }
            ],
            "position": {
                "left": 3750,
                "top": 250
            },
            "post_job_actions": {},
            "tool_id": "toolshed.g2.bx.psu.edu/repos/iuc/mothur_heatmap_sim/mothur_heatmap_sim/1.39.5.0",
            "tool_shed_repository": {
                "changeset_revision": "7f5707dd6073",
                "name": "mothur_heatmap_sim",
                "owner": "iuc",
                "tool_shed": "toolshed.g2.bx.psu.edu"
            },
            "tool_state": "{\"__input_ext\": \"input\", \"chromInfo\": \"/cvmfs/data.galaxyproject.org/managed/len/ucsc/?.len\", \"count\": null, \"dist|__identifier__\": \"jclass.0.03.lt.ave\", \"fontsize\": \"24\", \"input\": {\"source\": \"phylip\", \"__current_case__\": 2, \"dist\": null}, \"savelog\": false, \"__page__\": null, \"__rerun_remap_job_id__\": null}",
            "tool_version": "1.39.5.0",
            "type": "tool",
            "uuid": "9b80a62c-b31c-4eee-b946-ed97d8aca08a",
            "when": null,
            "workflow_outputs": []
        },
        "41": {
            "annotation": "",
            "content_id": "toolshed.g2.bx.psu.edu/repos/iuc/mothur_tree_shared/mothur_tree_shared/1.39.5.0",
            "errors": null,
            "id": 41,
            "input_connections": {
                "input|dist": {
                    "id": 34,
                    "output_name": "distfiles"
                }
            },
            "inputs": [],
            "label": null,
            "name": "Tree.shared",
            "outputs": [
                {
                    "name": "tre",
                    "type": "mothur.tre"
                }
            ],
            "position": {
                "left": 3750,
                "top": 490
            },
            "post_job_actions": {},
            "tool_id": "toolshed.g2.bx.psu.edu/repos/iuc/mothur_tree_shared/mothur_tree_shared/1.39.5.0",
            "tool_shed_repository": {
                "changeset_revision": "43e2715e98c9",
                "name": "mothur_tree_shared",
                "owner": "iuc",
                "tool_shed": "toolshed.g2.bx.psu.edu"
            },
            "tool_state": "{\"__input_ext\": \"input\", \"calc\": [\"jclass\", \"thetayc\"], \"chromInfo\": \"/cvmfs/data.galaxyproject.org/managed/len/ucsc/?.len\", \"dist|__identifier__\": \"jclass.0.03.lt.ave\", \"input\": {\"source\": \"phylip\", \"__current_case__\": 1, \"dist\": null, \"name\": null}, \"savelog\": false, \"__page__\": null, \"__rerun_remap_job_id__\": null}",
            "tool_version": "1.39.5.0",
            "type": "tool",
            "uuid": "a3cee102-dd02-417c-822b-79e0e9292196",
            "when": null,
            "workflow_outputs": []
        },
        "42": {
            "annotation": "",
            "content_id": "toolshed.g2.bx.psu.edu/repos/crs4/taxonomy_krona_chart/taxonomy_krona_chart/2.7.1",
            "errors": null,
            "id": 42,
            "input_connections": {
                "type_of_data|input": {
                    "id": 35,
                    "output_name": "outputfile"
                }
            },
            "inputs": [],
            "label": null,
            "name": "Krona pie chart",
            "outputs": [
                {
                    "name": "output",
                    "type": "html"
                }
            ],
            "position": {
                "left": 3750,
                "top": 610
            },
            "post_job_actions": {},
            "tool_id": "toolshed.g2.bx.psu.edu/repos/crs4/taxonomy_krona_chart/taxonomy_krona_chart/2.7.1",
            "tool_shed_repository": {
                "changeset_revision": "1334cb4c6b68",
                "name": "taxonomy_krona_chart",
                "owner": "crs4",
                "tool_shed": "toolshed.g2.bx.psu.edu"
            },
            "tool_state": "{\"__input_ext\": \"tabular\", \"chromInfo\": \"/cvmfs/data.galaxyproject.org/managed/len/ucsc/?.len\", \"combine_inputs\": false, \"root_name\": \"Root\", \"type_of_data\": {\"type_of_data_selector\": \"text\", \"__current_case__\": 1, \"input\": null}, \"__page__\": null, \"__rerun_remap_job_id__\": null}",
            "tool_version": "2.7.1",
            "type": "tool",
            "uuid": "0f122a23-e7d0-49b3-b22d-d978e7b039b4",
            "when": null,
            "workflow_outputs": []
        },
        "43": {
            "annotation": "",
            "content_id": "toolshed.g2.bx.psu.edu/repos/iuc/newick_utils/newick_display/1.6+galaxy1",
            "errors": null,
            "id": 43,
            "input_connections": {
                "fileNewick": {
                    "id": 41,
                    "output_name": "tre"
                }
            },
            "inputs": [],
            "label": null,
            "name": "Newick Display",
            "outputs": [
                {
                    "name": "output",
                    "type": "svg"
                }
            ],
            "position": {
                "left": 3970,
                "top": 10
            },
            "post_job_actions": {},
            "tool_id": "toolshed.g2.bx.psu.edu/repos/iuc/newick_utils/newick_display/1.6+galaxy1",
            "tool_shed_repository": {
                "changeset_revision": "b4163d2f64ab",
                "name": "newick_utils",
                "owner": "iuc",
                "tool_shed": "toolshed.g2.bx.psu.edu"
            },
            "tool_state": "{\"__input_ext\": \"mothur.tre\", \"chromInfo\": \"/cvmfs/data.galaxyproject.org/managed/len/ucsc/?.len\", \"condbranchlength\": {\"branchlength\": \"false\", \"__current_case__\": 1}, \"condbranchsupport\": {\"branchsupport\": \"false\", \"__current_case__\": 1}, \"fileNewick\": null, \"fileNewick|__identifier__\": \"jclass.0.03.lt.ave\", \"leafFont\": \"sans-serif\", \"leafSize\": \"10px\", \"legend\": \"\", \"outformat\": \"svg\", \"radial\": false, \"scalebar\": true, \"width\": \"800\", \"__page__\": null, \"__rerun_remap_job_id__\": null}",
            "tool_version": "1.6+galaxy1",
            "type": "tool",
            "uuid": "14d92644-a52a-4cba-82da-a0f763a292d8",
            "when": null,
            "workflow_outputs": []
        }
    },
    "tags": [],
    "uuid": "80f4851e-7c4c-4dfb-adc3-0a8123e695fd",
    "version": 0
}