{
    "a_galaxy_workflow": "true",
    "annotation": "",
    "format-version": "0.1",
    "name": "Basic Illumina Reads Quality",
    "steps": {
        "0": {
            "annotation": "",
            "content_id": null,
            "errors": null,
            "id": 0,
            "input_connections": {},
            "inputs": [
                {
                    "description": "",
                    "name": "Reads to evaluate quality"
                }
            ],
            "label": null,
            "name": "Input dataset",
            "outputs": [],
            "position": {
                "left": 492,
                "top": 200
            },
            "tool_id": null,
            "tool_state": "{\"optional\": false, \"tag\": null}",
            "tool_version": null,
            "type": "data_input",
            "uuid": "None",
            "when": null,
            "workflow_outputs": []
        },
        "1": {
            "annotation": "",
            "content_id": "cshl_fastx_quality_statistics",
            "errors": null,
            "id": 1,
            "input_connections": {
                "input": {
                    "id": 0,
                    "output_name": "output"
                }
            },
            "inputs": [],
            "label": null,
            "name": "Compute quality statistics",
            "outputs": [
                {
                    "name": "output",
                    "type": "txt"
                }
            ],
            "position": {
                "left": 468,
                "top": 401
            },
            "post_job_actions": {},
            "tool_id": "cshl_fastx_quality_statistics",
            "tool_shed_repository": {
                "changeset_revision": "c2af34024061",
                "name": "fastx_quality_statistics",
                "owner": "devteam",
                "tool_shed": "toolshed.g2.bx.psu.edu"
            },
            "tool_state": "{\"input\": null, \"__page__\": null, \"__rerun_remap_job_id__\": null}",
            "tool_version": "1.0.0",
            "type": "tool",
            "uuid": "None",
            "when": null,
            "workflow_outputs": []
        },
        "2": {
            "annotation": "",
            "content_id": "cshl_fastx_nucleotides_distribution",
            "errors": null,
            "id": 2,
            "input_connections": {
                "input": {
                    "id": 1,
                    "output_name": "output"
                }
            },
            "inputs": [],
            "label": null,
            "name": "Draw nucleotides distribution chart",
            "outputs": [
                {
                    "name": "output",
                    "type": "png"
                }
            ],
            "position": {
                "left": 389,
                "top": 797
            },
            "post_job_actions": {},
            "tool_id": "cshl_fastx_nucleotides_distribution",
            "tool_shed_repository": {
                "changeset_revision": "18a51655db17",
                "name": "fastx_nucleotides_distribution",
                "owner": "devteam",
                "tool_shed": "toolshed.g2.bx.psu.edu"
            },
            "tool_state": "{\"input\": null, \"__page__\": null, \"__rerun_remap_job_id__\": null}",
            "tool_version": "1.0.0",
            "type": "tool",
            "uuid": "None",
            "when": null,
            "workflow_outputs": []
        },
        "3": {
            "annotation": "",
            "content_id": "cshl_fastq_quality_boxplot",
            "errors": null,
            "id": 3,
            "input_connections": {
                "input": {
                    "id": 1,
                    "output_name": "output"
                }
            },
            "inputs": [],
            "label": null,
            "name": "Draw quality score boxplot",
            "outputs": [
                {
                    "name": "output",
                    "type": "png"
                }
            ],
            "position": {
                "left": 767,
                "top": 704
            },
            "post_job_actions": {
                "RenameDatasetActionoutput": {
                    "action_arguments": {
                        "newname": ""
                    },
                    "action_type": "RenameDatasetAction",
                    "output_name": "output"
                }
            },
            "tool_id": "cshl_fastq_quality_boxplot",
            "tool_shed_repository": {
                "changeset_revision": "e359ce20fbd9",
                "name": "fastq_quality_boxplot",
                "owner": "devteam",
                "tool_shed": "toolshed.g2.bx.psu.edu"
            },
            "tool_state": "{\"input\": null, \"__page__\": null, \"__rerun_remap_job_id__\": null}",
            "tool_version": "1.0.0",
            "type": "tool",
            "uuid": "None",
            "when": null,
            "workflow_outputs": []
        }
    },
    "tags": [],
    "version": 0
}