{
    "a_galaxy_workflow": "true",
    "annotation": "",
    "format-version": "0.1",
    "name": "RNASeq workflow",
    "steps": {
        "0": {
            "annotation": "",
            "content_id": null,
            "errors": null,
            "id": 0,
            "input_connections": {},
            "inputs": [
                {
                    "description": "",
                    "name": "R1 fastq file"
                }
            ],
            "label": null,
            "name": "Input dataset",
            "outputs": [],
            "position": {
                "left": 362,
                "top": 244.16668701171875
            },
            "tool_id": null,
            "tool_state": "{\"optional\": false, \"tag\": null}",
            "tool_version": null,
            "type": "data_input",
            "uuid": "None",
            "when": null,
            "workflow_outputs": []
        },
        "1": {
            "annotation": "",
            "content_id": null,
            "errors": null,
            "id": 1,
            "input_connections": {},
            "inputs": [
                {
                    "description": "",
                    "name": "R2 fastq file"
                }
            ],
            "label": null,
            "name": "Input dataset",
            "outputs": [],
            "position": {
                "left": 366,
                "top": 390.16668701171875
            },
            "tool_id": null,
            "tool_state": "{\"optional\": false, \"tag\": null}",
            "tool_version": null,
            "type": "data_input",
            "uuid": "None",
            "when": null,
            "workflow_outputs": []
        },
        "2": {
            "annotation": "",
            "content_id": "fastq_groomer",
            "errors": null,
            "id": 2,
            "input_connections": {
                "input_file": {
                    "id": 0,
                    "output_name": "output"
                }
            },
            "inputs": [],
            "label": null,
            "name": "FASTQ Groomer",
            "outputs": [
                {
                    "name": "output_file",
                    "type": "fastqsanger"
                }
            ],
            "position": {
                "left": 582.3333129882812,
                "top": 241
            },
            "post_job_actions": {},
            "tool_id": "fastq_groomer",
            "tool_shed_repository": {
                "changeset_revision": "1298445c852b",
                "name": "fastq_groomer",
                "owner": "devteam",
                "tool_shed": "toolshed.g2.bx.psu.edu"
            },
            "tool_state": "{\"input_file\": null, \"input_type\": \"sanger\", \"options_type\": {\"options_type_selector\": \"basic\", \"__current_case__\": 0}, \"__page__\": null, \"__rerun_remap_job_id__\": null}",
            "tool_version": "1.0.4",
            "type": "tool",
            "uuid": "None",
            "when": null,
            "workflow_outputs": []
        },
        "3": {
            "annotation": "",
            "content_id": "fastq_groomer",
            "errors": null,
            "id": 3,
            "input_connections": {
                "input_file": {
                    "id": 1,
                    "output_name": "output"
                }
            },
            "inputs": [],
            "label": null,
            "name": "FASTQ Groomer",
            "outputs": [
                {
                    "name": "output_file",
                    "type": "fastqsanger"
                }
            ],
            "position": {
                "left": 585,
                "top": 387.16668701171875
            },
            "post_job_actions": {},
            "tool_id": "fastq_groomer",
            "tool_shed_repository": {
                "changeset_revision": "1298445c852b",
                "name": "fastq_groomer",
                "owner": "devteam",
                "tool_shed": "toolshed.g2.bx.psu.edu"
            },
            "tool_state": "{\"chromInfo\": \"/galaxy/home/g2main/galaxy_main/tool-data/shared/ucsc/chrom/hg19Patch2.len\", \"input_file\": null, \"input_type\": \"sanger\", \"options_type\": {\"options_type_selector\": \"basic\", \"__current_case__\": 0}, \"__page__\": null, \"__rerun_remap_job_id__\": null}",
            "tool_version": "1.0.4",
            "type": "tool",
            "uuid": "None",
            "when": null,
            "workflow_outputs": []
        },
        "4": {
            "annotation": "",
            "content_id": "tophat",
            "errors": null,
            "id": 4,
            "input_connections": {
                "input1": {
                    "id": 2,
                    "output_name": "output_file"
                },
                "singlePaired|input2": {
                    "id": 3,
                    "output_name": "output_file"
                }
            },
            "inputs": [],
            "label": null,
            "name": "TopHat for Illumina",
            "outputs": [
                {
                    "name": "insertions",
                    "type": "bed"
                },
                {
                    "name": "deletions",
                    "type": "bed"
                },
                {
                    "name": "junctions",
                    "type": "bed"
                },
                {
                    "name": "accepted_hits",
                    "type": "bam"
                }
            ],
            "position": {
                "left": 951,
                "top": 288.16668701171875
            },
            "post_job_actions": {},
            "tool_id": "tophat",
            "tool_shed_repository": {
                "changeset_revision": "2ad64c5bb5f4",
                "name": "tophat",
                "owner": "devteam",
                "tool_shed": "toolshed.g2.bx.psu.edu"
            },
            "tool_state": "{\"chromInfo\": \"/galaxy/home/g2main/galaxy_main/tool-data/shared/ucsc/chrom/hg19Patch2.len\", \"input1\": null, \"refGenomeSource\": {\"genomeSource\": \"indexed\", \"__current_case__\": 0, \"index\": \"/galaxy/data/hg19/bowtie_index/hg19\"}, \"singlePaired\": {\"sPaired\": \"paired\", \"__current_case__\": 1, \"input2\": null, \"mate_inner_distance\": \"20\", \"pParams\": {\"pSettingsType\": \"preSet\", \"__current_case__\": 0}}, \"__page__\": null, \"__rerun_remap_job_id__\": null}",
            "tool_version": "1.5.0",
            "type": "tool",
            "uuid": "None",
            "when": null,
            "workflow_outputs": []
        },
        "5": {
            "annotation": "",
            "content_id": "bowtie_wrapper",
            "errors": null,
            "id": 5,
            "input_connections": {
                "singlePaired|pInput1": {
                    "id": 2,
                    "output_name": "output_file"
                },
                "singlePaired|pInput2": {
                    "id": 3,
                    "output_name": "output_file"
                }
            },
            "inputs": [],
            "label": null,
            "name": "Map with Bowtie for Illumina",
            "outputs": [
                {
                    "name": "output",
                    "type": "sam"
                }
            ],
            "position": {
                "left": 942,
                "top": 696.1666870117188
            },
            "post_job_actions": {
                "RenameDatasetActionoutput": {
                    "action_arguments": {
                        "newname": "Bowtie align"
                    },
                    "action_type": "RenameDatasetAction",
                    "output_name": "output"
                }
            },
            "tool_id": "bowtie_wrapper",
            "tool_shed_repository": {
                "changeset_revision": "42c4463baaad",
                "name": "bowtie_wrappers",
                "owner": "devteam",
                "tool_shed": "toolshed.g2.bx.psu.edu"
            },
            "tool_state": "{\"chromInfo\": \"/galaxy/home/g2main/galaxy_main/tool-data/shared/ucsc/chrom/hg19Patch2.len\", \"refGenomeSource\": {\"genomeSource\": \"indexed\", \"__current_case__\": 0, \"index\": \"/galaxy/data/hg19/bowtie_index/hg19\"}, \"singlePaired\": {\"sPaired\": \"paired\", \"__current_case__\": 1, \"pInput1\": null, \"pInput2\": null, \"pMaxInsert\": \"1000\", \"pMateOrient\": \"fr\", \"pParams\": {\"pSettingsType\": \"preSet\", \"__current_case__\": 0}}, \"suppressHeader\": false, \"__page__\": null, \"__rerun_remap_job_id__\": null}",
            "tool_version": "1.1.2",
            "type": "tool",
            "uuid": "None",
            "when": null,
            "workflow_outputs": []
        },
        "6": {
            "annotation": "",
            "content_id": "bwa_wrapper",
            "errors": null,
            "id": 6,
            "input_connections": {
                "paired|input1": {
                    "id": 2,
                    "output_name": "output_file"
                },
                "paired|input2": {
                    "id": 3,
                    "output_name": "output_file"
                }
            },
            "inputs": [],
            "label": null,
            "name": "Map with BWA for Illumina",
            "outputs": [
                {
                    "name": "output",
                    "type": "sam"
                }
            ],
            "position": {
                "left": 987,
                "top": 956.1666259765625
            },
            "post_job_actions": {
                "RenameDatasetActionoutput": {
                    "action_arguments": {
                        "newname": "BWA align"
                    },
                    "action_type": "RenameDatasetAction",
                    "output_name": "output"
                }
            },
            "tool_id": "bwa_wrapper",
            "tool_shed_repository": {
                "changeset_revision": "b4427dbb6ced",
                "name": "bwa_wrappers",
                "owner": "devteam",
                "tool_shed": "toolshed.g2.bx.psu.edu"
            },
            "tool_state": "{\"chromInfo\": \"/galaxy/home/g2main/galaxy_main/tool-data/shared/ucsc/chrom/hg19Patch2.len\", \"genomeSource\": {\"refGenomeSource\": \"indexed\", \"__current_case__\": 0, \"indices\": \"/galaxy/data/hg19/bwa_index/hg19.fa\"}, \"paired\": {\"sPaired\": \"paired\", \"__current_case__\": 1, \"input1\": null, \"input2\": null}, \"params\": {\"source_select\": \"pre_set\", \"__current_case__\": 0}, \"suppressHeader\": false, \"__page__\": null, \"__rerun_remap_job_id__\": null}",
            "tool_version": "1.2.2",
            "type": "tool",
            "uuid": "None",
            "when": null,
            "workflow_outputs": []
        },
        "7": {
            "annotation": "",
            "content_id": "samtools_flagstat",
            "errors": null,
            "id": 7,
            "input_connections": {
                "input1": {
                    "id": 4,
                    "output_name": "accepted_hits"
                }
            },
            "inputs": [],
            "label": null,
            "name": "flagstat",
            "outputs": [
                {
                    "name": "output1",
                    "type": "txt"
                }
            ],
            "position": {
                "left": 1201,
                "top": 342.16668701171875
            },
            "post_job_actions": {},
            "tool_id": "samtools_flagstat",
            "tool_shed_repository": {
                "changeset_revision": "13c4ad597626",
                "name": "samtools_flagstat",
                "owner": "devteam",
                "tool_shed": "toolshed.g2.bx.psu.edu"
            },
            "tool_state": "{\"chromInfo\": \"/galaxy/home/g2main/galaxy_main/tool-data/shared/ucsc/chrom/hg19.len\", \"input1\": null, \"__page__\": null, \"__rerun_remap_job_id__\": null}",
            "tool_version": "1.0.0",
            "type": "tool",
            "uuid": "None",
            "when": null,
            "workflow_outputs": []
        },
        "8": {
            "annotation": "",
            "content_id": "cufflinks",
            "errors": null,
            "id": 8,
            "input_connections": {
                "input": {
                    "id": 4,
                    "output_name": "accepted_hits"
                }
            },
            "inputs": [],
            "label": null,
            "name": "Cufflinks",
            "outputs": [
                {
                    "name": "genes_expression",
                    "type": "tabular"
                },
                {
                    "name": "transcripts_expression",
                    "type": "tabular"
                },
                {
                    "name": "assembled_isoforms",
                    "type": "gtf"
                },
                {
                    "name": "total_map_mass",
                    "type": "txt"
                },
                {
                    "name": "skipped",
                    "type": "gtf"
                }
            ],
            "position": {
                "left": 1175,
                "top": 457.16668701171875
            },
            "post_job_actions": {},
            "tool_id": "cufflinks",
            "tool_shed_repository": {
                "changeset_revision": "d080005cffe1",
                "name": "cufflinks",
                "owner": "devteam",
                "tool_shed": "toolshed.g2.bx.psu.edu"
            },
            "tool_state": "{\"bias_correction\": {\"do_bias_correction\": \"No\", \"__current_case__\": 1}, \"chromInfo\": \"/galaxy/home/g2main/galaxy_main/tool-data/shared/ucsc/chrom/hg19.len\", \"do_normalization\": \"No\", \"global_model\": null, \"input\": null, \"max_intron_len\": \"300000\", \"min_isoform_fraction\": \"0.1\", \"pre_mrna_fraction\": \"0.15\", \"reference_annotation\": {\"use_ref\": \"No\", \"__current_case__\": 0}, \"singlePaired\": {\"sPaired\": \"No\", \"__current_case__\": 0}, \"__page__\": null, \"__rerun_remap_job_id__\": null}",
            "tool_version": "0.0.5",
            "type": "tool",
            "uuid": "None",
            "when": null,
            "workflow_outputs": []
        },
        "9": {
            "annotation": "",
            "content_id": "samtools_flagstat",
            "errors": null,
            "id": 9,
            "input_connections": {
                "input1": {
                    "id": 5,
                    "output_name": "output"
                }
            },
            "inputs": [],
            "label": null,
            "name": "flagstat",
            "outputs": [
                {
                    "name": "output1",
                    "type": "txt"
                }
            ],
            "position": {
                "left": 1277.3333740234375,
                "top": 753
            },
            "post_job_actions": {},
            "tool_id": "samtools_flagstat",
            "tool_shed_repository": {
                "changeset_revision": "13c4ad597626",
                "name": "samtools_flagstat",
                "owner": "devteam",
                "tool_shed": "toolshed.g2.bx.psu.edu"
            },
            "tool_state": "{\"input1\": null, \"__page__\": null, \"__rerun_remap_job_id__\": null}",
            "tool_version": "1.0.0",
            "type": "tool",
            "uuid": "None",
            "when": null,
            "workflow_outputs": []
        },
        "10": {
            "annotation": "",
            "content_id": "samtools_flagstat",
            "errors": null,
            "id": 10,
            "input_connections": {
                "input1": {
                    "id": 6,
                    "output_name": "output"
                }
            },
            "inputs": [],
            "label": null,
            "name": "flagstat",
            "outputs": [
                {
                    "name": "output1",
                    "type": "txt"
                }
            ],
            "position": {
                "left": 1280.3333740234375,
                "top": 1013
            },
            "post_job_actions": {},
            "tool_id": "samtools_flagstat",
            "tool_shed_repository": {
                "changeset_revision": "13c4ad597626",
                "name": "samtools_flagstat",
                "owner": "devteam",
                "tool_shed": "toolshed.g2.bx.psu.edu"
            },
            "tool_state": "{\"input1\": null, \"__page__\": null, \"__rerun_remap_job_id__\": null}",
            "tool_version": "1.0.0",
            "type": "tool",
            "uuid": "None",
            "when": null,
            "workflow_outputs": []
        }
    },
    "tags": [],
    "version": -1
}